listener_id,age,country,platform,subscription,top_genre,top_artist,daily_listening_minutes,songs_per_day,playlists_count,skip_rate_pct,discover_weekly_user,top_mood,uses_offline_mode,podcasts_too
1,24,Australia,Apple Music,Free,R&B,Kendrick Lamar,191,54,9,39.3,FALSE,Sleep,FALSE,TRUE
2,21,Germany,Spotify,Free,Classical,Drake,249,68,10,18.3,TRUE,Workout,TRUE,TRUE
3,32,Japan,Amazon Music,Free,Hip-Hop,Olivia Rodrigo,49,11,11,22.7,TRUE,Sad,FALSE,TRUE
4,39,Japan,Apple Music,Free,Pop,Burna Boy,96,22,8,29.4,TRUE,Sad,TRUE,FALSE
5,23,India,Spotify,Family,Country,Olivia Rodrigo,100,24,13,37.7,TRUE,Workout,TRUE,TRUE
6,41,Australia,Tidal,Free,Rock,Olivia Rodrigo,64,19,10,12,TRUE,Energetic,FALSE,TRUE
7,13,Australia,Spotify,Free,EDM,Burna Boy,193,53,7,20.3,TRUE,Sleep,FALSE,FALSE
8,22,India,SoundCloud,Premium,Hip-Hop,Bad Bunny,142,44,7,33.3,FALSE,Workout,FALSE,FALSE
9,40,Australia,Spotify,Free,Hip-Hop,Bad Bunny,120,38,7,15.4,TRUE,Happy,FALSE,TRUE
10,27,Nigeria,Spotify,Student,Hip-Hop,Burna Boy,127,33,8,48.7,TRUE,Happy,FALSE,TRUE
11,31,Germany,Apple Music,Free,Rock,SZA,255,73,9,42.2,FALSE,Workout,FALSE,FALSE
12,30,Canada,SoundCloud,Student,R&B,Taylor Swift,481,135,11,35.8,FALSE,Workout,TRUE,TRUE
13,50,Japan,Apple Music,Free,Jazz,Burna Boy,330,97,5,21.7,TRUE,Sleep,FALSE,TRUE
14,24,Japan,YouTube Music,Free,Jazz,Bad Bunny,107,36,12,24.9,TRUE,Party,TRUE,TRUE
15,13,USA,Apple Music,Free,Pop,Olivia Rodrigo,54,15,14,10,FALSE,Energetic,FALSE,TRUE
16,13,India,YouTube Music,Premium,Pop,Travis Scott,75,18,8,37.9,TRUE,Sad,TRUE,FALSE
17,28,Australia,Tidal,Free,R&B,Taylor Swift,288,81,9,25.5,FALSE,Chill,FALSE,FALSE
18,37,Canada,Spotify,Free,Lo-fi,Burna Boy,39,9,4,31.8,TRUE,Party,TRUE,TRUE
19,20,USA,Spotify,Family,EDM,Travis Scott,58,11,10,42.9,TRUE,Happy,FALSE,TRUE
20,32,UK,YouTube Music,Free,Hip-Hop,Billie Eilish,121,33,12,16.4,FALSE,Chill,FALSE,FALSE
21,21,Brazil,Amazon Music,Free,Pop,Travis Scott,222,59,6,7.3,TRUE,Chill,TRUE,TRUE
22,15,Canada,Apple Music,Free,K-Pop,The Weeknd,140,44,7,34.3,TRUE,Chill,FALSE,FALSE
23,23,Australia,Amazon Music,Student,Afrobeats,Billie Eilish,171,58,7,25,FALSE,Chill,FALSE,FALSE
24,26,Canada,Spotify,Free,Pop,BTS,212,62,5,21.4,TRUE,Sleep,FALSE,TRUE
25,38,Australia,Tidal,Free,R&B,Olivia Rodrigo,41,13,6,21.9,FALSE,Chill,TRUE,TRUE
26,34,UK,YouTube Music,Premium,Jazz,Bad Bunny,50,13,8,41,TRUE,Sleep,FALSE,FALSE
27,25,Germany,Apple Music,Premium,EDM,BTS,49,17,16,44.8,TRUE,Chill,FALSE,TRUE
28,27,India,Spotify,Free,Afrobeats,Billie Eilish,45,9,14,36.9,TRUE,Chill,TRUE,FALSE
29,27,USA,YouTube Music,Free,R&B,Bad Bunny,107,31,10,15.7,TRUE,Energetic,FALSE,TRUE
30,13,Canada,Amazon Music,Free,Hip-Hop,The Weeknd,40,9,10,13.2,TRUE,Happy,TRUE,TRUE
31,13,Brazil,Spotify,Free,Pop,Olivia Rodrigo,25,4,6,38.8,FALSE,Focus,FALSE,TRUE
32,24,Australia,Spotify,Family,Hip-Hop,Billie Eilish,134,39,11,7,TRUE,Sleep,FALSE,FALSE
33,21,UK,YouTube Music,Premium,Hip-Hop,The Weeknd,225,75,8,16.4,FALSE,Focus,FALSE,TRUE
34,40,USA,Spotify,Premium,Country,Dua Lipa,214,61,7,29.7,FALSE,Sad,FALSE,TRUE
35,20,UK,Apple Music,Premium,Indie,Billie Eilish,270,78,3,12.4,TRUE,Workout,FALSE,FALSE
36,16,France,Spotify,Free,Country,Kendrick Lamar,170,44,11,33.3,TRUE,Sleep,FALSE,TRUE
37,37,Canada,Spotify,Premium,Rock,The Weeknd,233,63,15,38.8,TRUE,Happy,FALSE,FALSE
38,13,Japan,Apple Music,Family,Jazz,SZA,129,43,8,40.9,TRUE,Sad,FALSE,FALSE
39,40,India,Spotify,Premium,Hip-Hop,The Weeknd,112,38,10,13.6,FALSE,Focus,FALSE,TRUE
40,17,Canada,Amazon Music,Student,Classical,Burna Boy,155,32,11,10.9,FALSE,Sleep,FALSE,TRUE
41,24,India,Spotify,Family,Country,The Weeknd,256,75,8,54.3,FALSE,Sad,FALSE,TRUE
42,27,Brazil,Apple Music,Family,Afrobeats,The Weeknd,88,28,6,26.2,TRUE,Workout,FALSE,FALSE
43,23,Canada,Spotify,Premium,EDM,Burna Boy,154,41,12,37.7,TRUE,Sleep,FALSE,TRUE
44,30,Japan,Spotify,Family,Hip-Hop,Tyler the Creator,17,1,9,39.2,TRUE,Workout,TRUE,FALSE
45,22,Brazil,Spotify,Premium,R&B,Dua Lipa,100,24,4,36.6,FALSE,Focus,TRUE,TRUE
46,37,India,YouTube Music,Premium,Classical,Drake,80,19,8,0,TRUE,Sad,TRUE,TRUE
47,28,France,Apple Music,Family,Pop,Dua Lipa,282,84,10,23.2,TRUE,Happy,TRUE,FALSE
48,35,Germany,Apple Music,Premium,Classical,Bad Bunny,123,49,9,32.2,TRUE,Sad,FALSE,FALSE
49,23,France,YouTube Music,Premium,Rock,The Weeknd,141,36,4,44.4,TRUE,Party,FALSE,TRUE
50,26,Nigeria,Spotify,Family,Hip-Hop,Olivia Rodrigo,182,48,7,5.4,FALSE,Chill,TRUE,FALSE
51,32,Australia,Spotify,Student,Country,Olivia Rodrigo,77,21,8,23.9,FALSE,Focus,TRUE,TRUE
52,27,India,Spotify,Free,Pop,Dua Lipa,99,31,11,43.2,TRUE,Happy,FALSE,TRUE
53,14,Australia,Spotify,Free,Pop,Taylor Swift,156,35,6,19.9,TRUE,Focus,FALSE,TRUE
54,42,India,Spotify,Free,EDM,Drake,60,22,9,15.6,TRUE,Chill,FALSE,FALSE
55,31,Germany,Apple Music,Student,EDM,Kendrick Lamar,89,30,15,40.8,FALSE,Workout,FALSE,TRUE
56,43,France,Apple Music,Student,Pop,Kendrick Lamar,267,72,8,32.5,FALSE,Sleep,FALSE,TRUE
57,22,Canada,Apple Music,Premium,Pop,Bad Bunny,145,35,3,27.2,FALSE,Focus,TRUE,TRUE
58,13,India,Spotify,Premium,K-Pop,Billie Eilish,118,44,9,39.1,FALSE,Party,FALSE,TRUE
59,35,Canada,YouTube Music,Student,EDM,Burna Boy,63,23,6,40,TRUE,Chill,FALSE,FALSE
60,44,Japan,Apple Music,Free,Hip-Hop,Olivia Rodrigo,151,42,6,20.2,FALSE,Energetic,FALSE,FALSE
61,17,USA,SoundCloud,Free,Afrobeats,BTS,208,65,12,34.1,TRUE,Happy,TRUE,FALSE
62,21,Nigeria,Apple Music,Free,Lo-fi,Billie Eilish,62,13,13,32.6,FALSE,Party,TRUE,FALSE
63,34,Canada,Spotify,Student,Afrobeats,Burna Boy,53,22,10,15.3,TRUE,Energetic,TRUE,FALSE
64,29,Canada,Spotify,Free,Country,The Weeknd,91,23,13,27.7,TRUE,Focus,FALSE,TRUE
65,25,Nigeria,Spotify,Premium,Jazz,Travis Scott,217,66,9,21.3,TRUE,Energetic,TRUE,TRUE
66,30,USA,YouTube Music,Premium,Hip-Hop,Ariana Grande,131,35,10,23.1,TRUE,Chill,FALSE,FALSE
67,26,India,Spotify,Student,Pop,Ariana Grande,115,28,10,4.9,FALSE,Happy,FALSE,FALSE
68,39,Canada,Amazon Music,Premium,Hip-Hop,Burna Boy,254,77,15,19.5,TRUE,Chill,TRUE,FALSE
69,22,Australia,Spotify,Free,Rock,Dua Lipa,245,64,8,43.2,FALSE,Workout,FALSE,TRUE
70,34,Brazil,SoundCloud,Free,EDM,Ariana Grande,79,23,9,21.1,TRUE,Happy,FALSE,FALSE
71,14,USA,Spotify,Student,Jazz,Taylor Swift,240,75,6,33.3,TRUE,Happy,FALSE,FALSE
72,24,USA,YouTube Music,Free,Pop,Bad Bunny,73,24,12,35.4,FALSE,Sad,TRUE,FALSE
73,15,Nigeria,Apple Music,Free,Pop,Tyler the Creator,190,47,12,43.8,TRUE,Chill,TRUE,FALSE
74,35,Germany,YouTube Music,Free,Rock,Kendrick Lamar,36,15,9,35.9,TRUE,Sad,FALSE,TRUE
75,33,Japan,Spotify,Premium,Pop,Taylor Swift,106,34,9,24.4,FALSE,Party,TRUE,FALSE
76,39,Canada,SoundCloud,Free,Hip-Hop,The Weeknd,73,15,9,13.8,TRUE,Energetic,FALSE,TRUE
77,43,UK,YouTube Music,Family,EDM,BTS,55,10,7,32.1,TRUE,Happy,FALSE,FALSE
78,22,Japan,YouTube Music,Student,EDM,Travis Scott,76,23,14,21.7,FALSE,Party,TRUE,FALSE
79,23,Brazil,Apple Music,Premium,R&B,Bad Bunny,226,61,10,39.6,TRUE,Sleep,TRUE,TRUE
80,13,France,SoundCloud,Free,Indie,Travis Scott,72,12,7,12.1,FALSE,Sad,FALSE,TRUE
81,27,France,Spotify,Free,Rock,Olivia Rodrigo,98,23,6,22,TRUE,Sad,TRUE,TRUE
82,35,India,Spotify,Premium,Rock,Travis Scott,130,36,10,42.8,FALSE,Party,FALSE,TRUE
83,20,Australia,Spotify,Premium,Afrobeats,Burna Boy,98,32,14,29.5,FALSE,Party,FALSE,TRUE
84,20,Germany,Apple Music,Free,Rock,Travis Scott,103,30,3,23.4,TRUE,Party,TRUE,TRUE
85,20,Nigeria,Spotify,Premium,Indie,SZA,132,27,8,28.1,FALSE,Party,TRUE,FALSE
86,26,Germany,SoundCloud,Free,Classical,Kendrick Lamar,16,3,5,20.9,FALSE,Chill,TRUE,FALSE
87,39,UK,Spotify,Free,Pop,SZA,103,30,9,13.2,TRUE,Happy,FALSE,TRUE
88,35,Canada,Amazon Music,Family,Rock,Taylor Swift,181,57,10,7.3,TRUE,Chill,FALSE,FALSE
89,41,Japan,YouTube Music,Family,Indie,Drake,133,35,5,26.1,TRUE,Focus,FALSE,FALSE
90,16,France,Tidal,Free,Jazz,Taylor Swift,57,18,11,30.9,TRUE,Chill,FALSE,FALSE
91,21,UK,Spotify,Premium,Pop,Bad Bunny,109,33,10,31.5,FALSE,Sleep,FALSE,TRUE
92,31,Australia,YouTube Music,Premium,Jazz,Dua Lipa,55,12,9,47.5,FALSE,Party,TRUE,TRUE
93,20,Germany,Spotify,Free,Country,Tyler the Creator,374,104,12,24.9,FALSE,Sleep,TRUE,TRUE
94,28,Japan,Spotify,Student,Pop,BTS,265,79,11,30.3,TRUE,Energetic,TRUE,FALSE
95,32,Germany,Amazon Music,Free,Rock,BTS,60,12,4,1.6,TRUE,Sleep,TRUE,FALSE
96,33,India,Spotify,Premium,Lo-fi,Ariana Grande,37,7,7,21.1,FALSE,Sad,TRUE,TRUE
97,27,Nigeria,Spotify,Premium,R&B,Bad Bunny,74,27,12,23.8,FALSE,Party,FALSE,TRUE
98,19,USA,Spotify,Free,Indie,Kendrick Lamar,144,42,12,39.5,TRUE,Workout,FALSE,TRUE
99,18,Brazil,Spotify,Family,Hip-Hop,Dua Lipa,6,3,5,31.3,TRUE,Energetic,FALSE,FALSE
100,21,Brazil,Apple Music,Free,Afrobeats,Olivia Rodrigo,109,20,10,28.1,FALSE,Party,TRUE,FALSE
101,40,India,Spotify,Free,Rock,Ariana Grande,108,33,10,19.7,FALSE,Happy,FALSE,FALSE
102,41,France,Spotify,Premium,EDM,Tyler the Creator,176,46,4,24,FALSE,Sleep,FALSE,FALSE
103,41,Canada,Apple Music,Premium,EDM,Dua Lipa,228,60,15,24.7,FALSE,Party,FALSE,FALSE
104,25,Canada,Spotify,Student,Rock,Tyler the Creator,70,22,7,31.1,FALSE,Sad,TRUE,TRUE
105,13,USA,YouTube Music,Family,Classical,Ariana Grande,164,46,7,42.2,FALSE,Focus,TRUE,FALSE
106,25,Brazil,YouTube Music,Free,Indie,Tyler the Creator,142,40,6,13.8,FALSE,Energetic,FALSE,TRUE
107,23,Nigeria,Spotify,Premium,Rock,Billie Eilish,146,38,4,32.1,FALSE,Energetic,FALSE,TRUE
108,37,Brazil,YouTube Music,Free,Rock,The Weeknd,323,101,10,34.9,TRUE,Sleep,FALSE,FALSE
109,40,France,Amazon Music,Premium,Classical,Dua Lipa,28,11,8,23.4,TRUE,Sad,FALSE,FALSE
110,14,Germany,Apple Music,Family,Classical,Bad Bunny,149,42,10,21,FALSE,Workout,TRUE,FALSE
111,25,Canada,Apple Music,Premium,K-Pop,Bad Bunny,277,90,10,32.2,FALSE,Sleep,FALSE,TRUE
112,42,Canada,Spotify,Free,Pop,Olivia Rodrigo,180,50,11,24.9,TRUE,Energetic,TRUE,FALSE
113,22,Canada,Spotify,Free,Rock,Bad Bunny,106,36,14,48.9,TRUE,Energetic,FALSE,FALSE
114,29,USA,YouTube Music,Family,Indie,Burna Boy,64,19,10,7.6,FALSE,Chill,FALSE,TRUE
115,36,Canada,Spotify,Student,Jazz,Kendrick Lamar,69,21,5,23.7,FALSE,Party,TRUE,FALSE
116,35,Brazil,Spotify,Free,Pop,Burna Boy,105,29,4,25,FALSE,Workout,TRUE,TRUE
117,32,Canada,SoundCloud,Free,Afrobeats,Burna Boy,204,57,12,31.5,FALSE,Chill,TRUE,TRUE
118,24,Japan,Apple Music,Family,R&B,Tyler the Creator,39,11,18,47.6,TRUE,Happy,TRUE,FALSE
119,34,Nigeria,YouTube Music,Free,K-Pop,Tyler the Creator,257,69,9,37.6,FALSE,Party,FALSE,FALSE
120,17,UK,Spotify,Free,K-Pop,SZA,85,22,6,26.6,TRUE,Workout,FALSE,TRUE
121,43,UK,Spotify,Free,Lo-fi,Tyler the Creator,73,24,13,25.4,TRUE,Party,FALSE,FALSE
122,33,Nigeria,SoundCloud,Free,Classical,Travis Scott,105,34,10,25.9,FALSE,Energetic,TRUE,TRUE
123,25,USA,YouTube Music,Student,Hip-Hop,BTS,246,74,5,37.7,FALSE,Chill,FALSE,FALSE
124,27,France,SoundCloud,Premium,Pop,SZA,28,8,8,6.8,FALSE,Happy,FALSE,FALSE
125,15,India,Apple Music,Free,R&B,Taylor Swift,162,51,10,33.4,TRUE,Sleep,FALSE,TRUE
126,30,France,Tidal,Student,Pop,Tyler the Creator,92,25,10,33.6,TRUE,Focus,FALSE,TRUE
127,26,India,Apple Music,Premium,Afrobeats,The Weeknd,302,92,8,38.9,TRUE,Sad,TRUE,FALSE
128,39,UK,Tidal,Free,Hip-Hop,Bad Bunny,25,1,9,27.6,FALSE,Sad,TRUE,FALSE
129,30,Japan,Apple Music,Premium,EDM,Dua Lipa,174,50,7,0,FALSE,Energetic,FALSE,TRUE
130,26,Canada,YouTube Music,Student,EDM,Billie Eilish,60,8,13,38.9,FALSE,Happy,FALSE,TRUE
131,39,Japan,Amazon Music,Family,Rock,Olivia Rodrigo,122,39,2,18.4,FALSE,Energetic,FALSE,FALSE
132,28,USA,Spotify,Free,Hip-Hop,Ariana Grande,146,39,9,25.9,TRUE,Sad,FALSE,FALSE
133,29,Canada,Spotify,Free,Rock,Taylor Swift,113,43,9,44.5,TRUE,Party,FALSE,FALSE
134,25,UK,Tidal,Free,Pop,Burna Boy,84,27,10,16.2,FALSE,Happy,FALSE,FALSE
135,23,Nigeria,YouTube Music,Free,Pop,Bad Bunny,209,62,12,21,TRUE,Sleep,TRUE,FALSE
136,24,Australia,Spotify,Free,Rock,SZA,277,66,11,15.7,TRUE,Happy,TRUE,TRUE
137,29,Australia,YouTube Music,Premium,Indie,Bad Bunny,50,13,7,30.2,FALSE,Workout,FALSE,FALSE
138,48,India,Amazon Music,Student,Indie,Kendrick Lamar,173,52,9,27,TRUE,Workout,TRUE,FALSE
139,24,Japan,YouTube Music,Family,Hip-Hop,Tyler the Creator,355,100,11,33,FALSE,Energetic,FALSE,TRUE
140,23,Australia,Spotify,Student,Indie,Olivia Rodrigo,194,54,13,61.9,FALSE,Focus,FALSE,TRUE
141,26,Japan,YouTube Music,Family,Jazz,Tyler the Creator,39,8,12,16.8,FALSE,Sad,FALSE,TRUE
142,34,USA,Spotify,Free,EDM,Burna Boy,96,26,12,32.2,TRUE,Sleep,FALSE,FALSE
143,23,Nigeria,Spotify,Free,Classical,Bad Bunny,56,13,9,36.4,TRUE,Sleep,FALSE,TRUE
144,32,Brazil,Spotify,Free,K-Pop,Kendrick Lamar,141,50,10,33.4,TRUE,Energetic,FALSE,FALSE
145,26,Japan,Spotify,Free,Pop,Travis Scott,73,26,9,31.9,TRUE,Sleep,FALSE,FALSE
146,24,UK,Amazon Music,Premium,Lo-fi,Bad Bunny,535,159,7,31.2,FALSE,Sleep,TRUE,TRUE
147,28,Canada,Spotify,Family,Indie,Bad Bunny,52,4,10,41,TRUE,Energetic,FALSE,TRUE
148,22,Japan,YouTube Music,Student,Pop,SZA,20,7,17,19.3,TRUE,Party,FALSE,TRUE
149,28,Brazil,SoundCloud,Free,K-Pop,Taylor Swift,76,11,11,23.6,TRUE,Sad,TRUE,TRUE
150,25,UK,Amazon Music,Free,Rock,Taylor Swift,172,57,7,36.2,FALSE,Sleep,TRUE,TRUE
151,31,Japan,Spotify,Family,Classical,SZA,124,38,9,27,FALSE,Sad,TRUE,FALSE
152,24,Germany,Spotify,Student,Hip-Hop,Burna Boy,75,28,9,28.9,TRUE,Focus,FALSE,TRUE
153,47,Nigeria,Apple Music,Premium,Hip-Hop,Burna Boy,248,65,7,34.1,TRUE,Workout,TRUE,FALSE
154,13,USA,Tidal,Family,Lo-fi,SZA,119,36,13,20.5,TRUE,Focus,FALSE,FALSE
155,36,UK,Spotify,Premium,Lo-fi,Drake,61,12,7,34.1,TRUE,Chill,TRUE,TRUE
156,22,Germany,Spotify,Family,Afrobeats,Bad Bunny,171,50,12,12,TRUE,Chill,TRUE,TRUE
157,28,Nigeria,Spotify,Free,EDM,BTS,105,26,6,43.6,TRUE,Workout,TRUE,TRUE
158,29,Germany,YouTube Music,Free,K-Pop,Kendrick Lamar,98,31,5,23.2,TRUE,Sad,FALSE,TRUE
159,32,Japan,Tidal,Premium,Hip-Hop,Taylor Swift,230,60,11,24.5,TRUE,Energetic,TRUE,FALSE
160,36,France,Spotify,Premium,Pop,The Weeknd,297,88,15,18.3,TRUE,Energetic,FALSE,FALSE
161,23,Japan,YouTube Music,Student,Lo-fi,Ariana Grande,169,47,9,27,TRUE,Chill,TRUE,TRUE
162,24,UK,Amazon Music,Free,Hip-Hop,Olivia Rodrigo,169,46,10,17.3,TRUE,Focus,FALSE,TRUE
163,20,Germany,YouTube Music,Family,Rock,Bad Bunny,319,90,9,55,TRUE,Sad,FALSE,FALSE
164,41,Brazil,Tidal,Family,Rock,The Weeknd,106,31,3,23.5,FALSE,Sad,FALSE,FALSE
165,18,Canada,Apple Music,Premium,Rock,Billie Eilish,84,20,7,41.7,FALSE,Focus,TRUE,FALSE
166,34,Germany,Amazon Music,Premium,Lo-fi,The Weeknd,74,30,10,39.2,FALSE,Energetic,FALSE,FALSE
167,19,UK,Spotify,Free,Pop,Burna Boy,192,61,8,41.2,TRUE,Happy,TRUE,FALSE
168,29,Germany,Spotify,Premium,EDM,Olivia Rodrigo,240,66,7,29.1,FALSE,Party,FALSE,FALSE
169,17,Brazil,Spotify,Free,Classical,Drake,117,27,9,8.5,TRUE,Sleep,TRUE,FALSE
170,17,France,Apple Music,Premium,Rock,The Weeknd,40,17,6,13.1,FALSE,Energetic,FALSE,TRUE
171,45,India,Spotify,Free,Afrobeats,BTS,160,41,8,41.9,TRUE,Workout,TRUE,TRUE
172,34,Australia,Spotify,Family,Hip-Hop,Drake,40,7,8,43.5,TRUE,Chill,FALSE,FALSE
173,24,Canada,SoundCloud,Premium,EDM,Bad Bunny,109,34,8,60.3,TRUE,Workout,FALSE,FALSE
174,37,India,Apple Music,Free,EDM,Dua Lipa,191,55,11,29.4,FALSE,Chill,FALSE,TRUE
175,40,Japan,YouTube Music,Premium,Hip-Hop,Ariana Grande,159,44,10,15.3,TRUE,Energetic,TRUE,TRUE
176,37,Canada,Tidal,Family,Pop,Tyler the Creator,42,11,6,26.5,TRUE,Happy,FALSE,FALSE
177,26,Australia,Spotify,Student,R&B,Dua Lipa,127,34,10,11.6,FALSE,Chill,TRUE,TRUE
178,22,Germany,Spotify,Premium,Pop,Bad Bunny,35,11,7,22.6,TRUE,Energetic,TRUE,TRUE
179,32,Canada,SoundCloud,Free,Hip-Hop,Ariana Grande,167,52,12,35.3,FALSE,Happy,FALSE,FALSE
180,20,Brazil,Apple Music,Free,Pop,Billie Eilish,72,20,6,15.2,TRUE,Happy,TRUE,FALSE
181,20,Japan,Tidal,Free,Jazz,Drake,263,75,5,19.8,TRUE,Happy,TRUE,TRUE
182,40,India,Apple Music,Free,R&B,Billie Eilish,116,42,9,44.4,FALSE,Sleep,TRUE,FALSE
183,13,Canada,Spotify,Student,Hip-Hop,Ariana Grande,139,42,10,31.8,TRUE,Party,FALSE,TRUE
184,43,Australia,YouTube Music,Free,Pop,Dua Lipa,200,61,12,37.2,FALSE,Energetic,FALSE,FALSE
185,25,Germany,Spotify,Free,Lo-fi,Drake,118,28,10,28.7,TRUE,Happy,TRUE,FALSE
186,39,France,Spotify,Family,Pop,Taylor Swift,209,69,9,27.4,FALSE,Happy,TRUE,TRUE
187,31,Japan,Spotify,Premium,Indie,Kendrick Lamar,281,78,9,23.2,TRUE,Sad,TRUE,FALSE
188,31,India,YouTube Music,Premium,Hip-Hop,Travis Scott,173,48,11,15.1,FALSE,Workout,FALSE,TRUE
189,33,France,Spotify,Free,Hip-Hop,Kendrick Lamar,422,118,18,29.3,TRUE,Party,TRUE,FALSE
190,25,Germany,Apple Music,Free,Rock,Taylor Swift,189,58,14,41,TRUE,Chill,TRUE,TRUE
191,30,USA,Spotify,Free,Pop,SZA,200,58,3,21.4,TRUE,Workout,FALSE,TRUE
192,20,France,SoundCloud,Premium,K-Pop,SZA,232,64,16,24.5,TRUE,Sad,FALSE,FALSE
193,38,Brazil,Spotify,Premium,Hip-Hop,Bad Bunny,107,39,7,45.7,TRUE,Happy,FALSE,TRUE
194,16,Brazil,Spotify,Family,Rock,Bad Bunny,128,40,5,4.8,TRUE,Energetic,TRUE,FALSE
195,40,India,SoundCloud,Premium,Rock,Dua Lipa,185,60,9,20.6,TRUE,Sad,FALSE,FALSE
196,23,Nigeria,SoundCloud,Premium,K-Pop,Burna Boy,255,77,7,18.8,FALSE,Workout,FALSE,FALSE
197,45,Germany,Spotify,Premium,R&B,Kendrick Lamar,169,46,8,26.6,TRUE,Focus,TRUE,FALSE
198,36,France,Apple Music,Family,Hip-Hop,Dua Lipa,133,44,9,14.7,TRUE,Energetic,TRUE,TRUE
199,25,USA,Spotify,Free,Country,The Weeknd,174,47,11,16.6,FALSE,Chill,FALSE,TRUE
200,22,India,YouTube Music,Premium,Country,Tyler the Creator,108,38,7,35.6,TRUE,Chill,FALSE,TRUE
201,18,Canada,Spotify,Premium,K-Pop,Travis Scott,62,23,12,38.4,FALSE,Happy,TRUE,FALSE
202,32,USA,Spotify,Free,K-Pop,Drake,20,7,8,42.3,TRUE,Sleep,FALSE,TRUE
203,43,Nigeria,Spotify,Student,Lo-fi,Burna Boy,151,40,7,11.5,TRUE,Workout,FALSE,TRUE
204,21,Japan,Amazon Music,Student,K-Pop,Taylor Swift,234,62,9,5.6,TRUE,Party,TRUE,FALSE
205,16,Brazil,Apple Music,Free,Lo-fi,Drake,110,31,8,29.3,TRUE,Chill,TRUE,FALSE
206,37,USA,Apple Music,Premium,Pop,Burna Boy,76,18,8,27.7,FALSE,Focus,FALSE,FALSE
207,32,Germany,Spotify,Family,Country,Taylor Swift,71,27,14,26.5,TRUE,Energetic,TRUE,FALSE
208,34,Nigeria,Apple Music,Free,Lo-fi,Kendrick Lamar,117,31,5,27.9,TRUE,Sleep,FALSE,TRUE
209,25,India,YouTube Music,Free,R&B,SZA,26,6,10,37.7,FALSE,Energetic,FALSE,TRUE
210,40,Canada,Spotify,Student,Lo-fi,Bad Bunny,109,31,5,0,TRUE,Party,TRUE,TRUE
211,13,Canada,Spotify,Free,Pop,Taylor Swift,148,45,4,30.6,TRUE,Chill,TRUE,TRUE
212,33,Brazil,YouTube Music,Student,Indie,Burna Boy,91,28,8,50.4,TRUE,Focus,FALSE,TRUE
213,31,USA,Apple Music,Premium,Hip-Hop,SZA,63,22,8,41.1,TRUE,Sleep,FALSE,FALSE
214,29,India,YouTube Music,Premium,Classical,Drake,78,20,13,34.7,TRUE,Sad,FALSE,TRUE
215,13,USA,Amazon Music,Premium,Indie,Bad Bunny,135,42,5,25.7,FALSE,Energetic,FALSE,TRUE
216,33,UK,SoundCloud,Family,R&B,Billie Eilish,113,31,6,25.5,TRUE,Chill,TRUE,TRUE
217,40,Australia,SoundCloud,Premium,R&B,Burna Boy,128,32,6,29.7,TRUE,Chill,TRUE,FALSE
218,25,France,Spotify,Free,Hip-Hop,Billie Eilish,115,28,9,29.8,TRUE,Sad,FALSE,TRUE
219,31,USA,Spotify,Premium,Pop,Billie Eilish,86,16,9,35,FALSE,Focus,FALSE,FALSE
220,29,Japan,Spotify,Student,Afrobeats,Drake,145,36,8,46.8,TRUE,Sleep,TRUE,FALSE
221,36,Japan,Spotify,Family,Lo-fi,BTS,43,14,7,43.3,FALSE,Sleep,TRUE,FALSE
222,25,France,Tidal,Family,Pop,SZA,60,20,10,33.7,TRUE,Chill,FALSE,FALSE
223,28,USA,Spotify,Free,Indie,Olivia Rodrigo,102,27,13,40.5,TRUE,Party,FALSE,FALSE
224,17,France,Spotify,Family,Country,The Weeknd,168,40,12,11.5,FALSE,Sleep,TRUE,TRUE
225,14,Japan,Spotify,Free,Hip-Hop,Travis Scott,49,16,6,20.8,TRUE,Sad,FALSE,FALSE
226,23,Canada,YouTube Music,Family,Hip-Hop,The Weeknd,122,22,17,33.5,FALSE,Sad,FALSE,FALSE
227,19,Germany,Apple Music,Free,K-Pop,Dua Lipa,83,22,11,13.1,TRUE,Chill,FALSE,TRUE
228,31,Australia,YouTube Music,Student,K-Pop,Drake,63,15,5,33,FALSE,Focus,TRUE,TRUE
229,15,Brazil,Amazon Music,Premium,Rock,Olivia Rodrigo,140,37,8,27.2,FALSE,Happy,TRUE,FALSE
230,38,UK,Spotify,Premium,EDM,Drake,131,40,9,10.1,FALSE,Workout,FALSE,TRUE
231,34,Germany,Apple Music,Family,K-Pop,Taylor Swift,103,29,4,14.5,FALSE,Sleep,FALSE,TRUE
232,44,Nigeria,Spotify,Family,Country,Kendrick Lamar,199,53,9,32.8,TRUE,Party,FALSE,FALSE
233,24,Brazil,Spotify,Student,Rock,Drake,233,68,7,39.7,TRUE,Chill,TRUE,TRUE
234,32,Canada,Apple Music,Student,Pop,SZA,166,42,8,26.1,TRUE,Happy,FALSE,TRUE
235,38,Canada,Spotify,Free,Afrobeats,Drake,69,17,13,27.9,FALSE,Workout,TRUE,TRUE
236,37,Canada,Spotify,Premium,EDM,Dua Lipa,307,90,9,23.4,TRUE,Sad,FALSE,FALSE
237,29,USA,YouTube Music,Premium,EDM,Kendrick Lamar,284,85,6,10.3,FALSE,Energetic,FALSE,TRUE
238,32,India,Tidal,Premium,K-Pop,Kendrick Lamar,46,16,12,32.2,FALSE,Happy,FALSE,TRUE
239,48,India,Tidal,Free,Afrobeats,Taylor Swift,122,35,8,28.6,FALSE,Workout,FALSE,TRUE
240,13,USA,Spotify,Premium,K-Pop,Olivia Rodrigo,200,65,10,44.2,FALSE,Energetic,TRUE,FALSE
241,37,France,Spotify,Free,Pop,Tyler the Creator,228,73,9,32.6,TRUE,Sleep,FALSE,FALSE
242,13,UK,Spotify,Free,Hip-Hop,BTS,102,31,8,33.9,TRUE,Happy,TRUE,FALSE
243,40,Japan,Spotify,Free,Pop,SZA,57,18,7,22.4,FALSE,Focus,TRUE,FALSE
244,44,USA,Spotify,Free,R&B,Olivia Rodrigo,250,76,6,23.5,TRUE,Chill,TRUE,TRUE
245,25,Canada,Tidal,Free,Pop,SZA,110,22,5,19.8,FALSE,Sleep,TRUE,FALSE
246,40,Nigeria,SoundCloud,Free,Afrobeats,Drake,113,26,16,28.2,TRUE,Happy,TRUE,TRUE
247,36,Brazil,YouTube Music,Free,R&B,Ariana Grande,125,45,5,42.8,FALSE,Sad,FALSE,TRUE
248,44,Nigeria,Tidal,Student,Classical,Travis Scott,153,46,11,44.2,TRUE,Chill,FALSE,FALSE
249,33,USA,YouTube Music,Premium,Indie,Taylor Swift,380,108,3,35.2,FALSE,Party,FALSE,TRUE
250,42,USA,Spotify,Free,Country,Bad Bunny,137,45,9,19.1,TRUE,Chill,FALSE,TRUE
251,33,India,Amazon Music,Free,Rock,Dua Lipa,185,58,9,54.5,FALSE,Focus,TRUE,FALSE
252,29,USA,YouTube Music,Premium,EDM,SZA,200,53,5,34.9,FALSE,Happy,TRUE,TRUE
253,35,UK,Apple Music,Family,R&B,Bad Bunny,62,14,10,20.7,TRUE,Energetic,TRUE,FALSE
254,22,USA,Spotify,Premium,Hip-Hop,SZA,309,93,6,29.7,FALSE,Chill,FALSE,TRUE
255,38,USA,Apple Music,Free,Rock,Kendrick Lamar,44,15,8,38.4,TRUE,Chill,FALSE,FALSE
256,20,Australia,Spotify,Free,Classical,Burna Boy,54,18,6,25.5,TRUE,Party,FALSE,TRUE
257,33,Australia,Spotify,Family,Rock,SZA,212,60,10,35.8,FALSE,Workout,FALSE,FALSE
258,16,Japan,Spotify,Family,Pop,Ariana Grande,97,20,18,13.5,TRUE,Energetic,FALSE,FALSE
259,14,Canada,Spotify,Premium,Country,Bad Bunny,89,18,3,32.5,TRUE,Chill,FALSE,FALSE
260,34,Australia,YouTube Music,Premium,Hip-Hop,The Weeknd,153,42,9,23.3,FALSE,Party,TRUE,TRUE
261,13,USA,Spotify,Family,Indie,The Weeknd,189,51,8,24.9,TRUE,Workout,FALSE,TRUE
262,29,Nigeria,Apple Music,Student,Pop,BTS,246,67,8,20.9,FALSE,Focus,FALSE,TRUE
263,13,Brazil,Spotify,Student,Pop,Billie Eilish,118,28,10,43.6,TRUE,Happy,FALSE,FALSE
264,37,Japan,YouTube Music,Free,Indie,Drake,29,7,5,7.3,FALSE,Workout,TRUE,TRUE
265,20,UK,YouTube Music,Premium,Lo-fi,Olivia Rodrigo,111,26,9,8.7,TRUE,Chill,FALSE,FALSE
266,31,India,Apple Music,Family,Country,Burna Boy,137,43,7,21.6,FALSE,Happy,TRUE,TRUE
267,31,Brazil,SoundCloud,Student,R&B,Drake,122,31,10,38.7,TRUE,Sleep,FALSE,TRUE
268,35,UK,Amazon Music,Free,Classical,Dua Lipa,18,1,6,27.4,TRUE,Chill,FALSE,FALSE
269,29,Nigeria,Apple Music,Free,Classical,Dua Lipa,90,37,9,37.6,FALSE,Workout,FALSE,TRUE
270,30,Australia,Spotify,Free,Pop,Travis Scott,55,19,5,19,FALSE,Focus,TRUE,FALSE
271,19,Germany,Spotify,Family,Afrobeats,Kendrick Lamar,128,30,3,30.4,TRUE,Chill,FALSE,TRUE
272,13,France,YouTube Music,Student,Rock,Bad Bunny,212,60,6,48.9,FALSE,Sad,FALSE,FALSE
273,45,USA,Apple Music,Premium,Rock,Travis Scott,282,80,11,17.4,TRUE,Chill,FALSE,TRUE
274,21,Australia,Apple Music,Premium,R&B,Travis Scott,56,15,10,31.6,TRUE,Party,TRUE,TRUE
275,28,Nigeria,Apple Music,Free,R&B,Travis Scott,171,40,13,38.6,TRUE,Workout,FALSE,TRUE
276,25,Australia,Amazon Music,Student,K-Pop,Dua Lipa,279,70,9,36.8,FALSE,Focus,FALSE,TRUE
277,44,Japan,Spotify,Free,Classical,Drake,51,8,3,48.6,TRUE,Sleep,TRUE,FALSE
278,32,Australia,Spotify,Free,R&B,Drake,162,42,14,19.1,FALSE,Sad,TRUE,FALSE
279,34,France,Amazon Music,Free,Jazz,Billie Eilish,202,59,5,26,TRUE,Party,TRUE,FALSE
280,20,USA,Spotify,Free,EDM,Kendrick Lamar,127,36,13,24.4,TRUE,Party,TRUE,FALSE
281,37,UK,Amazon Music,Family,Pop,Tyler the Creator,186,45,8,34.1,FALSE,Happy,FALSE,FALSE
282,38,Japan,Apple Music,Free,Rock,BTS,206,47,7,38.6,TRUE,Energetic,FALSE,TRUE
283,33,UK,YouTube Music,Free,Rock,Kendrick Lamar,118,20,4,22.5,TRUE,Workout,TRUE,FALSE
284,18,Nigeria,SoundCloud,Premium,Rock,Drake,60,11,13,30.7,FALSE,Workout,FALSE,TRUE
285,29,Brazil,SoundCloud,Free,Rock,Travis Scott,138,34,9,21.4,TRUE,Focus,FALSE,FALSE
286,34,Germany,YouTube Music,Student,Hip-Hop,Billie Eilish,134,44,8,35.1,TRUE,Sleep,TRUE,FALSE
287,32,UK,Spotify,Student,K-Pop,SZA,278,73,9,32.7,FALSE,Happy,TRUE,TRUE
288,27,Australia,Amazon Music,Free,Pop,BTS,155,49,10,28.9,FALSE,Energetic,FALSE,TRUE
289,18,Germany,Apple Music,Student,Rock,Olivia Rodrigo,135,36,13,62.4,FALSE,Party,FALSE,FALSE
290,30,UK,Apple Music,Premium,EDM,Olivia Rodrigo,156,40,10,34.1,TRUE,Sleep,FALSE,TRUE
291,16,USA,Spotify,Premium,Classical,Kendrick Lamar,326,90,15,16.8,TRUE,Focus,FALSE,FALSE
292,23,Nigeria,Apple Music,Free,Afrobeats,SZA,278,80,11,67.8,TRUE,Workout,TRUE,TRUE
293,17,India,Apple Music,Free,Pop,Olivia Rodrigo,115,27,6,18.7,FALSE,Sad,FALSE,TRUE
294,26,Australia,Spotify,Premium,EDM,The Weeknd,78,24,8,43.3,FALSE,Chill,FALSE,FALSE
295,25,Germany,Spotify,Free,Pop,Kendrick Lamar,157,48,10,39.5,TRUE,Happy,TRUE,TRUE
296,24,Japan,Spotify,Free,Pop,SZA,152,35,16,23.6,FALSE,Chill,TRUE,FALSE
297,15,USA,Apple Music,Free,EDM,Travis Scott,32,6,11,30.8,TRUE,Happy,FALSE,TRUE
298,41,Germany,SoundCloud,Student,Rock,SZA,36,2,6,18.7,FALSE,Happy,FALSE,TRUE
299,23,Nigeria,YouTube Music,Free,Rock,Tyler the Creator,155,46,12,18.8,TRUE,Chill,FALSE,TRUE
300,24,France,Tidal,Premium,Afrobeats,Tyler the Creator,70,11,10,24.4,TRUE,Focus,FALSE,FALSE
301,16,USA,Spotify,Family,K-Pop,Taylor Swift,138,40,9,19,FALSE,Party,TRUE,FALSE
302,18,France,SoundCloud,Premium,Lo-fi,Olivia Rodrigo,301,87,11,17,FALSE,Party,TRUE,TRUE
303,31,UK,Tidal,Family,K-Pop,Dua Lipa,151,35,13,41.5,FALSE,Sad,TRUE,TRUE
304,42,Nigeria,Tidal,Free,Rock,SZA,146,47,14,24.5,TRUE,Energetic,FALSE,FALSE
305,31,Japan,Spotify,Family,EDM,Drake,93,30,5,42.3,TRUE,Chill,TRUE,TRUE
306,28,India,Spotify,Premium,Hip-Hop,Dua Lipa,102,22,11,7.6,FALSE,Sleep,TRUE,FALSE
307,34,Nigeria,Amazon Music,Free,Hip-Hop,Dua Lipa,43,17,10,30.9,TRUE,Sad,TRUE,FALSE
308,25,Brazil,YouTube Music,Family,Indie,The Weeknd,220,61,10,24.8,TRUE,Party,TRUE,FALSE
309,26,Brazil,Tidal,Premium,K-Pop,Ariana Grande,159,43,10,36.5,FALSE,Party,FALSE,FALSE
310,34,USA,Tidal,Free,Lo-fi,Tyler the Creator,9,1,9,31.6,TRUE,Focus,FALSE,FALSE
311,26,Australia,YouTube Music,Free,Jazz,The Weeknd,24,10,7,25.1,TRUE,Party,FALSE,TRUE
312,43,Brazil,Spotify,Free,Pop,Billie Eilish,151,45,4,5.9,TRUE,Happy,TRUE,FALSE
313,23,Canada,Spotify,Premium,Lo-fi,Travis Scott,183,50,4,32.6,TRUE,Workout,TRUE,TRUE
314,23,Japan,Spotify,Free,Hip-Hop,Travis Scott,62,9,11,47.3,TRUE,Workout,TRUE,TRUE
315,17,UK,Spotify,Family,EDM,Dua Lipa,67,17,5,41.4,TRUE,Happy,FALSE,TRUE
316,28,Brazil,YouTube Music,Free,Hip-Hop,Billie Eilish,292,83,8,40.2,TRUE,Focus,TRUE,FALSE
317,45,USA,Apple Music,Family,EDM,Billie Eilish,32,11,10,10.7,FALSE,Sleep,FALSE,TRUE
318,43,Japan,YouTube Music,Free,EDM,Kendrick Lamar,49,25,6,48,FALSE,Sleep,TRUE,TRUE
319,32,Japan,Tidal,Premium,Pop,Burna Boy,80,23,9,34.4,FALSE,Chill,FALSE,FALSE
320,29,Germany,Spotify,Free,Pop,Ariana Grande,111,34,7,26.7,TRUE,Happy,TRUE,TRUE
321,14,Nigeria,Spotify,Premium,Indie,Tyler the Creator,135,42,10,30.9,FALSE,Focus,FALSE,TRUE
322,33,Canada,YouTube Music,Family,Pop,SZA,130,27,7,50.7,TRUE,Workout,TRUE,TRUE
323,21,India,SoundCloud,Free,Afrobeats,Dua Lipa,90,25,11,31.9,FALSE,Focus,TRUE,FALSE
324,34,Japan,Apple Music,Free,R&B,Tyler the Creator,148,48,15,4.6,TRUE,Sleep,FALSE,FALSE
325,36,France,Amazon Music,Free,Country,Tyler the Creator,210,57,8,11.2,TRUE,Happy,FALSE,FALSE
326,56,UK,Spotify,Free,EDM,Burna Boy,61,19,5,15.6,FALSE,Sleep,FALSE,FALSE
327,25,Nigeria,Apple Music,Student,Classical,BTS,228,58,18,38.4,TRUE,Party,TRUE,TRUE
328,33,UK,Apple Music,Free,Indie,Taylor Swift,131,45,7,0.5,FALSE,Energetic,FALSE,TRUE
329,33,France,Apple Music,Free,Classical,Bad Bunny,192,57,10,14.9,TRUE,Workout,FALSE,FALSE
330,25,Canada,SoundCloud,Premium,K-Pop,The Weeknd,254,72,11,52.4,FALSE,Chill,FALSE,FALSE
331,33,UK,SoundCloud,Student,Pop,BTS,260,75,9,1.1,TRUE,Happy,FALSE,TRUE
332,29,UK,SoundCloud,Family,Jazz,SZA,228,68,15,40.9,TRUE,Energetic,FALSE,FALSE
333,33,Nigeria,Apple Music,Free,EDM,Dua Lipa,95,32,17,36.8,TRUE,Happy,FALSE,FALSE
334,20,Japan,Apple Music,Free,Pop,Taylor Swift,129,23,7,9.3,TRUE,Party,FALSE,TRUE
335,15,Australia,Apple Music,Family,Pop,Ariana Grande,106,33,17,13.5,FALSE,Sleep,FALSE,TRUE
336,25,India,Spotify,Free,R&B,Olivia Rodrigo,232,64,14,38.9,TRUE,Sad,TRUE,FALSE
337,26,USA,Apple Music,Free,Rock,Taylor Swift,317,93,9,36.7,TRUE,Focus,TRUE,FALSE
338,25,Nigeria,Spotify,Premium,Lo-fi,The Weeknd,139,40,12,14.7,FALSE,Happy,FALSE,FALSE
339,19,UK,YouTube Music,Free,Pop,SZA,121,31,10,40.5,TRUE,Party,FALSE,FALSE
340,35,France,Amazon Music,Premium,Lo-fi,SZA,105,23,10,19.4,TRUE,Party,TRUE,FALSE
341,27,India,YouTube Music,Student,Rock,Dua Lipa,117,39,12,26.7,TRUE,Happy,TRUE,TRUE
342,43,USA,Spotify,Free,R&B,Dua Lipa,115,28,13,18,TRUE,Chill,TRUE,FALSE
343,24,Japan,YouTube Music,Free,Lo-fi,Olivia Rodrigo,93,31,9,14.1,FALSE,Sleep,FALSE,TRUE
344,37,Nigeria,Spotify,Student,EDM,Taylor Swift,213,60,9,30.1,FALSE,Sad,TRUE,FALSE
345,40,UK,Spotify,Free,Jazz,Burna Boy,186,43,6,35.6,FALSE,Energetic,TRUE,FALSE
346,22,Brazil,YouTube Music,Premium,Pop,Billie Eilish,78,27,6,29,TRUE,Workout,FALSE,TRUE
347,32,Canada,Spotify,Free,EDM,Kendrick Lamar,205,57,6,26.4,FALSE,Chill,FALSE,TRUE
348,32,India,Spotify,Family,Pop,Dua Lipa,337,93,11,33.7,FALSE,Workout,FALSE,FALSE
349,15,France,Tidal,Premium,Pop,Travis Scott,109,28,14,21.5,TRUE,Sad,FALSE,FALSE
350,35,Japan,Spotify,Premium,Hip-Hop,Bad Bunny,269,67,11,26.8,FALSE,Happy,FALSE,TRUE
351,30,Australia,Spotify,Student,Indie,BTS,7,1,4,16.3,TRUE,Happy,FALSE,TRUE
352,21,India,YouTube Music,Free,Classical,BTS,73,13,12,13,TRUE,Happy,FALSE,FALSE
353,24,Australia,Apple Music,Free,Hip-Hop,Tyler the Creator,144,42,10,37.5,FALSE,Energetic,FALSE,TRUE
354,28,Canada,YouTube Music,Student,Hip-Hop,Burna Boy,202,59,12,44.4,TRUE,Party,FALSE,TRUE
355,33,Nigeria,Spotify,Free,K-Pop,SZA,177,43,13,42.3,FALSE,Sad,FALSE,TRUE
356,26,Nigeria,Amazon Music,Premium,K-Pop,Olivia Rodrigo,133,28,14,24.5,TRUE,Happy,FALSE,FALSE
357,16,Germany,Apple Music,Free,Indie,SZA,118,40,12,44.2,FALSE,Chill,TRUE,TRUE
358,30,India,SoundCloud,Premium,Indie,Olivia Rodrigo,145,37,6,23.9,FALSE,Sad,TRUE,TRUE
359,25,Australia,Apple Music,Premium,Indie,Olivia Rodrigo,33,14,8,33.1,FALSE,Focus,TRUE,TRUE
360,28,UK,YouTube Music,Free,Pop,Tyler the Creator,114,34,13,12.6,TRUE,Happy,FALSE,FALSE
361,30,Canada,Amazon Music,Free,EDM,The Weeknd,85,31,10,50.5,FALSE,Sad,FALSE,FALSE
362,41,Germany,Apple Music,Free,Pop,Olivia Rodrigo,72,19,7,23.3,TRUE,Workout,TRUE,TRUE
363,15,Australia,YouTube Music,Family,Pop,Tyler the Creator,209,64,13,34.5,TRUE,Workout,FALSE,FALSE
364,39,Brazil,Apple Music,Free,Lo-fi,Bad Bunny,106,25,9,29.6,FALSE,Chill,FALSE,TRUE
365,36,Brazil,Spotify,Family,K-Pop,Dua Lipa,139,41,8,45.5,TRUE,Energetic,FALSE,FALSE
366,20,Nigeria,Spotify,Free,Pop,Drake,66,14,10,45.7,FALSE,Workout,FALSE,FALSE
367,38,UK,Spotify,Free,K-Pop,Dua Lipa,302,88,13,19.6,TRUE,Chill,TRUE,TRUE
368,19,UK,Apple Music,Student,Pop,Travis Scott,28,6,12,51.3,TRUE,Energetic,TRUE,TRUE
369,32,UK,Apple Music,Free,EDM,The Weeknd,92,25,8,27.8,TRUE,Sad,TRUE,FALSE
370,20,Germany,SoundCloud,Premium,Afrobeats,Dua Lipa,99,34,7,23,TRUE,Sleep,TRUE,FALSE
371,27,Germany,Apple Music,Premium,K-Pop,Bad Bunny,126,37,7,36.5,TRUE,Party,FALSE,FALSE
372,33,Brazil,YouTube Music,Student,EDM,Ariana Grande,68,20,10,42.8,TRUE,Workout,FALSE,FALSE
373,29,France,Amazon Music,Free,Rock,The Weeknd,58,27,9,37.7,TRUE,Sad,TRUE,FALSE
374,26,India,YouTube Music,Premium,Jazz,SZA,54,11,5,19.1,TRUE,Sleep,FALSE,TRUE
375,29,Australia,Spotify,Free,EDM,SZA,253,76,12,29.8,FALSE,Party,FALSE,FALSE
376,23,Australia,Apple Music,Family,R&B,Kendrick Lamar,293,88,10,12,TRUE,Sad,TRUE,TRUE
377,27,Canada,Apple Music,Free,Classical,Travis Scott,207,59,8,26.6,FALSE,Sad,FALSE,FALSE
378,31,Nigeria,Spotify,Free,Rock,BTS,117,38,10,10.4,FALSE,Chill,TRUE,TRUE
379,34,India,Apple Music,Free,Hip-Hop,SZA,222,60,8,8.8,FALSE,Happy,FALSE,FALSE
380,13,Brazil,Spotify,Family,Lo-fi,Dua Lipa,60,9,10,25,FALSE,Energetic,TRUE,FALSE
381,34,France,Spotify,Premium,Rock,The Weeknd,132,39,6,30.1,FALSE,Chill,FALSE,FALSE
382,14,Germany,Spotify,Student,Pop,Billie Eilish,180,43,11,28.7,TRUE,Sad,TRUE,FALSE
383,26,Canada,Spotify,Free,R&B,Burna Boy,227,63,12,28.8,TRUE,Chill,TRUE,FALSE
384,26,India,Tidal,Free,Lo-fi,Billie Eilish,155,37,10,14.3,TRUE,Focus,TRUE,TRUE
385,13,USA,Apple Music,Premium,Pop,Taylor Swift,128,40,9,19.7,TRUE,Party,TRUE,TRUE
386,44,Canada,Tidal,Premium,Rock,Kendrick Lamar,154,39,13,28.9,FALSE,Chill,FALSE,TRUE
387,22,Brazil,Spotify,Free,R&B,The Weeknd,52,20,11,34.4,TRUE,Sleep,FALSE,FALSE
388,21,UK,Amazon Music,Free,K-Pop,Tyler the Creator,81,31,12,51.4,TRUE,Chill,FALSE,FALSE
389,50,Japan,YouTube Music,Premium,Pop,Tyler the Creator,56,14,5,32.9,TRUE,Focus,FALSE,TRUE
390,13,India,Tidal,Family,K-Pop,Travis Scott,105,39,8,24.5,TRUE,Happy,TRUE,FALSE
391,27,Germany,Apple Music,Family,K-Pop,Taylor Swift,76,24,7,0,TRUE,Sad,TRUE,FALSE
392,30,France,YouTube Music,Premium,Rock,Billie Eilish,24,6,7,34.5,TRUE,Energetic,FALSE,FALSE
393,27,Nigeria,Apple Music,Free,Hip-Hop,The Weeknd,207,66,7,25.5,TRUE,Chill,FALSE,FALSE
394,14,USA,Spotify,Free,Rock,BTS,68,25,6,44.9,FALSE,Sleep,TRUE,FALSE
395,21,Brazil,Spotify,Student,Classical,Taylor Swift,70,12,10,9.4,TRUE,Focus,TRUE,FALSE
396,30,Germany,Amazon Music,Premium,Indie,Ariana Grande,143,37,6,46.4,FALSE,Focus,TRUE,FALSE
397,36,USA,Spotify,Premium,EDM,Drake,77,26,10,28.5,FALSE,Sleep,FALSE,FALSE
398,41,Germany,YouTube Music,Free,R&B,Drake,27,1,12,21.9,TRUE,Sad,TRUE,TRUE
399,27,Brazil,Apple Music,Free,Hip-Hop,Kendrick Lamar,190,50,11,0.3,TRUE,Happy,FALSE,FALSE
400,35,Brazil,Apple Music,Premium,Lo-fi,Olivia Rodrigo,87,17,4,22.8,FALSE,Workout,FALSE,FALSE
401,37,Nigeria,Tidal,Free,Rock,BTS,81,24,6,24.5,TRUE,Sleep,FALSE,FALSE
402,38,Australia,Amazon Music,Family,Pop,Drake,140,46,9,20.8,TRUE,Sad,FALSE,TRUE
403,27,USA,Amazon Music,Premium,Pop,Olivia Rodrigo,96,28,8,21.9,FALSE,Party,TRUE,TRUE
404,31,Germany,Apple Music,Family,EDM,BTS,180,42,6,24.1,TRUE,Energetic,TRUE,FALSE
405,31,Brazil,YouTube Music,Free,K-Pop,Bad Bunny,77,21,9,37.3,TRUE,Party,FALSE,TRUE
406,31,Australia,Tidal,Premium,Hip-Hop,Billie Eilish,230,66,12,15.9,FALSE,Sad,FALSE,FALSE
407,38,Japan,Apple Music,Premium,Hip-Hop,The Weeknd,189,50,6,22.7,FALSE,Party,FALSE,TRUE
408,27,USA,Apple Music,Student,Pop,Travis Scott,141,40,12,37.3,TRUE,Energetic,TRUE,FALSE
409,31,Brazil,Apple Music,Family,Country,BTS,290,72,9,10.9,TRUE,Focus,TRUE,FALSE
410,30,Australia,YouTube Music,Student,Rock,Ariana Grande,57,23,14,20.4,FALSE,Sad,TRUE,FALSE
411,16,UK,Spotify,Free,Hip-Hop,Olivia Rodrigo,106,38,13,31.7,TRUE,Workout,FALSE,FALSE
412,27,USA,Apple Music,Premium,Hip-Hop,Taylor Swift,57,9,6,32.3,TRUE,Energetic,FALSE,TRUE
413,35,Australia,Apple Music,Premium,Lo-fi,Kendrick Lamar,190,53,9,11.8,TRUE,Sleep,FALSE,TRUE
414,30,Australia,YouTube Music,Family,Pop,Drake,168,55,6,0,TRUE,Chill,TRUE,FALSE
415,15,USA,Spotify,Student,Rock,Bad Bunny,74,19,9,44.4,FALSE,Sad,FALSE,TRUE
416,33,USA,Apple Music,Free,EDM,Dua Lipa,233,68,6,26.3,FALSE,Chill,FALSE,TRUE
417,33,USA,SoundCloud,Premium,EDM,Travis Scott,99,27,10,46,TRUE,Chill,TRUE,FALSE
418,31,Canada,Spotify,Premium,Rock,Billie Eilish,38,20,12,15.8,TRUE,Chill,FALSE,TRUE
419,40,Japan,Spotify,Student,Hip-Hop,Drake,194,53,10,23.9,TRUE,Sad,FALSE,TRUE
420,37,Germany,YouTube Music,Family,Rock,Taylor Swift,88,20,13,25.2,TRUE,Chill,TRUE,TRUE
421,23,France,Spotify,Family,Hip-Hop,Dua Lipa,96,33,13,21.1,TRUE,Happy,TRUE,FALSE
422,34,India,Apple Music,Free,Hip-Hop,Billie Eilish,196,59,11,35.9,TRUE,Focus,FALSE,TRUE
423,39,UK,YouTube Music,Free,Pop,Drake,55,16,7,10.8,FALSE,Party,TRUE,FALSE
424,27,Canada,Apple Music,Free,Indie,Olivia Rodrigo,69,16,11,43.9,TRUE,Workout,FALSE,FALSE
425,37,Canada,Apple Music,Premium,EDM,Travis Scott,118,24,14,42.4,TRUE,Sad,FALSE,FALSE
426,30,USA,Amazon Music,Premium,Country,Drake,53,18,7,14.6,FALSE,Workout,FALSE,TRUE
427,17,Brazil,Apple Music,Family,Pop,Dua Lipa,318,92,11,34.2,TRUE,Workout,FALSE,TRUE
428,15,UK,Spotify,Free,Rock,Billie Eilish,104,36,9,18.8,TRUE,Party,TRUE,FALSE
429,23,USA,Spotify,Premium,Lo-fi,The Weeknd,30,14,4,29.2,TRUE,Workout,TRUE,FALSE
430,19,India,YouTube Music,Family,Afrobeats,The Weeknd,274,73,10,25.9,FALSE,Party,TRUE,FALSE
431,48,Australia,Tidal,Free,Lo-fi,Tyler the Creator,190,39,3,33.7,TRUE,Happy,FALSE,TRUE
432,32,Germany,YouTube Music,Free,Country,Olivia Rodrigo,228,63,9,38.2,TRUE,Party,FALSE,FALSE
433,19,France,SoundCloud,Family,R&B,Drake,105,33,9,13.5,TRUE,Happy,TRUE,TRUE
434,34,Canada,Amazon Music,Premium,Rock,Travis Scott,56,14,5,60.4,FALSE,Sad,TRUE,TRUE
435,17,France,Spotify,Free,Indie,Travis Scott,227,56,7,33.1,FALSE,Focus,TRUE,TRUE
436,17,France,Apple Music,Family,Pop,Drake,142,43,9,18.7,FALSE,Energetic,TRUE,TRUE
437,40,UK,SoundCloud,Premium,Jazz,SZA,23,5,10,36.5,TRUE,Sleep,FALSE,TRUE
438,13,Germany,Spotify,Free,Hip-Hop,Olivia Rodrigo,48,8,5,31.3,TRUE,Happy,FALSE,FALSE
439,32,India,SoundCloud,Premium,R&B,SZA,222,67,9,43.2,TRUE,Focus,FALSE,FALSE
440,21,USA,Spotify,Premium,Rock,Kendrick Lamar,204,62,9,18,FALSE,Focus,FALSE,TRUE
441,27,Canada,Spotify,Premium,Indie,BTS,17,2,4,34,FALSE,Workout,TRUE,FALSE
442,20,Canada,YouTube Music,Premium,Indie,Billie Eilish,152,43,9,22.2,TRUE,Party,FALSE,TRUE
443,16,Germany,Tidal,Premium,Indie,Olivia Rodrigo,91,34,5,24,FALSE,Happy,FALSE,FALSE
444,13,Brazil,Spotify,Premium,R&B,Drake,77,14,9,16.9,FALSE,Party,FALSE,FALSE
445,39,India,Apple Music,Free,Indie,The Weeknd,146,38,13,19.3,FALSE,Workout,TRUE,TRUE
446,48,Canada,Spotify,Free,Pop,Dua Lipa,27,1,8,36.8,FALSE,Workout,TRUE,TRUE
447,40,Canada,YouTube Music,Free,Rock,Dua Lipa,71,16,22,17.9,TRUE,Sad,FALSE,FALSE
448,38,Nigeria,Apple Music,Free,Indie,Billie Eilish,171,35,8,10.1,TRUE,Workout,FALSE,FALSE
449,23,Canada,Amazon Music,Family,R&B,Drake,205,56,11,18.9,TRUE,Happy,TRUE,TRUE
450,32,Australia,YouTube Music,Family,Lo-fi,Drake,32,1,11,27.8,FALSE,Happy,TRUE,TRUE
451,14,Japan,Apple Music,Free,Classical,BTS,148,39,6,32.1,TRUE,Party,FALSE,FALSE
452,48,Japan,Apple Music,Family,Afrobeats,Ariana Grande,360,109,11,25.7,FALSE,Energetic,FALSE,FALSE
453,13,Nigeria,Amazon Music,Free,Rock,SZA,127,39,10,18.2,TRUE,Sleep,FALSE,TRUE
454,33,UK,Spotify,Free,Pop,BTS,194,47,4,27.3,FALSE,Sleep,TRUE,TRUE
455,35,USA,Apple Music,Free,EDM,Bad Bunny,174,53,11,38.3,TRUE,Sad,FALSE,TRUE
456,30,USA,Spotify,Premium,R&B,BTS,79,31,9,24.6,FALSE,Workout,FALSE,FALSE
457,30,Australia,YouTube Music,Premium,Indie,BTS,86,13,7,25.3,TRUE,Party,FALSE,FALSE
458,19,India,Tidal,Student,Hip-Hop,Bad Bunny,68,10,11,35,TRUE,Sad,FALSE,TRUE
459,13,India,Apple Music,Premium,Afrobeats,The Weeknd,170,42,5,30.3,TRUE,Party,FALSE,FALSE
460,34,Canada,YouTube Music,Premium,Hip-Hop,Olivia Rodrigo,102,20,7,46.9,FALSE,Energetic,TRUE,FALSE
461,36,France,Apple Music,Free,Lo-fi,Olivia Rodrigo,42,8,10,21.2,FALSE,Energetic,TRUE,FALSE
462,31,Brazil,Spotify,Student,Indie,Ariana Grande,75,20,11,7.9,TRUE,Party,TRUE,FALSE
463,13,USA,Apple Music,Free,Pop,Travis Scott,60,7,11,38.9,FALSE,Focus,TRUE,TRUE
464,25,Germany,YouTube Music,Free,Country,Taylor Swift,93,21,13,21.5,FALSE,Sleep,FALSE,TRUE
465,23,Japan,Apple Music,Family,Afrobeats,Drake,68,22,9,32.7,TRUE,Sad,TRUE,TRUE
466,13,Australia,Apple Music,Family,Lo-fi,Ariana Grande,92,20,7,58.7,TRUE,Chill,TRUE,FALSE
467,26,Canada,YouTube Music,Student,Hip-Hop,Drake,164,50,9,30.1,FALSE,Focus,TRUE,FALSE
468,27,USA,Spotify,Student,EDM,Olivia Rodrigo,224,64,8,44.7,TRUE,Focus,TRUE,TRUE
469,45,Brazil,Apple Music,Free,Hip-Hop,Travis Scott,52,17,13,19.8,TRUE,Chill,FALSE,FALSE
470,32,Canada,Apple Music,Student,Indie,Travis Scott,46,18,9,14.6,TRUE,Focus,FALSE,TRUE
471,14,France,YouTube Music,Free,EDM,Dua Lipa,143,39,9,38.4,TRUE,Focus,FALSE,FALSE
472,23,Brazil,SoundCloud,Free,Afrobeats,Taylor Swift,241,62,12,15,TRUE,Energetic,FALSE,FALSE
473,31,India,YouTube Music,Student,Classical,Drake,214,52,14,39.8,TRUE,Energetic,FALSE,FALSE
474,32,USA,Spotify,Free,Indie,Taylor Swift,33,3,9,18.2,TRUE,Chill,FALSE,FALSE
475,43,USA,Apple Music,Free,Hip-Hop,Ariana Grande,96,25,9,32.8,TRUE,Happy,FALSE,FALSE
476,20,Australia,Spotify,Free,Hip-Hop,SZA,194,61,8,27.3,FALSE,Workout,TRUE,FALSE
477,39,USA,Spotify,Free,Classical,Dua Lipa,168,50,11,12.2,TRUE,Energetic,FALSE,FALSE
478,22,France,YouTube Music,Free,Hip-Hop,Drake,54,23,7,27.5,TRUE,Focus,FALSE,FALSE
479,14,Australia,Spotify,Free,Country,Taylor Swift,135,36,8,26.8,FALSE,Focus,FALSE,FALSE
480,18,France,Apple Music,Free,Rock,SZA,268,76,6,42,TRUE,Focus,TRUE,FALSE
481,28,Canada,Tidal,Free,Indie,BTS,160,42,11,13,FALSE,Party,TRUE,TRUE
482,21,India,Apple Music,Free,K-Pop,Travis Scott,95,26,14,19.4,TRUE,Workout,FALSE,TRUE
483,40,UK,Spotify,Student,Indie,Ariana Grande,89,25,11,26.5,TRUE,Focus,TRUE,TRUE
484,41,Nigeria,Spotify,Free,Afrobeats,Travis Scott,81,31,8,36.1,TRUE,Energetic,TRUE,TRUE
485,36,Germany,Spotify,Free,Hip-Hop,Bad Bunny,140,42,15,22.1,TRUE,Focus,FALSE,FALSE
486,13,USA,Spotify,Premium,Hip-Hop,Taylor Swift,78,15,6,61.9,TRUE,Chill,TRUE,TRUE
487,29,Nigeria,Tidal,Family,K-Pop,Dua Lipa,38,17,11,25.1,TRUE,Chill,FALSE,TRUE
488,25,France,Apple Music,Free,Lo-fi,BTS,252,65,12,26.7,FALSE,Focus,TRUE,FALSE
489,26,France,YouTube Music,Family,Hip-Hop,Burna Boy,95,28,11,13.9,FALSE,Happy,FALSE,FALSE
490,27,France,YouTube Music,Student,Country,Tyler the Creator,112,33,12,34.4,TRUE,Energetic,TRUE,TRUE
491,29,UK,Apple Music,Premium,EDM,SZA,97,33,4,43,TRUE,Focus,FALSE,FALSE
492,37,India,YouTube Music,Family,K-Pop,Burna Boy,36,11,9,8.6,FALSE,Sleep,TRUE,FALSE
493,33,Brazil,Apple Music,Free,EDM,Olivia Rodrigo,218,55,9,20,FALSE,Energetic,TRUE,TRUE
494,30,Germany,Apple Music,Premium,K-Pop,BTS,42,3,14,30,TRUE,Chill,FALSE,TRUE
495,27,France,Spotify,Premium,Indie,Drake,166,45,7,44.9,TRUE,Party,TRUE,FALSE
496,13,UK,Apple Music,Premium,Afrobeats,Kendrick Lamar,77,25,8,32.5,TRUE,Energetic,FALSE,TRUE
497,34,Germany,Spotify,Premium,Pop,Olivia Rodrigo,134,39,16,40.9,FALSE,Sad,TRUE,TRUE
498,24,Germany,SoundCloud,Premium,Classical,Travis Scott,346,99,7,10.5,FALSE,Workout,FALSE,FALSE
499,18,UK,Spotify,Free,Hip-Hop,Kendrick Lamar,82,26,4,22.5,TRUE,Focus,TRUE,FALSE
500,39,Japan,YouTube Music,Free,Hip-Hop,Taylor Swift,45,14,14,45.7,TRUE,Workout,TRUE,FALSE
501,25,USA,Spotify,Family,Hip-Hop,SZA,98,35,7,40,TRUE,Sad,TRUE,FALSE
502,38,France,SoundCloud,Free,Rock,Travis Scott,290,83,10,16.8,TRUE,Focus,FALSE,TRUE
503,33,UK,Spotify,Student,Lo-fi,Billie Eilish,147,41,9,23.4,FALSE,Party,TRUE,FALSE
504,15,Japan,Amazon Music,Free,Afrobeats,Kendrick Lamar,74,23,8,28.6,FALSE,Sleep,TRUE,FALSE
505,23,USA,Spotify,Premium,EDM,Bad Bunny,107,20,10,49.4,TRUE,Happy,FALSE,FALSE
506,14,Germany,SoundCloud,Premium,R&B,Taylor Swift,116,32,6,13.8,TRUE,Focus,FALSE,TRUE
507,21,Germany,Amazon Music,Free,Indie,The Weeknd,101,31,13,54.3,TRUE,Happy,FALSE,FALSE
508,48,Brazil,Apple Music,Student,Hip-Hop,Olivia Rodrigo,144,31,12,28.7,TRUE,Chill,FALSE,TRUE
509,29,Canada,Apple Music,Premium,Country,Bad Bunny,50,16,9,47.9,FALSE,Energetic,FALSE,TRUE
510,15,USA,Apple Music,Premium,Pop,Travis Scott,105,31,14,17,TRUE,Sleep,FALSE,FALSE
511,26,Canada,YouTube Music,Free,Pop,BTS,79,26,4,41,TRUE,Energetic,FALSE,FALSE
512,28,USA,Spotify,Free,Pop,The Weeknd,31,1,6,32,TRUE,Sad,FALSE,FALSE
513,13,Nigeria,Apple Music,Free,Hip-Hop,Dua Lipa,78,19,12,63.6,FALSE,Sad,TRUE,FALSE
514,26,UK,Apple Music,Premium,Classical,Kendrick Lamar,252,70,7,21.3,FALSE,Sleep,FALSE,FALSE
515,22,India,Apple Music,Family,Rock,Dua Lipa,337,97,6,38.8,FALSE,Happy,FALSE,FALSE
516,23,France,Amazon Music,Free,Pop,SZA,197,62,4,28.2,FALSE,Sad,FALSE,FALSE
517,32,India,Apple Music,Premium,R&B,Drake,81,21,11,12.7,FALSE,Focus,TRUE,FALSE
518,24,Australia,Apple Music,Free,K-Pop,Travis Scott,81,21,7,18.7,TRUE,Focus,FALSE,TRUE
519,34,India,SoundCloud,Free,Lo-fi,Kendrick Lamar,196,60,7,21.9,FALSE,Happy,FALSE,TRUE
520,29,France,SoundCloud,Free,Pop,Burna Boy,34,8,8,57.4,TRUE,Chill,FALSE,FALSE
521,46,Brazil,Spotify,Student,Rock,Drake,74,7,4,24.8,TRUE,Party,FALSE,FALSE
522,27,USA,Spotify,Free,Rock,Tyler the Creator,48,20,11,16.7,TRUE,Happy,TRUE,FALSE
523,31,Germany,Apple Music,Free,EDM,Bad Bunny,66,19,11,24.3,TRUE,Chill,FALSE,FALSE
524,21,UK,Apple Music,Family,Pop,SZA,110,31,7,19.7,TRUE,Happy,FALSE,FALSE
525,18,France,Spotify,Free,Hip-Hop,Travis Scott,146,44,6,31.6,FALSE,Party,FALSE,TRUE
526,34,USA,Spotify,Free,Classical,Kendrick Lamar,163,45,8,17.9,TRUE,Workout,FALSE,TRUE
527,36,Australia,Amazon Music,Premium,Pop,Drake,99,29,7,46.5,TRUE,Workout,FALSE,FALSE
528,38,UK,Spotify,Premium,Pop,Burna Boy,86,15,3,31.3,FALSE,Focus,FALSE,FALSE
529,31,France,Spotify,Premium,Indie,BTS,67,17,9,38.3,FALSE,Sleep,FALSE,TRUE
530,26,Germany,Spotify,Free,EDM,Burna Boy,154,46,8,29.6,TRUE,Sad,TRUE,TRUE
531,29,USA,Apple Music,Free,K-Pop,Tyler the Creator,217,70,6,30.4,FALSE,Happy,FALSE,FALSE
532,29,France,Tidal,Free,Jazz,Burna Boy,183,50,9,19.4,FALSE,Party,TRUE,TRUE
533,15,Australia,Apple Music,Family,Classical,Dua Lipa,128,38,6,39.5,TRUE,Energetic,FALSE,TRUE
534,36,Canada,Spotify,Student,Pop,Drake,88,32,10,39.5,TRUE,Energetic,TRUE,FALSE
535,18,Japan,SoundCloud,Premium,R&B,Ariana Grande,56,14,7,20.1,TRUE,Party,TRUE,TRUE
536,33,Canada,SoundCloud,Free,Indie,Burna Boy,295,80,11,51.2,FALSE,Workout,FALSE,FALSE
537,13,Canada,Spotify,Free,Indie,Dua Lipa,74,21,7,2.6,TRUE,Focus,FALSE,FALSE
538,38,Japan,Spotify,Free,Jazz,Olivia Rodrigo,375,110,7,22.4,TRUE,Chill,TRUE,TRUE
539,21,Australia,YouTube Music,Family,Indie,Billie Eilish,122,35,11,50.3,TRUE,Sleep,FALSE,TRUE
540,27,Japan,YouTube Music,Free,Pop,Burna Boy,127,33,12,21.8,TRUE,Happy,FALSE,FALSE
541,21,France,Apple Music,Family,Country,Billie Eilish,15,1,9,28.2,FALSE,Energetic,TRUE,FALSE
542,38,Japan,Spotify,Free,Hip-Hop,Ariana Grande,49,13,14,35.3,TRUE,Sleep,FALSE,TRUE
543,24,Brazil,Apple Music,Free,Hip-Hop,Burna Boy,54,17,11,23.1,FALSE,Workout,FALSE,TRUE
544,25,Canada,YouTube Music,Premium,K-Pop,Kendrick Lamar,199,61,18,26.4,TRUE,Happy,TRUE,FALSE
545,33,Japan,YouTube Music,Premium,Pop,Travis Scott,287,77,8,37.3,TRUE,Energetic,FALSE,TRUE
546,17,Australia,YouTube Music,Free,K-Pop,Burna Boy,144,43,8,33,TRUE,Chill,FALSE,FALSE
547,24,UK,Apple Music,Premium,Pop,The Weeknd,172,47,9,43.2,TRUE,Workout,FALSE,FALSE
548,38,France,Spotify,Free,Indie,Travis Scott,106,35,8,38.3,TRUE,Focus,FALSE,TRUE
549,39,USA,Amazon Music,Free,Indie,Taylor Swift,208,55,11,14.5,FALSE,Happy,FALSE,TRUE
550,31,France,Spotify,Premium,Classical,Bad Bunny,96,21,9,17.3,FALSE,Happy,FALSE,FALSE
551,26,India,Tidal,Free,Rock,Drake,127,33,10,17.9,TRUE,Workout,FALSE,TRUE
552,32,Brazil,Apple Music,Family,Pop,BTS,59,31,9,33.5,TRUE,Energetic,TRUE,FALSE
553,31,USA,Spotify,Family,K-Pop,Burna Boy,76,19,14,35.7,TRUE,Chill,FALSE,FALSE
554,23,India,Spotify,Family,Hip-Hop,Travis Scott,44,18,8,22.7,TRUE,Energetic,FALSE,TRUE
555,25,India,Spotify,Premium,Country,Billie Eilish,33,7,10,46.4,TRUE,Energetic,TRUE,TRUE
556,15,Germany,Spotify,Family,Hip-Hop,Olivia Rodrigo,181,49,13,9.6,TRUE,Energetic,TRUE,FALSE
557,35,France,Amazon Music,Family,Hip-Hop,Bad Bunny,279,79,9,26.1,TRUE,Energetic,TRUE,FALSE
558,39,Brazil,Apple Music,Premium,Rock,Ariana Grande,214,62,2,15.9,TRUE,Sleep,FALSE,TRUE
559,26,USA,SoundCloud,Premium,Hip-Hop,Billie Eilish,56,21,10,14.4,FALSE,Sleep,TRUE,TRUE
560,31,India,Apple Music,Premium,Country,Dua Lipa,230,64,10,7.3,TRUE,Chill,TRUE,TRUE
561,42,UK,Spotify,Free,Hip-Hop,Dua Lipa,23,19,8,20,TRUE,Chill,TRUE,TRUE
562,25,Brazil,SoundCloud,Premium,Rock,Billie Eilish,97,31,9,46.6,TRUE,Sleep,TRUE,TRUE
563,34,Brazil,Spotify,Family,Hip-Hop,Burna Boy,36,11,15,22.9,TRUE,Energetic,FALSE,FALSE
564,31,France,Apple Music,Free,EDM,Billie Eilish,86,27,11,2.4,TRUE,Happy,TRUE,FALSE
565,16,Japan,Spotify,Premium,EDM,Dua Lipa,187,57,13,30.7,TRUE,Party,TRUE,TRUE
566,41,India,Spotify,Premium,Pop,Tyler the Creator,74,18,10,36.9,TRUE,Focus,FALSE,TRUE
567,25,Brazil,SoundCloud,Free,Hip-Hop,SZA,57,15,10,16.3,TRUE,Party,FALSE,FALSE
568,14,India,YouTube Music,Free,EDM,BTS,26,8,12,23.6,TRUE,Workout,FALSE,FALSE
569,31,UK,Spotify,Student,Hip-Hop,Olivia Rodrigo,120,37,11,20.1,FALSE,Chill,TRUE,FALSE
570,13,Nigeria,YouTube Music,Free,Pop,SZA,129,37,11,27.6,TRUE,Sad,TRUE,TRUE
571,13,Brazil,Spotify,Free,Hip-Hop,Dua Lipa,92,26,4,29.6,FALSE,Focus,TRUE,TRUE
572,28,Brazil,YouTube Music,Free,R&B,Travis Scott,141,35,11,13.8,TRUE,Sad,TRUE,TRUE
573,32,Canada,Spotify,Free,Hip-Hop,Taylor Swift,187,54,12,35.7,FALSE,Energetic,TRUE,FALSE
574,27,Japan,YouTube Music,Free,Rock,Bad Bunny,159,42,15,29.2,FALSE,Focus,TRUE,FALSE
575,23,UK,Spotify,Free,EDM,Olivia Rodrigo,125,41,10,24.8,TRUE,Energetic,FALSE,TRUE
576,32,Australia,Amazon Music,Free,Classical,BTS,141,32,8,10.8,TRUE,Sleep,FALSE,FALSE
577,36,India,Apple Music,Student,Rock,Dua Lipa,181,56,9,31.3,TRUE,Happy,FALSE,FALSE
578,28,Nigeria,YouTube Music,Free,Indie,Taylor Swift,96,33,9,20.7,TRUE,Sleep,FALSE,FALSE
579,30,USA,SoundCloud,Premium,EDM,Bad Bunny,141,39,9,15.7,TRUE,Energetic,TRUE,TRUE
580,16,Germany,Spotify,Free,Indie,Travis Scott,104,23,6,19.6,TRUE,Sad,FALSE,TRUE
581,16,Australia,YouTube Music,Premium,Pop,SZA,223,55,9,6.9,FALSE,Energetic,FALSE,FALSE
582,37,Japan,Spotify,Premium,Indie,Travis Scott,70,16,10,36.4,FALSE,Workout,FALSE,TRUE
583,33,Brazil,Apple Music,Student,Pop,Drake,161,51,8,33,TRUE,Workout,TRUE,TRUE
584,36,UK,Spotify,Premium,Pop,Dua Lipa,97,17,9,19.2,TRUE,Workout,TRUE,TRUE
585,23,USA,Amazon Music,Student,R&B,BTS,23,14,6,5.7,TRUE,Sad,TRUE,FALSE
586,26,Japan,Spotify,Premium,EDM,Tyler the Creator,74,25,12,3.5,TRUE,Happy,TRUE,FALSE
587,43,Australia,Apple Music,Family,K-Pop,Billie Eilish,26,9,10,13.1,FALSE,Party,TRUE,FALSE
588,29,Brazil,YouTube Music,Premium,Classical,Billie Eilish,98,23,5,32.9,FALSE,Workout,FALSE,TRUE
589,36,Canada,Apple Music,Family,Rock,Ariana Grande,81,26,6,30.3,TRUE,Focus,TRUE,FALSE
590,27,UK,Spotify,Student,R&B,Drake,134,37,8,33.7,FALSE,Energetic,TRUE,TRUE
591,39,France,Spotify,Premium,R&B,Ariana Grande,179,48,3,31.5,TRUE,Focus,FALSE,FALSE
592,42,UK,YouTube Music,Premium,K-Pop,Kendrick Lamar,149,40,10,25.7,FALSE,Sad,FALSE,FALSE
593,44,France,SoundCloud,Student,Lo-fi,Bad Bunny,87,26,7,21,TRUE,Sleep,TRUE,FALSE
594,37,Australia,Apple Music,Free,Classical,Ariana Grande,93,29,8,34.7,FALSE,Happy,FALSE,FALSE
595,16,USA,Spotify,Free,Indie,Drake,88,30,13,35.3,FALSE,Sad,FALSE,FALSE
596,19,Australia,Spotify,Free,Jazz,Tyler the Creator,119,39,11,22.5,TRUE,Energetic,FALSE,TRUE
597,35,Australia,SoundCloud,Family,Afrobeats,Burna Boy,20,3,9,23.2,TRUE,Sad,TRUE,TRUE
598,13,France,Spotify,Free,K-Pop,Kendrick Lamar,243,57,11,7.9,FALSE,Sad,TRUE,TRUE
599,28,Canada,Spotify,Family,Country,The Weeknd,30,6,8,33.9,FALSE,Happy,TRUE,FALSE
600,24,Nigeria,SoundCloud,Premium,EDM,Billie Eilish,215,63,5,37.5,TRUE,Chill,FALSE,FALSE
601,33,USA,Spotify,Free,K-Pop,The Weeknd,40,13,7,21.3,TRUE,Sad,TRUE,TRUE
602,21,Australia,Spotify,Free,Hip-Hop,Taylor Swift,373,99,10,23.1,TRUE,Happy,FALSE,FALSE
603,38,Nigeria,YouTube Music,Premium,Afrobeats,Burna Boy,128,40,14,20.4,TRUE,Party,FALSE,TRUE
604,40,India,Amazon Music,Free,Lo-fi,Ariana Grande,28,11,16,27.3,TRUE,Happy,TRUE,FALSE
605,15,Australia,Tidal,Premium,Hip-Hop,Ariana Grande,114,23,7,17.2,TRUE,Focus,TRUE,FALSE
606,13,France,Apple Music,Family,Pop,Taylor Swift,97,26,9,27.1,FALSE,Sad,TRUE,TRUE
607,16,Japan,Apple Music,Premium,Lo-fi,Ariana Grande,52,16,15,15.4,FALSE,Energetic,FALSE,TRUE
608,18,UK,Spotify,Free,Hip-Hop,Ariana Grande,292,84,11,23.3,TRUE,Sad,TRUE,TRUE
609,13,Japan,Amazon Music,Free,Rock,Burna Boy,37,9,9,25.2,TRUE,Workout,FALSE,TRUE
610,37,Japan,Spotify,Premium,Pop,Tyler the Creator,403,117,8,19.8,TRUE,Sleep,TRUE,FALSE
611,36,USA,Apple Music,Free,Pop,Billie Eilish,104,28,10,70.9,TRUE,Chill,TRUE,TRUE
612,24,Canada,Spotify,Free,Pop,Billie Eilish,134,38,4,17.8,FALSE,Workout,TRUE,FALSE
613,26,France,Spotify,Premium,Afrobeats,SZA,198,58,7,51.3,TRUE,Energetic,TRUE,FALSE
614,16,Japan,Spotify,Free,Lo-fi,The Weeknd,59,4,9,24.2,FALSE,Happy,FALSE,TRUE
615,26,Australia,Spotify,Free,Afrobeats,Kendrick Lamar,119,34,10,29.4,FALSE,Focus,FALSE,FALSE
616,13,Canada,Apple Music,Free,Pop,Taylor Swift,297,86,10,40.3,FALSE,Workout,TRUE,FALSE
617,18,UK,Spotify,Student,Indie,Taylor Swift,81,20,10,34.3,TRUE,Happy,TRUE,FALSE
618,27,Brazil,Spotify,Premium,EDM,Travis Scott,112,39,11,16.5,FALSE,Party,FALSE,FALSE
619,28,India,Spotify,Premium,Hip-Hop,Travis Scott,225,68,8,44.7,TRUE,Sad,TRUE,FALSE
620,24,Australia,Apple Music,Free,Hip-Hop,Dua Lipa,292,86,6,18.2,TRUE,Party,FALSE,FALSE
621,36,France,Spotify,Free,R&B,BTS,126,27,9,14.4,TRUE,Chill,TRUE,TRUE
622,38,Australia,Apple Music,Free,Rock,Dua Lipa,58,18,6,29.4,TRUE,Happy,TRUE,TRUE
623,33,France,Spotify,Premium,Hip-Hop,Kendrick Lamar,42,20,8,27.4,FALSE,Energetic,FALSE,FALSE
624,25,India,Apple Music,Student,Hip-Hop,Dua Lipa,216,61,12,31.7,TRUE,Happy,TRUE,TRUE
625,30,Brazil,YouTube Music,Free,R&B,Billie Eilish,304,85,11,2.1,FALSE,Happy,TRUE,TRUE
626,29,Brazil,Amazon Music,Premium,Hip-Hop,Taylor Swift,200,54,6,44.4,TRUE,Party,FALSE,FALSE
627,13,USA,Apple Music,Premium,R&B,Ariana Grande,82,21,8,46.9,TRUE,Workout,FALSE,FALSE
628,21,Germany,Apple Music,Free,R&B,Taylor Swift,76,24,10,18.3,FALSE,Chill,FALSE,FALSE
629,24,Australia,Apple Music,Free,Country,Billie Eilish,70,24,9,31.8,TRUE,Chill,FALSE,FALSE
630,24,UK,YouTube Music,Student,Pop,Ariana Grande,102,22,9,40.6,FALSE,Chill,FALSE,TRUE
631,37,India,YouTube Music,Free,EDM,Tyler the Creator,101,26,10,16.8,TRUE,Happy,FALSE,TRUE
632,37,UK,Amazon Music,Free,Indie,Dua Lipa,119,37,6,57.1,FALSE,Sad,TRUE,FALSE
633,18,Canada,Apple Music,Student,Lo-fi,Burna Boy,55,8,11,33,TRUE,Party,FALSE,FALSE
634,28,Canada,YouTube Music,Free,Pop,Bad Bunny,49,14,7,21.8,TRUE,Workout,FALSE,FALSE
635,18,USA,YouTube Music,Premium,K-Pop,Burna Boy,175,50,9,32.3,FALSE,Happy,FALSE,FALSE
636,27,Japan,Spotify,Free,Pop,Taylor Swift,63,20,10,43.9,TRUE,Happy,FALSE,FALSE
637,38,Germany,Apple Music,Premium,EDM,Billie Eilish,47,5,6,35.4,FALSE,Energetic,FALSE,TRUE
638,26,Nigeria,Spotify,Student,Hip-Hop,Tyler the Creator,66,18,7,31.5,TRUE,Party,FALSE,FALSE
639,32,Brazil,Spotify,Family,R&B,Ariana Grande,40,1,14,21.8,FALSE,Workout,FALSE,FALSE
640,32,Canada,Apple Music,Free,Hip-Hop,Dua Lipa,123,41,9,31,FALSE,Workout,FALSE,FALSE
641,36,Germany,Spotify,Premium,Afrobeats,The Weeknd,49,9,8,36.6,TRUE,Energetic,FALSE,FALSE
642,29,Japan,Spotify,Student,Hip-Hop,SZA,254,76,10,24.2,FALSE,Chill,TRUE,TRUE
643,23,Brazil,Spotify,Free,Hip-Hop,Drake,254,70,14,27.1,FALSE,Focus,FALSE,FALSE
644,33,Brazil,Apple Music,Premium,EDM,Tyler the Creator,310,94,10,43.6,FALSE,Workout,TRUE,TRUE
645,26,UK,Tidal,Student,Indie,Bad Bunny,111,28,11,23.9,TRUE,Energetic,FALSE,FALSE
646,33,Germany,YouTube Music,Premium,R&B,Travis Scott,154,40,9,29.1,FALSE,Chill,FALSE,FALSE
647,25,USA,Spotify,Free,Hip-Hop,Travis Scott,120,33,4,31,TRUE,Energetic,TRUE,TRUE
648,28,Germany,Spotify,Family,Pop,The Weeknd,185,57,8,18.4,FALSE,Sad,FALSE,FALSE
649,33,India,Apple Music,Student,Jazz,SZA,74,27,13,30.6,FALSE,Focus,TRUE,TRUE
650,13,Germany,SoundCloud,Premium,K-Pop,Drake,118,30,8,37.9,FALSE,Sad,TRUE,TRUE
651,14,India,SoundCloud,Premium,R&B,Burna Boy,38,5,10,36.1,FALSE,Workout,FALSE,FALSE
652,20,Nigeria,Spotify,Family,Pop,Dua Lipa,115,30,7,20.8,FALSE,Sleep,FALSE,TRUE
653,21,UK,Apple Music,Premium,Indie,Travis Scott,56,12,11,11.4,FALSE,Energetic,FALSE,TRUE
654,30,Brazil,YouTube Music,Premium,Hip-Hop,Taylor Swift,559,162,7,44.2,FALSE,Energetic,TRUE,FALSE
655,18,Germany,Apple Music,Free,Hip-Hop,Travis Scott,82,27,10,32.3,TRUE,Workout,FALSE,FALSE
656,40,Canada,YouTube Music,Free,Hip-Hop,Ariana Grande,185,52,3,41.9,FALSE,Happy,FALSE,FALSE
657,21,Canada,Spotify,Free,EDM,Dua Lipa,116,26,14,37,TRUE,Workout,FALSE,FALSE
658,31,France,YouTube Music,Family,Lo-fi,Billie Eilish,173,55,9,31.3,FALSE,Happy,TRUE,FALSE
659,20,Brazil,Apple Music,Premium,Rock,Burna Boy,66,21,7,35.4,TRUE,Focus,FALSE,TRUE
660,33,Japan,Spotify,Free,Pop,The Weeknd,86,27,13,29,FALSE,Energetic,FALSE,FALSE
661,13,UK,Spotify,Family,Classical,Dua Lipa,205,58,8,38.1,TRUE,Workout,TRUE,FALSE
662,32,India,Spotify,Free,Hip-Hop,Olivia Rodrigo,271,83,6,35.1,FALSE,Happy,FALSE,TRUE
663,24,USA,Spotify,Student,Lo-fi,BTS,103,31,8,13.3,FALSE,Focus,TRUE,TRUE
664,35,Canada,Amazon Music,Free,Indie,Travis Scott,166,47,10,23.3,TRUE,Energetic,TRUE,TRUE
665,26,Japan,Apple Music,Premium,Pop,Taylor Swift,87,28,11,34.8,TRUE,Chill,FALSE,TRUE
666,34,India,Spotify,Premium,Indie,Drake,67,21,10,48.8,FALSE,Focus,TRUE,FALSE
667,18,France,Spotify,Free,K-Pop,Burna Boy,98,34,15,22.3,TRUE,Workout,FALSE,FALSE
668,14,India,Apple Music,Family,Lo-fi,Drake,83,26,8,27.3,TRUE,Sleep,TRUE,FALSE
669,26,India,Apple Music,Free,Pop,The Weeknd,90,23,10,25.9,TRUE,Focus,TRUE,TRUE
670,39,USA,Spotify,Premium,Pop,Olivia Rodrigo,8,1,6,17.9,TRUE,Chill,FALSE,FALSE
671,22,UK,Spotify,Free,Jazz,Travis Scott,66,15,19,12.8,FALSE,Sad,TRUE,FALSE
672,27,France,Spotify,Free,Hip-Hop,Tyler the Creator,210,60,9,27.6,FALSE,Workout,FALSE,TRUE
673,13,Japan,Amazon Music,Family,Hip-Hop,Olivia Rodrigo,104,26,4,20.4,TRUE,Sad,FALSE,FALSE
674,34,Canada,Spotify,Premium,Classical,Kendrick Lamar,128,33,4,23.8,TRUE,Sleep,FALSE,FALSE
675,31,Nigeria,Spotify,Premium,Hip-Hop,Billie Eilish,162,43,11,27.9,FALSE,Energetic,TRUE,FALSE
676,44,Brazil,Spotify,Premium,Hip-Hop,Drake,53,3,7,22.2,TRUE,Focus,FALSE,FALSE
677,20,Nigeria,Apple Music,Free,Classical,Dua Lipa,130,43,17,18.9,FALSE,Happy,TRUE,FALSE
678,21,France,Spotify,Free,Jazz,Olivia Rodrigo,36,4,11,50.6,FALSE,Sad,FALSE,TRUE
679,39,Brazil,SoundCloud,Premium,Pop,Taylor Swift,67,21,16,44.6,TRUE,Sleep,FALSE,FALSE
680,27,UK,Amazon Music,Free,Hip-Hop,Burna Boy,263,70,1,12.8,FALSE,Workout,FALSE,FALSE
681,35,Brazil,Apple Music,Premium,Lo-fi,Tyler the Creator,104,29,11,21.8,FALSE,Energetic,TRUE,TRUE
682,16,USA,Spotify,Family,K-Pop,Tyler the Creator,176,56,11,48.3,TRUE,Chill,FALSE,TRUE
683,13,USA,Spotify,Student,Afrobeats,Tyler the Creator,219,61,6,29.4,TRUE,Sleep,FALSE,TRUE
684,13,India,Apple Music,Family,Rock,Olivia Rodrigo,176,52,4,31.3,TRUE,Sad,TRUE,TRUE
685,22,Canada,Amazon Music,Free,Indie,Billie Eilish,286,81,8,32.3,TRUE,Focus,FALSE,FALSE
686,33,Brazil,YouTube Music,Premium,Pop,Travis Scott,271,69,8,37.3,FALSE,Chill,FALSE,FALSE
687,29,Brazil,SoundCloud,Free,K-Pop,Dua Lipa,44,2,7,22.6,TRUE,Focus,TRUE,TRUE
688,49,Brazil,Amazon Music,Family,Pop,Dua Lipa,219,58,6,11.5,FALSE,Sad,FALSE,FALSE
689,21,Canada,Spotify,Free,Country,Drake,151,41,5,39,FALSE,Chill,TRUE,TRUE
690,39,Japan,SoundCloud,Family,Pop,Burna Boy,122,30,8,11.9,TRUE,Happy,TRUE,TRUE
691,27,Nigeria,Spotify,Student,Lo-fi,SZA,123,35,9,20.9,FALSE,Happy,FALSE,FALSE
692,27,Australia,Spotify,Free,Indie,BTS,372,112,8,21.6,FALSE,Sad,FALSE,FALSE
693,13,Brazil,Apple Music,Free,R&B,BTS,107,30,11,15,TRUE,Happy,TRUE,TRUE
694,47,Brazil,Tidal,Premium,K-Pop,SZA,67,15,12,35.7,TRUE,Happy,FALSE,FALSE
695,41,UK,Amazon Music,Student,Hip-Hop,Travis Scott,450,130,6,43,TRUE,Party,FALSE,FALSE
696,39,Germany,YouTube Music,Premium,Rock,Olivia Rodrigo,105,21,9,27.4,TRUE,Happy,TRUE,FALSE
697,33,India,Amazon Music,Premium,Afrobeats,Travis Scott,109,26,9,46.4,FALSE,Happy,FALSE,FALSE
698,13,Nigeria,SoundCloud,Free,Classical,Bad Bunny,63,17,16,31,TRUE,Happy,FALSE,TRUE
699,35,Nigeria,Tidal,Free,EDM,SZA,321,86,13,18.7,TRUE,Happy,FALSE,FALSE
700,27,USA,Apple Music,Student,Hip-Hop,Tyler the Creator,27,15,10,37.2,FALSE,Energetic,FALSE,TRUE
701,34,India,Spotify,Premium,K-Pop,BTS,148,43,6,2.3,TRUE,Workout,FALSE,TRUE
702,39,Japan,YouTube Music,Premium,Pop,Olivia Rodrigo,192,59,12,14.5,TRUE,Energetic,TRUE,FALSE
703,37,Japan,Apple Music,Premium,Hip-Hop,Kendrick Lamar,168,50,8,36.7,TRUE,Sleep,FALSE,FALSE
704,32,India,Spotify,Student,Hip-Hop,Billie Eilish,150,47,8,14.8,FALSE,Happy,FALSE,FALSE
705,31,France,Spotify,Family,Rock,Tyler the Creator,137,37,9,19.1,FALSE,Happy,TRUE,FALSE
706,26,Brazil,YouTube Music,Free,R&B,Burna Boy,73,23,11,40.5,FALSE,Focus,TRUE,TRUE
707,20,India,YouTube Music,Premium,Rock,The Weeknd,205,63,6,35.9,TRUE,Happy,TRUE,TRUE
708,26,UK,Apple Music,Free,Rock,The Weeknd,63,16,6,12.6,TRUE,Workout,FALSE,TRUE
709,13,Nigeria,Spotify,Premium,K-Pop,Kendrick Lamar,163,52,6,24,TRUE,Happy,FALSE,TRUE
710,17,USA,Spotify,Free,Classical,Dua Lipa,233,69,9,34.1,TRUE,Sad,TRUE,FALSE
711,26,Brazil,Tidal,Premium,EDM,Tyler the Creator,54,16,6,41.9,TRUE,Focus,FALSE,TRUE
712,13,USA,YouTube Music,Free,Hip-Hop,Taylor Swift,258,68,6,18.2,FALSE,Party,FALSE,FALSE
713,13,Australia,YouTube Music,Family,Pop,Burna Boy,162,36,3,31.6,TRUE,Sleep,FALSE,FALSE
714,15,Nigeria,Spotify,Free,Rock,Olivia Rodrigo,452,129,8,35,TRUE,Workout,TRUE,FALSE
715,26,India,Apple Music,Premium,Pop,SZA,31,16,6,21.7,FALSE,Sleep,FALSE,FALSE
716,33,UK,Spotify,Family,EDM,Taylor Swift,115,35,12,37.4,TRUE,Happy,FALSE,FALSE
717,26,USA,SoundCloud,Free,Indie,Drake,247,65,7,33.5,TRUE,Chill,FALSE,FALSE
718,16,Brazil,SoundCloud,Free,Lo-fi,Bad Bunny,167,43,8,34,FALSE,Sad,TRUE,TRUE
719,33,USA,Spotify,Premium,Pop,Drake,234,60,12,30.8,FALSE,Focus,FALSE,FALSE
720,46,France,Tidal,Premium,EDM,Burna Boy,147,47,5,48,TRUE,Chill,TRUE,TRUE
721,15,France,Apple Music,Free,Indie,Olivia Rodrigo,70,17,10,33,TRUE,Workout,TRUE,FALSE
722,16,Germany,Apple Music,Premium,Pop,Ariana Grande,283,78,9,39.4,TRUE,Sad,TRUE,FALSE
723,28,Germany,Amazon Music,Student,R&B,Dua Lipa,231,71,7,53.8,FALSE,Workout,FALSE,FALSE
724,49,Nigeria,Spotify,Free,Pop,Bad Bunny,208,53,9,41.2,FALSE,Energetic,TRUE,TRUE
725,26,France,YouTube Music,Family,Country,Taylor Swift,76,15,12,28.6,FALSE,Chill,FALSE,TRUE
726,34,Japan,Apple Music,Premium,Hip-Hop,SZA,165,46,9,50.6,TRUE,Chill,FALSE,FALSE
727,16,Canada,Spotify,Free,R&B,Dua Lipa,270,81,8,14.5,FALSE,Sad,FALSE,FALSE
728,36,Germany,Spotify,Family,Indie,Drake,33,7,8,14.4,TRUE,Energetic,TRUE,FALSE
729,38,India,Tidal,Free,Afrobeats,Dua Lipa,142,52,5,18.5,FALSE,Happy,FALSE,FALSE
730,21,India,Spotify,Premium,Pop,Travis Scott,122,33,13,23.4,FALSE,Sleep,TRUE,FALSE
731,13,Canada,Apple Music,Student,Hip-Hop,BTS,393,112,12,22.1,FALSE,Party,FALSE,TRUE
732,43,USA,Spotify,Free,R&B,Drake,386,108,5,7.6,TRUE,Sad,TRUE,FALSE
733,23,Japan,Amazon Music,Free,Jazz,Olivia Rodrigo,75,14,6,10.8,FALSE,Energetic,TRUE,TRUE
734,27,Nigeria,Spotify,Family,Pop,Dua Lipa,56,24,6,9,FALSE,Chill,FALSE,TRUE
735,26,Japan,Spotify,Family,Lo-fi,Tyler the Creator,189,49,10,38.9,TRUE,Energetic,FALSE,TRUE
736,27,Japan,Tidal,Free,Hip-Hop,Dua Lipa,462,130,2,19.1,FALSE,Happy,FALSE,TRUE
737,26,UK,Spotify,Student,Afrobeats,SZA,14,1,7,10.9,TRUE,Chill,FALSE,TRUE
738,28,Germany,Apple Music,Premium,Lo-fi,Dua Lipa,91,20,8,35.5,TRUE,Party,TRUE,TRUE
739,21,Japan,YouTube Music,Free,Classical,Travis Scott,117,34,6,31.2,FALSE,Sleep,TRUE,FALSE
740,25,Nigeria,SoundCloud,Premium,R&B,Drake,390,109,4,39.8,FALSE,Happy,FALSE,FALSE
741,32,France,Spotify,Premium,Pop,Travis Scott,34,6,7,17.1,FALSE,Energetic,FALSE,TRUE
742,27,India,Amazon Music,Free,Hip-Hop,The Weeknd,343,91,9,45.7,TRUE,Chill,TRUE,FALSE
743,32,France,Spotify,Student,Pop,Travis Scott,76,20,10,25.1,TRUE,Sad,TRUE,TRUE
744,31,Germany,Tidal,Free,Hip-Hop,Ariana Grande,358,100,9,24.2,TRUE,Sad,FALSE,FALSE
745,36,Brazil,Spotify,Free,Jazz,Kendrick Lamar,11,2,8,18.8,FALSE,Sad,FALSE,TRUE
746,31,France,Apple Music,Free,K-Pop,Tyler the Creator,249,62,11,47.6,TRUE,Sad,FALSE,FALSE
747,15,Japan,Spotify,Free,Pop,Billie Eilish,155,44,10,0,TRUE,Sad,FALSE,TRUE
748,22,Brazil,SoundCloud,Student,K-Pop,BTS,123,28,9,20.1,FALSE,Party,TRUE,TRUE
749,34,Japan,YouTube Music,Free,K-Pop,Olivia Rodrigo,132,39,9,18.3,TRUE,Workout,TRUE,TRUE
750,43,USA,YouTube Music,Premium,Country,Billie Eilish,133,38,9,30.8,FALSE,Party,TRUE,FALSE
751,31,Australia,Amazon Music,Student,Classical,Travis Scott,135,41,7,23.3,FALSE,Sad,TRUE,FALSE
752,30,Australia,Spotify,Family,Pop,Kendrick Lamar,122,36,11,45.3,TRUE,Workout,TRUE,FALSE
753,17,Canada,YouTube Music,Premium,Rock,SZA,101,26,8,6.7,TRUE,Chill,FALSE,FALSE
754,19,Germany,Spotify,Free,Pop,SZA,132,34,9,32.1,TRUE,Happy,TRUE,FALSE
755,30,Brazil,Tidal,Free,Lo-fi,Billie Eilish,265,83,9,38.2,FALSE,Sad,TRUE,TRUE
756,13,Brazil,Amazon Music,Premium,EDM,Kendrick Lamar,24,7,10,18.8,FALSE,Sleep,FALSE,TRUE
757,47,France,Amazon Music,Premium,Pop,The Weeknd,212,54,5,34.8,FALSE,Chill,TRUE,FALSE
758,43,USA,Spotify,Family,Rock,The Weeknd,141,38,12,40.6,FALSE,Sleep,FALSE,FALSE
759,33,Canada,Amazon Music,Free,EDM,The Weeknd,115,30,6,1.1,TRUE,Sad,FALSE,FALSE
760,33,Germany,YouTube Music,Premium,Indie,Travis Scott,228,56,14,19.8,FALSE,Energetic,FALSE,TRUE
761,46,France,Spotify,Free,K-Pop,SZA,157,40,7,30.8,FALSE,Chill,FALSE,TRUE
762,41,USA,Spotify,Student,EDM,Dua Lipa,264,63,5,24.2,FALSE,Energetic,TRUE,TRUE
763,29,Japan,Tidal,Free,Jazz,The Weeknd,142,39,15,32.9,FALSE,Workout,TRUE,FALSE
764,30,Germany,SoundCloud,Family,EDM,Taylor Swift,41,15,8,28,FALSE,Chill,TRUE,TRUE
765,37,USA,Amazon Music,Free,Pop,Ariana Grande,42,5,9,22.7,FALSE,Focus,FALSE,TRUE
766,35,UK,Spotify,Free,Pop,Drake,168,47,13,27.9,TRUE,Chill,TRUE,FALSE
767,29,Japan,Spotify,Family,EDM,Billie Eilish,85,17,8,18.6,FALSE,Workout,FALSE,FALSE
768,46,USA,YouTube Music,Premium,Rock,Dua Lipa,184,58,7,33,FALSE,Focus,FALSE,FALSE
769,14,Japan,Apple Music,Free,Rock,Billie Eilish,201,55,16,27.7,FALSE,Chill,FALSE,TRUE
770,29,Nigeria,Spotify,Family,R&B,Kendrick Lamar,57,15,9,35.1,TRUE,Happy,FALSE,TRUE
771,36,UK,Apple Music,Free,Afrobeats,SZA,30,6,8,24.3,TRUE,Focus,FALSE,FALSE
772,13,India,YouTube Music,Free,Afrobeats,BTS,117,42,11,28.7,FALSE,Party,FALSE,FALSE
773,24,UK,Apple Music,Student,EDM,Tyler the Creator,97,24,12,31.7,TRUE,Happy,TRUE,FALSE
774,25,UK,Spotify,Free,Pop,Travis Scott,217,61,9,29.4,FALSE,Sad,TRUE,FALSE
775,21,Nigeria,Spotify,Premium,Indie,Kendrick Lamar,161,49,12,6.8,TRUE,Party,FALSE,FALSE
776,47,USA,Apple Music,Family,EDM,Burna Boy,189,53,8,20,TRUE,Focus,TRUE,FALSE
777,26,Canada,YouTube Music,Free,EDM,The Weeknd,96,19,13,28,TRUE,Chill,FALSE,TRUE
778,32,Japan,Tidal,Family,Pop,SZA,94,32,9,40.3,TRUE,Energetic,TRUE,TRUE
779,44,USA,Amazon Music,Premium,EDM,Ariana Grande,57,26,16,45.6,TRUE,Party,TRUE,FALSE
780,24,USA,Spotify,Premium,Afrobeats,Drake,162,48,14,44.9,TRUE,Sad,FALSE,FALSE
781,29,Japan,Amazon Music,Free,Rock,Tyler the Creator,122,36,7,10.9,FALSE,Sad,TRUE,FALSE
782,14,Canada,Tidal,Free,Rock,Dua Lipa,149,43,7,35.1,TRUE,Happy,TRUE,FALSE
783,13,Brazil,YouTube Music,Premium,Rock,The Weeknd,52,22,9,4.8,FALSE,Happy,FALSE,TRUE
784,13,Germany,Spotify,Student,Hip-Hop,The Weeknd,104,33,11,37.8,FALSE,Energetic,FALSE,FALSE
785,32,Japan,Spotify,Free,Jazz,Dua Lipa,104,29,15,25.3,FALSE,Focus,TRUE,TRUE
786,30,USA,Amazon Music,Free,Hip-Hop,Olivia Rodrigo,151,44,8,18.8,FALSE,Workout,TRUE,TRUE
787,26,Japan,Amazon Music,Free,Indie,Kendrick Lamar,138,43,4,30.8,TRUE,Energetic,FALSE,FALSE
788,23,Canada,SoundCloud,Family,K-Pop,Drake,108,33,14,32.2,TRUE,Sleep,FALSE,TRUE
789,13,Australia,YouTube Music,Premium,Afrobeats,BTS,160,45,9,23.9,TRUE,Happy,TRUE,TRUE
790,20,Japan,SoundCloud,Free,K-Pop,Taylor Swift,106,33,13,26.9,TRUE,Energetic,TRUE,FALSE
791,13,UK,Spotify,Free,Hip-Hop,Olivia Rodrigo,172,42,10,12.4,FALSE,Sleep,TRUE,TRUE
792,37,UK,Spotify,Free,Pop,Kendrick Lamar,125,37,9,28.6,FALSE,Energetic,FALSE,FALSE
793,20,France,Amazon Music,Free,R&B,SZA,192,48,7,38.5,FALSE,Energetic,TRUE,FALSE
794,38,Brazil,Spotify,Premium,R&B,Tyler the Creator,198,57,7,22.8,FALSE,Energetic,FALSE,FALSE
795,32,Germany,Spotify,Family,Pop,Drake,142,40,7,41.3,FALSE,Energetic,TRUE,FALSE
796,34,Brazil,Spotify,Student,Hip-Hop,Tyler the Creator,209,57,7,37.5,FALSE,Workout,FALSE,TRUE
797,27,Canada,YouTube Music,Premium,Pop,Tyler the Creator,127,23,9,22.3,TRUE,Energetic,FALSE,TRUE
798,33,India,Spotify,Student,Hip-Hop,Kendrick Lamar,95,22,16,30.1,TRUE,Focus,FALSE,TRUE
799,20,USA,Apple Music,Free,Pop,Tyler the Creator,121,31,19,35.6,TRUE,Workout,TRUE,TRUE
800,18,USA,Spotify,Premium,Indie,Travis Scott,117,42,6,40.1,TRUE,Workout,FALSE,FALSE
801,27,India,YouTube Music,Free,EDM,Taylor Swift,163,49,10,10,TRUE,Chill,TRUE,TRUE
802,30,USA,SoundCloud,Family,R&B,Bad Bunny,165,53,7,42.3,FALSE,Focus,FALSE,TRUE
803,28,France,SoundCloud,Student,Rock,Taylor Swift,139,36,10,18.9,TRUE,Sleep,FALSE,FALSE
804,20,Japan,Spotify,Free,Rock,Olivia Rodrigo,40,10,11,18.9,FALSE,Party,TRUE,FALSE
805,28,Nigeria,YouTube Music,Premium,Afrobeats,Ariana Grande,127,40,15,31.2,FALSE,Chill,FALSE,TRUE
806,38,USA,Spotify,Premium,EDM,Tyler the Creator,116,36,6,8.2,FALSE,Focus,FALSE,TRUE
807,23,USA,Spotify,Student,Indie,Kendrick Lamar,63,17,3,35.2,FALSE,Energetic,FALSE,FALSE
808,21,Australia,YouTube Music,Premium,Lo-fi,SZA,289,80,11,23.3,FALSE,Workout,FALSE,FALSE
809,39,Australia,Spotify,Premium,Jazz,Olivia Rodrigo,37,14,10,29.4,TRUE,Sleep,TRUE,FALSE
810,34,Australia,Spotify,Free,Rock,Dua Lipa,15,1,14,30.3,FALSE,Energetic,FALSE,FALSE
811,13,Canada,Spotify,Free,Pop,Tyler the Creator,92,24,10,37.1,FALSE,Sad,FALSE,FALSE
812,23,Japan,Spotify,Free,Jazz,Kendrick Lamar,225,62,10,34.6,TRUE,Sad,FALSE,TRUE
813,35,Canada,Spotify,Free,Hip-Hop,Tyler the Creator,229,60,4,21.5,FALSE,Sleep,FALSE,TRUE
814,41,USA,Spotify,Family,Country,SZA,33,15,11,56.7,FALSE,Sad,TRUE,FALSE
815,18,France,Spotify,Premium,Hip-Hop,SZA,144,36,11,32.3,TRUE,Energetic,TRUE,TRUE
816,21,Brazil,YouTube Music,Free,Pop,Dua Lipa,148,45,6,28.2,TRUE,Sad,TRUE,FALSE
817,22,Brazil,SoundCloud,Free,Pop,Dua Lipa,205,54,14,38.2,TRUE,Workout,FALSE,TRUE
818,17,Japan,SoundCloud,Family,R&B,Ariana Grande,29,7,6,13.5,TRUE,Party,FALSE,TRUE
819,41,Australia,YouTube Music,Free,Rock,Olivia Rodrigo,37,18,6,9.5,FALSE,Workout,TRUE,TRUE
820,20,Australia,Apple Music,Free,EDM,Burna Boy,61,16,7,42.6,TRUE,Workout,TRUE,FALSE
821,18,USA,Apple Music,Family,Lo-fi,Bad Bunny,112,40,13,20.3,FALSE,Party,FALSE,TRUE
822,38,Brazil,YouTube Music,Premium,Pop,The Weeknd,45,28,9,26.4,TRUE,Happy,TRUE,FALSE
823,26,Canada,YouTube Music,Free,Pop,Taylor Swift,70,11,7,27.8,FALSE,Energetic,FALSE,TRUE
824,20,Nigeria,Apple Music,Free,Hip-Hop,Dua Lipa,24,2,9,21.6,TRUE,Sad,TRUE,TRUE
825,30,India,Spotify,Family,R&B,SZA,53,12,8,25.4,FALSE,Sad,FALSE,FALSE
826,30,UK,Spotify,Family,Country,Taylor Swift,329,97,7,17.8,TRUE,Focus,FALSE,FALSE
827,13,Canada,YouTube Music,Free,Rock,Dua Lipa,83,19,16,44.6,TRUE,Workout,FALSE,FALSE
828,23,Nigeria,Apple Music,Family,Hip-Hop,Burna Boy,20,9,7,17,FALSE,Chill,FALSE,TRUE
829,30,Canada,Apple Music,Premium,EDM,Dua Lipa,83,22,10,24.3,TRUE,Sad,FALSE,FALSE
830,27,Brazil,Tidal,Premium,EDM,Ariana Grande,131,41,7,22.4,TRUE,Focus,TRUE,TRUE
831,28,India,Apple Music,Free,Indie,The Weeknd,84,20,15,26.9,FALSE,Sleep,FALSE,FALSE
832,32,Brazil,YouTube Music,Free,Country,Travis Scott,48,10,12,44.5,FALSE,Sad,FALSE,TRUE
833,29,Nigeria,Apple Music,Premium,Country,Burna Boy,135,38,12,49.7,FALSE,Happy,FALSE,TRUE
834,21,Germany,Spotify,Student,Jazz,The Weeknd,150,44,1,41.4,FALSE,Focus,FALSE,TRUE
835,33,Australia,Amazon Music,Premium,Indie,Kendrick Lamar,79,12,4,23.2,FALSE,Energetic,FALSE,FALSE
836,39,USA,Spotify,Premium,EDM,BTS,70,27,7,10.6,FALSE,Happy,FALSE,FALSE
837,34,France,Spotify,Premium,Pop,The Weeknd,50,12,16,46.7,TRUE,Party,FALSE,FALSE
838,36,Canada,SoundCloud,Free,Lo-fi,Burna Boy,80,26,13,39.3,TRUE,Happy,FALSE,FALSE
839,19,USA,YouTube Music,Family,K-Pop,The Weeknd,164,40,6,49.4,TRUE,Party,FALSE,TRUE
840,25,Germany,SoundCloud,Free,EDM,BTS,311,94,11,33.1,FALSE,Focus,FALSE,TRUE
841,27,Nigeria,YouTube Music,Family,Indie,Bad Bunny,182,47,7,23.9,FALSE,Energetic,FALSE,TRUE
842,23,Germany,Spotify,Free,Pop,The Weeknd,173,45,7,47.6,FALSE,Energetic,FALSE,TRUE
843,44,India,Apple Music,Family,Afrobeats,Bad Bunny,186,60,6,44.2,FALSE,Happy,TRUE,TRUE
844,21,UK,Apple Music,Student,Rock,Tyler the Creator,226,61,10,47.5,TRUE,Sleep,TRUE,FALSE
845,22,France,Spotify,Student,Lo-fi,Olivia Rodrigo,127,39,8,28.8,TRUE,Workout,FALSE,FALSE
846,24,Nigeria,Spotify,Free,Jazz,Kendrick Lamar,229,64,10,16.8,FALSE,Happy,TRUE,TRUE
847,37,Brazil,SoundCloud,Family,Pop,Olivia Rodrigo,35,4,12,0,FALSE,Sleep,TRUE,TRUE
848,27,Brazil,Spotify,Premium,Hip-Hop,Bad Bunny,366,110,11,29.8,TRUE,Party,TRUE,FALSE
849,20,India,Spotify,Premium,Pop,SZA,297,88,6,22.6,TRUE,Chill,TRUE,TRUE
850,26,India,YouTube Music,Premium,R&B,BTS,423,123,9,12.6,TRUE,Sad,TRUE,TRUE
851,26,UK,Apple Music,Free,Indie,SZA,547,154,6,30.5,TRUE,Workout,TRUE,TRUE
852,14,Brazil,Spotify,Premium,Hip-Hop,SZA,39,3,9,11.4,TRUE,Party,TRUE,TRUE
853,29,France,Apple Music,Premium,Hip-Hop,Olivia Rodrigo,44,11,15,33.6,TRUE,Sleep,TRUE,FALSE
854,30,Nigeria,Spotify,Free,Hip-Hop,SZA,151,35,10,39.1,FALSE,Party,TRUE,TRUE
855,14,France,Apple Music,Free,Rock,BTS,164,49,5,11.5,FALSE,Sad,TRUE,TRUE
856,29,USA,Apple Music,Free,Rock,BTS,67,22,8,29.8,FALSE,Sad,TRUE,TRUE
857,37,India,Spotify,Free,Pop,SZA,376,99,12,39.9,FALSE,Sad,FALSE,TRUE
858,21,UK,SoundCloud,Family,Rock,The Weeknd,241,70,6,29.7,TRUE,Chill,FALSE,FALSE
859,30,Australia,Spotify,Student,R&B,BTS,138,39,12,41.9,FALSE,Sad,TRUE,TRUE
860,42,India,Spotify,Family,EDM,Kendrick Lamar,93,22,17,26.4,TRUE,Workout,TRUE,FALSE
861,43,France,Spotify,Premium,R&B,Ariana Grande,50,10,4,33.3,TRUE,Party,FALSE,TRUE
862,34,Japan,Amazon Music,Free,EDM,Travis Scott,5,5,12,26.7,FALSE,Party,FALSE,TRUE
863,41,Japan,Tidal,Free,Pop,SZA,75,22,9,33.7,TRUE,Workout,TRUE,FALSE
864,36,Nigeria,Apple Music,Free,K-Pop,Travis Scott,83,23,6,22.8,TRUE,Sad,TRUE,TRUE
865,14,Nigeria,Apple Music,Premium,Hip-Hop,Ariana Grande,167,42,10,46,TRUE,Energetic,FALSE,TRUE
866,28,France,Apple Music,Premium,Afrobeats,Dua Lipa,50,12,8,37.6,TRUE,Workout,TRUE,FALSE
867,29,Australia,Amazon Music,Student,R&B,Tyler the Creator,117,29,10,40.7,FALSE,Sleep,TRUE,FALSE
868,33,Japan,YouTube Music,Premium,Pop,Burna Boy,46,7,6,24.8,TRUE,Party,FALSE,FALSE
869,15,India,Spotify,Free,Pop,Olivia Rodrigo,153,52,8,57.6,TRUE,Workout,TRUE,TRUE
870,30,Australia,Amazon Music,Premium,Indie,Bad Bunny,125,34,9,30.1,TRUE,Focus,FALSE,TRUE
871,14,Brazil,Spotify,Family,Indie,Bad Bunny,153,46,10,47.1,TRUE,Happy,TRUE,FALSE
872,34,India,SoundCloud,Premium,Lo-fi,Burna Boy,277,82,10,25.9,FALSE,Energetic,TRUE,TRUE
873,16,France,Tidal,Family,Pop,BTS,225,71,6,37.7,FALSE,Sad,FALSE,FALSE
874,14,Canada,Amazon Music,Premium,R&B,Billie Eilish,118,36,14,37.7,FALSE,Happy,FALSE,FALSE
875,20,Canada,Tidal,Premium,R&B,Tyler the Creator,173,53,5,15.1,FALSE,Workout,TRUE,FALSE
876,19,Nigeria,Spotify,Free,Hip-Hop,Taylor Swift,43,1,10,25.2,TRUE,Workout,TRUE,TRUE
877,17,Japan,Spotify,Premium,Pop,Taylor Swift,103,30,6,40.2,FALSE,Party,TRUE,FALSE
878,31,Nigeria,Spotify,Free,Classical,Kendrick Lamar,139,36,7,46.4,TRUE,Sad,TRUE,FALSE
879,31,Canada,Apple Music,Premium,Hip-Hop,Ariana Grande,234,70,10,29.6,FALSE,Workout,TRUE,TRUE
880,25,USA,Spotify,Free,Hip-Hop,Olivia Rodrigo,145,38,5,57,FALSE,Chill,TRUE,TRUE
881,25,Canada,Spotify,Premium,Rock,Travis Scott,62,16,7,30.8,TRUE,Focus,FALSE,TRUE
882,13,Australia,Amazon Music,Free,K-Pop,Billie Eilish,320,95,9,46.2,FALSE,Sleep,TRUE,TRUE
883,28,USA,YouTube Music,Free,Indie,Taylor Swift,271,74,13,44.7,FALSE,Happy,FALSE,FALSE
884,30,Australia,Tidal,Free,Lo-fi,BTS,168,44,9,22.8,TRUE,Energetic,TRUE,TRUE
885,29,France,Apple Music,Student,Rock,Drake,186,49,5,42.3,FALSE,Workout,TRUE,FALSE
886,24,UK,Spotify,Free,Indie,Drake,77,22,14,24.2,TRUE,Party,FALSE,FALSE
887,39,India,Apple Music,Premium,Pop,Taylor Swift,196,51,9,54.2,TRUE,Chill,TRUE,FALSE
888,22,France,Spotify,Free,Rock,Billie Eilish,155,49,11,47.1,TRUE,Focus,FALSE,TRUE
889,27,France,Spotify,Premium,Rock,Taylor Swift,130,31,7,36.8,TRUE,Chill,FALSE,TRUE
890,30,Canada,Spotify,Family,Classical,Billie Eilish,44,11,10,31.7,TRUE,Energetic,FALSE,TRUE
891,20,Canada,Apple Music,Free,Pop,BTS,118,29,7,34,FALSE,Sleep,FALSE,FALSE
892,31,Japan,Apple Music,Free,EDM,SZA,290,77,6,42.6,TRUE,Sad,FALSE,FALSE
893,19,UK,Spotify,Free,Country,Burna Boy,100,24,13,10.9,FALSE,Party,FALSE,FALSE
894,32,Brazil,Spotify,Premium,Rock,Drake,156,44,6,13.2,TRUE,Chill,TRUE,TRUE
895,25,India,Spotify,Free,EDM,Burna Boy,94,22,9,16.3,FALSE,Energetic,FALSE,FALSE
896,13,Japan,Spotify,Free,Indie,Olivia Rodrigo,101,24,8,21.3,TRUE,Party,TRUE,FALSE
897,36,Germany,Apple Music,Free,Hip-Hop,The Weeknd,118,41,9,49.7,TRUE,Chill,TRUE,TRUE
898,24,Japan,Apple Music,Family,Hip-Hop,Travis Scott,49,21,12,47.4,FALSE,Sleep,TRUE,FALSE
899,37,India,Apple Music,Free,Indie,Billie Eilish,123,36,4,38.5,FALSE,Sad,FALSE,TRUE
900,28,Canada,Tidal,Family,Rock,Taylor Swift,54,20,11,37.9,FALSE,Sleep,FALSE,TRUE
901,52,Japan,YouTube Music,Family,Lo-fi,Ariana Grande,185,55,10,14.5,TRUE,Sleep,FALSE,FALSE
902,16,Canada,SoundCloud,Free,Pop,Olivia Rodrigo,117,36,11,64.2,TRUE,Energetic,FALSE,FALSE
903,36,Brazil,Tidal,Student,EDM,Olivia Rodrigo,177,60,11,19.9,TRUE,Sad,TRUE,FALSE
904,32,Canada,YouTube Music,Student,Pop,Dua Lipa,110,29,6,28.7,TRUE,Chill,FALSE,FALSE
905,19,Brazil,YouTube Music,Free,Rock,The Weeknd,142,39,7,25.9,FALSE,Sleep,TRUE,TRUE
906,18,India,YouTube Music,Free,Hip-Hop,Bad Bunny,126,32,10,14.5,FALSE,Sad,TRUE,TRUE
907,38,UK,Spotify,Free,Hip-Hop,Bad Bunny,104,31,13,46.4,FALSE,Workout,TRUE,FALSE
908,14,UK,Apple Music,Free,Afrobeats,Drake,480,139,10,0,TRUE,Party,TRUE,FALSE
909,34,USA,SoundCloud,Family,Pop,Dua Lipa,142,41,13,22,TRUE,Workout,TRUE,TRUE
910,37,Japan,Tidal,Free,Hip-Hop,Billie Eilish,37,8,6,33.5,FALSE,Sleep,TRUE,TRUE
911,34,USA,Apple Music,Free,Afrobeats,Ariana Grande,88,33,12,31.5,TRUE,Party,FALSE,TRUE
912,14,Germany,YouTube Music,Free,Hip-Hop,Olivia Rodrigo,187,54,10,21.2,FALSE,Sad,TRUE,FALSE
913,21,Germany,Tidal,Premium,Pop,Billie Eilish,27,8,7,19,TRUE,Sleep,TRUE,FALSE
914,18,Germany,Spotify,Family,Lo-fi,Billie Eilish,67,13,7,33.3,TRUE,Happy,FALSE,TRUE
915,37,Germany,Spotify,Free,Hip-Hop,BTS,50,11,10,35.5,TRUE,Sleep,FALSE,TRUE
916,34,Germany,Spotify,Free,K-Pop,Travis Scott,218,62,13,33.3,FALSE,Happy,FALSE,FALSE
917,21,India,Spotify,Free,Pop,Billie Eilish,74,20,13,38.5,FALSE,Chill,FALSE,TRUE
918,19,Germany,Apple Music,Premium,EDM,Tyler the Creator,96,24,7,35.2,TRUE,Sleep,TRUE,TRUE
919,39,Japan,YouTube Music,Free,Jazz,Kendrick Lamar,197,55,7,17.4,TRUE,Chill,FALSE,FALSE
920,30,Brazil,Amazon Music,Free,Hip-Hop,Taylor Swift,91,20,7,50.4,TRUE,Sleep,FALSE,TRUE
921,41,Japan,Spotify,Free,K-Pop,Drake,153,46,11,0,TRUE,Focus,FALSE,TRUE
922,22,Canada,Apple Music,Free,EDM,Taylor Swift,135,37,8,22.6,FALSE,Happy,FALSE,FALSE
923,23,Japan,Spotify,Free,Hip-Hop,Bad Bunny,453,128,7,18.9,FALSE,Party,TRUE,TRUE
924,26,Nigeria,YouTube Music,Family,Afrobeats,Olivia Rodrigo,357,97,10,22.3,FALSE,Party,FALSE,FALSE
925,34,Australia,Apple Music,Student,R&B,Dua Lipa,91,35,8,27.2,FALSE,Sleep,TRUE,FALSE
926,36,Brazil,YouTube Music,Free,Hip-Hop,Travis Scott,164,47,4,12.6,FALSE,Chill,FALSE,FALSE
927,32,Canada,Spotify,Free,R&B,The Weeknd,22,4,8,39.4,FALSE,Sleep,FALSE,FALSE
928,29,Australia,YouTube Music,Premium,Rock,Tyler the Creator,232,65,10,23.5,FALSE,Focus,FALSE,TRUE
929,32,Germany,YouTube Music,Free,K-Pop,Ariana Grande,222,59,10,30.3,FALSE,Energetic,FALSE,FALSE
930,28,Japan,Apple Music,Free,R&B,Burna Boy,445,129,11,24,FALSE,Party,TRUE,FALSE
931,25,USA,Spotify,Free,Pop,Olivia Rodrigo,182,58,7,35.4,FALSE,Sleep,FALSE,FALSE
932,46,USA,Apple Music,Premium,Classical,Ariana Grande,98,27,11,38.6,TRUE,Sleep,FALSE,TRUE
933,40,France,Spotify,Free,Pop,Billie Eilish,98,28,3,45.2,TRUE,Workout,TRUE,TRUE
934,33,India,Tidal,Premium,Indie,Tyler the Creator,91,26,9,15.6,TRUE,Party,FALSE,TRUE
935,26,USA,Amazon Music,Free,Jazz,Billie Eilish,17,1,4,18.2,FALSE,Focus,TRUE,TRUE
936,17,Australia,Spotify,Free,EDM,BTS,149,38,12,24.6,TRUE,Chill,TRUE,TRUE
937,28,Nigeria,SoundCloud,Premium,Pop,BTS,78,31,9,16.9,TRUE,Energetic,FALSE,TRUE
938,17,Germany,Apple Music,Free,Jazz,Billie Eilish,80,22,6,42.6,FALSE,Focus,FALSE,TRUE
939,33,Brazil,Spotify,Premium,K-Pop,BTS,73,22,7,35.2,TRUE,Party,TRUE,FALSE
940,31,Japan,Spotify,Family,EDM,Tyler the Creator,156,52,3,10.2,FALSE,Sleep,FALSE,FALSE
941,33,Germany,SoundCloud,Free,R&B,Kendrick Lamar,548,160,11,21.2,TRUE,Chill,FALSE,TRUE
942,33,France,Spotify,Student,Classical,Bad Bunny,88,29,8,48.1,FALSE,Focus,FALSE,TRUE
943,17,UK,YouTube Music,Student,Country,SZA,128,33,11,42.3,TRUE,Chill,FALSE,FALSE
944,31,India,Apple Music,Free,R&B,Ariana Grande,172,51,5,32,TRUE,Sleep,FALSE,TRUE
945,35,Japan,Apple Music,Family,EDM,Dua Lipa,77,25,11,16.8,TRUE,Chill,FALSE,FALSE
946,31,India,YouTube Music,Premium,EDM,Burna Boy,146,47,13,28.7,TRUE,Energetic,FALSE,FALSE
947,26,UK,YouTube Music,Free,Rock,BTS,57,15,12,16,TRUE,Chill,TRUE,TRUE
948,19,USA,Spotify,Student,R&B,BTS,208,49,11,35.5,FALSE,Focus,FALSE,TRUE
949,15,USA,Spotify,Premium,Indie,Burna Boy,121,28,11,23.3,FALSE,Chill,TRUE,FALSE
950,15,France,YouTube Music,Free,Hip-Hop,Burna Boy,204,55,9,48.9,FALSE,Focus,FALSE,TRUE
951,41,France,SoundCloud,Free,K-Pop,Burna Boy,140,47,6,28.3,FALSE,Party,FALSE,TRUE
952,20,Japan,YouTube Music,Free,Pop,Kendrick Lamar,121,26,10,32.3,TRUE,Chill,TRUE,TRUE
953,35,UK,Apple Music,Premium,Pop,Dua Lipa,82,15,4,42.1,FALSE,Sad,FALSE,TRUE
954,31,USA,Spotify,Free,Pop,Bad Bunny,237,70,15,29.3,FALSE,Energetic,FALSE,TRUE
955,18,Brazil,Tidal,Free,Hip-Hop,Drake,266,85,12,35.8,TRUE,Happy,TRUE,FALSE
956,22,Germany,Apple Music,Free,R&B,Olivia Rodrigo,65,12,3,24.6,FALSE,Sleep,TRUE,TRUE
957,17,Brazil,Spotify,Premium,Pop,Drake,77,25,11,14.1,TRUE,Chill,FALSE,FALSE
958,30,Nigeria,YouTube Music,Free,R&B,Kendrick Lamar,85,28,3,45.2,FALSE,Sad,FALSE,TRUE
959,25,Japan,Spotify,Free,Indie,Drake,273,85,10,47.6,TRUE,Sad,TRUE,TRUE
960,27,Canada,Apple Music,Premium,Pop,SZA,201,57,9,0,FALSE,Happy,TRUE,FALSE
961,16,Australia,Spotify,Free,Lo-fi,BTS,145,38,10,38.5,FALSE,Energetic,TRUE,FALSE
962,49,India,Amazon Music,Premium,Lo-fi,Kendrick Lamar,60,23,15,13.8,TRUE,Party,TRUE,TRUE
963,16,India,Spotify,Free,Rock,Bad Bunny,168,44,7,14.2,FALSE,Workout,FALSE,TRUE
964,29,USA,Spotify,Premium,EDM,Travis Scott,72,17,7,0.3,TRUE,Happy,TRUE,FALSE
965,20,Brazil,Spotify,Family,EDM,Billie Eilish,118,28,8,33.7,FALSE,Workout,FALSE,TRUE
966,35,France,Apple Music,Premium,Rock,BTS,63,19,9,24.1,FALSE,Chill,FALSE,FALSE
967,35,Australia,Spotify,Free,K-Pop,Billie Eilish,64,19,4,31.2,FALSE,Party,FALSE,TRUE
968,34,India,YouTube Music,Premium,Afrobeats,Billie Eilish,146,46,11,31.9,TRUE,Energetic,TRUE,FALSE
969,20,France,YouTube Music,Free,Indie,The Weeknd,100,28,7,47.8,TRUE,Energetic,FALSE,FALSE
970,26,Brazil,Spotify,Free,Hip-Hop,The Weeknd,73,26,11,21.6,TRUE,Workout,FALSE,FALSE
971,25,France,Apple Music,Free,EDM,Tyler the Creator,163,46,8,15.5,FALSE,Chill,FALSE,TRUE
972,27,Brazil,Tidal,Premium,Rock,Billie Eilish,90,17,6,15.8,TRUE,Focus,FALSE,FALSE
973,25,India,Spotify,Family,Pop,BTS,151,46,11,25.7,FALSE,Workout,FALSE,FALSE
974,13,Japan,Spotify,Premium,Pop,Drake,122,35,8,32.5,TRUE,Party,FALSE,FALSE
975,27,Germany,Amazon Music,Premium,Lo-fi,BTS,143,46,7,47.7,TRUE,Party,TRUE,TRUE
976,25,Brazil,Apple Music,Free,Indie,Billie Eilish,36,16,9,19.7,TRUE,Sad,FALSE,FALSE
977,26,UK,Apple Music,Premium,R&B,Drake,70,20,5,27.6,FALSE,Focus,TRUE,FALSE
978,17,Japan,Apple Music,Free,Afrobeats,Olivia Rodrigo,108,26,12,19.2,TRUE,Happy,TRUE,FALSE
979,13,Nigeria,YouTube Music,Family,Rock,SZA,190,49,11,33.1,TRUE,Sleep,TRUE,TRUE
980,22,Germany,Apple Music,Free,Pop,Kendrick Lamar,351,98,12,13.1,FALSE,Focus,FALSE,TRUE
981,14,USA,YouTube Music,Premium,Indie,Ariana Grande,56,20,11,13.2,FALSE,Chill,TRUE,TRUE
982,18,Brazil,Spotify,Student,K-Pop,Travis Scott,5,1,7,23,TRUE,Energetic,TRUE,TRUE
983,32,Canada,Apple Music,Free,Indie,Tyler the Creator,210,59,8,55.2,TRUE,Happy,FALSE,FALSE
984,33,France,Tidal,Premium,Classical,Travis Scott,271,76,10,29,TRUE,Focus,FALSE,TRUE
985,21,Brazil,Tidal,Premium,Rock,Billie Eilish,94,27,7,31.2,FALSE,Sad,TRUE,FALSE
986,27,Germany,Tidal,Premium,K-Pop,Travis Scott,245,67,15,38.9,TRUE,Sleep,TRUE,FALSE
987,13,Canada,Spotify,Premium,Afrobeats,Bad Bunny,42,17,4,44.1,FALSE,Chill,TRUE,TRUE
988,28,India,YouTube Music,Free,Pop,SZA,162,36,13,18.2,FALSE,Happy,FALSE,TRUE
989,32,Canada,Spotify,Free,Classical,The Weeknd,106,29,12,47.9,FALSE,Workout,FALSE,FALSE
990,15,UK,Spotify,Free,Hip-Hop,Bad Bunny,41,22,11,46.5,TRUE,Sad,TRUE,TRUE
991,13,Nigeria,Spotify,Family,K-Pop,Billie Eilish,243,66,7,47.3,TRUE,Workout,FALSE,FALSE
992,43,India,Amazon Music,Family,EDM,Taylor Swift,80,23,11,36.4,TRUE,Sleep,TRUE,FALSE
993,32,Canada,Amazon Music,Student,Pop,SZA,66,18,6,19.5,FALSE,Workout,FALSE,TRUE
994,39,Germany,Apple Music,Premium,Rock,Kendrick Lamar,122,42,8,17,FALSE,Focus,FALSE,TRUE
995,39,UK,Apple Music,Free,Pop,BTS,239,71,6,7.9,FALSE,Sad,TRUE,FALSE
996,23,India,Spotify,Free,EDM,SZA,117,27,9,13.7,FALSE,Chill,FALSE,TRUE
997,13,France,Spotify,Free,K-Pop,BTS,168,55,12,20.5,TRUE,Sleep,TRUE,FALSE
998,14,Brazil,YouTube Music,Free,K-Pop,Drake,117,29,9,33.8,FALSE,Sleep,TRUE,TRUE
999,41,Japan,Tidal,Free,Pop,Taylor Swift,86,21,12,50.7,FALSE,Party,FALSE,FALSE
1000,23,Brazil,YouTube Music,Premium,Hip-Hop,Kendrick Lamar,134,40,8,12.5,FALSE,Sad,TRUE,FALSE
1001,33,France,Apple Music,Free,Pop,BTS,21,3,7,21.6,TRUE,Workout,FALSE,FALSE
1002,24,India,Apple Music,Free,Indie,Dua Lipa,256,76,12,1.4,TRUE,Energetic,TRUE,FALSE
1003,40,USA,YouTube Music,Free,Lo-fi,Bad Bunny,117,30,4,10.4,FALSE,Focus,TRUE,TRUE
1004,27,Japan,Spotify,Free,Rock,Bad Bunny,101,20,5,3.7,TRUE,Energetic,TRUE,TRUE
1005,13,Australia,YouTube Music,Free,Indie,Burna Boy,94,29,13,24.8,FALSE,Energetic,FALSE,TRUE
1006,13,Japan,YouTube Music,Premium,Hip-Hop,Billie Eilish,52,20,9,39.8,FALSE,Party,FALSE,FALSE
1007,24,Canada,YouTube Music,Family,Afrobeats,Olivia Rodrigo,261,68,1,35.4,FALSE,Happy,FALSE,TRUE
1008,18,Germany,Apple Music,Student,Indie,Kendrick Lamar,105,41,14,26.3,FALSE,Sad,FALSE,FALSE
1009,15,Japan,Apple Music,Premium,Afrobeats,Burna Boy,340,97,7,41.7,TRUE,Sleep,FALSE,TRUE
1010,30,Nigeria,YouTube Music,Free,Country,BTS,119,33,12,21.8,TRUE,Energetic,TRUE,FALSE
1011,19,USA,YouTube Music,Premium,Jazz,SZA,82,27,10,36.3,TRUE,Chill,FALSE,FALSE
1012,18,India,Apple Music,Free,R&B,Ariana Grande,206,60,8,27.4,FALSE,Chill,FALSE,TRUE
1013,38,Nigeria,Spotify,Free,Pop,The Weeknd,21,4,8,5.5,TRUE,Party,TRUE,FALSE
1014,31,USA,Spotify,Free,Hip-Hop,SZA,377,101,7,13.2,FALSE,Focus,FALSE,TRUE
1015,23,Nigeria,Spotify,Free,Jazz,Olivia Rodrigo,73,17,14,34.8,FALSE,Sad,FALSE,FALSE
1016,28,Japan,SoundCloud,Family,Lo-fi,Olivia Rodrigo,249,72,8,33.6,FALSE,Sad,FALSE,FALSE
1017,30,Australia,YouTube Music,Student,Pop,The Weeknd,80,23,7,43.1,FALSE,Sad,FALSE,FALSE
1018,23,India,YouTube Music,Free,R&B,Ariana Grande,17,6,5,36.4,FALSE,Focus,FALSE,TRUE
1019,23,India,Apple Music,Family,Pop,Burna Boy,130,41,5,47.3,FALSE,Energetic,TRUE,FALSE
1020,44,France,YouTube Music,Free,Indie,Tyler the Creator,56,17,6,51.5,FALSE,Energetic,FALSE,TRUE
1021,26,USA,YouTube Music,Family,EDM,Dua Lipa,287,83,14,45.6,TRUE,Focus,FALSE,FALSE
1022,39,Japan,Apple Music,Premium,Jazz,Ariana Grande,99,28,9,43.4,TRUE,Sad,FALSE,FALSE
1023,25,Germany,YouTube Music,Free,Classical,Ariana Grande,47,13,9,58.7,TRUE,Workout,TRUE,FALSE
1024,29,Australia,Spotify,Free,K-Pop,Kendrick Lamar,101,44,8,0,FALSE,Chill,TRUE,TRUE
1025,22,Brazil,Tidal,Premium,Country,Bad Bunny,33,13,13,28.8,FALSE,Focus,TRUE,TRUE
1026,26,Canada,Tidal,Free,Pop,Taylor Swift,168,41,8,52.1,TRUE,Energetic,TRUE,FALSE
1027,30,Canada,Spotify,Premium,EDM,Tyler the Creator,440,122,11,23.3,FALSE,Focus,FALSE,FALSE
1028,47,India,YouTube Music,Premium,Pop,Dua Lipa,96,29,8,21,TRUE,Chill,FALSE,TRUE
1029,35,UK,Tidal,Premium,Hip-Hop,BTS,253,72,5,35.3,TRUE,Party,TRUE,FALSE
1030,36,USA,YouTube Music,Premium,Pop,The Weeknd,69,19,3,17.1,TRUE,Happy,FALSE,FALSE
1031,15,USA,Spotify,Free,Hip-Hop,SZA,73,22,7,32.1,FALSE,Sleep,FALSE,FALSE
1032,23,UK,Spotify,Free,Hip-Hop,Burna Boy,256,78,11,19.8,TRUE,Sleep,TRUE,FALSE
1033,15,Germany,Spotify,Free,Hip-Hop,Taylor Swift,232,63,3,39.4,TRUE,Energetic,FALSE,TRUE
1034,40,Japan,Spotify,Free,Rock,Travis Scott,135,43,7,4.9,FALSE,Workout,FALSE,TRUE
1035,21,India,Amazon Music,Premium,R&B,Kendrick Lamar,195,58,15,38.6,TRUE,Energetic,TRUE,FALSE
1036,26,USA,Apple Music,Family,EDM,Taylor Swift,93,27,3,36,TRUE,Focus,FALSE,FALSE
1037,24,Germany,Spotify,Free,Lo-fi,Ariana Grande,203,48,6,6.8,FALSE,Workout,TRUE,FALSE
1038,13,Germany,YouTube Music,Free,Pop,Drake,34,10,5,19.2,FALSE,Sleep,TRUE,TRUE
1039,31,Australia,Apple Music,Premium,Pop,Dua Lipa,183,58,14,30.2,TRUE,Party,FALSE,TRUE
1040,33,USA,SoundCloud,Premium,Pop,Kendrick Lamar,192,52,6,16.8,FALSE,Happy,TRUE,FALSE
1041,16,Nigeria,Apple Music,Premium,Jazz,BTS,77,33,8,24.5,TRUE,Happy,TRUE,TRUE
1042,36,France,YouTube Music,Premium,R&B,Tyler the Creator,54,17,12,38.8,TRUE,Sad,TRUE,FALSE
1043,35,France,Amazon Music,Free,Rock,Drake,296,84,15,34.5,TRUE,Workout,FALSE,TRUE
1044,23,Japan,Spotify,Free,Pop,Kendrick Lamar,190,62,9,18.7,TRUE,Energetic,FALSE,FALSE
1045,20,India,SoundCloud,Free,Rock,Billie Eilish,179,49,5,28.2,TRUE,Party,TRUE,FALSE
1046,28,Nigeria,Spotify,Premium,Pop,Billie Eilish,22,8,10,38.7,TRUE,Workout,FALSE,FALSE
1047,25,Germany,Spotify,Family,Pop,Kendrick Lamar,70,11,7,27.9,TRUE,Happy,FALSE,TRUE
1048,35,Canada,Apple Music,Family,Country,Burna Boy,170,43,14,45.8,FALSE,Sad,FALSE,TRUE
1049,15,USA,Amazon Music,Premium,K-Pop,SZA,170,50,8,33.4,TRUE,Sleep,TRUE,TRUE
1050,18,Germany,YouTube Music,Free,Hip-Hop,Bad Bunny,96,24,9,41.6,TRUE,Energetic,FALSE,FALSE
1051,38,USA,Spotify,Free,Afrobeats,Ariana Grande,78,22,12,34.7,TRUE,Energetic,FALSE,FALSE
1052,37,Brazil,SoundCloud,Family,Hip-Hop,Ariana Grande,97,30,15,41.7,TRUE,Energetic,FALSE,FALSE
1053,27,India,Spotify,Student,Pop,Billie Eilish,130,44,9,25,TRUE,Workout,TRUE,TRUE
1054,18,India,Apple Music,Premium,Rock,The Weeknd,111,26,8,37.3,FALSE,Focus,FALSE,TRUE
1055,15,Australia,Apple Music,Free,Lo-fi,Billie Eilish,310,93,9,38.9,TRUE,Workout,FALSE,FALSE
1056,26,Australia,Spotify,Premium,R&B,Burna Boy,47,19,8,27.2,TRUE,Happy,TRUE,TRUE
1057,18,Canada,Spotify,Student,Classical,Burna Boy,155,47,6,12.8,FALSE,Party,FALSE,TRUE
1058,26,France,Spotify,Free,Pop,Burna Boy,261,78,7,30.2,FALSE,Chill,FALSE,FALSE
1059,26,Germany,Amazon Music,Free,Rock,SZA,66,17,5,45.2,FALSE,Sad,FALSE,FALSE
1060,34,UK,Spotify,Free,Classical,Billie Eilish,190,52,12,17.3,TRUE,Workout,TRUE,FALSE
1061,24,Australia,SoundCloud,Free,Indie,SZA,251,73,6,18.4,TRUE,Party,TRUE,FALSE
1062,39,France,Apple Music,Free,Rock,Ariana Grande,65,16,10,27.2,FALSE,Chill,FALSE,TRUE
1063,27,Nigeria,Spotify,Premium,Classical,Olivia Rodrigo,156,45,11,30.7,TRUE,Party,TRUE,FALSE
1064,39,Australia,Spotify,Free,Classical,Olivia Rodrigo,139,46,6,35,TRUE,Chill,FALSE,TRUE
1065,38,India,YouTube Music,Free,Rock,Drake,173,42,9,26,TRUE,Happy,FALSE,TRUE
1066,25,Australia,YouTube Music,Family,Pop,Bad Bunny,83,33,7,34.4,TRUE,Sleep,TRUE,FALSE
1067,27,India,Spotify,Free,Pop,Billie Eilish,107,33,9,35.1,FALSE,Energetic,TRUE,TRUE
1068,25,UK,Apple Music,Free,Hip-Hop,Taylor Swift,264,84,8,22.9,TRUE,Sad,TRUE,FALSE
1069,32,Japan,Spotify,Premium,Hip-Hop,Olivia Rodrigo,188,50,5,51.2,TRUE,Happy,TRUE,FALSE
1070,31,Australia,YouTube Music,Family,Pop,Kendrick Lamar,207,60,11,23.8,TRUE,Workout,TRUE,FALSE
1071,27,UK,Spotify,Free,Rock,Olivia Rodrigo,108,32,7,22.1,TRUE,Focus,TRUE,FALSE
1072,27,Japan,Spotify,Free,Country,Dua Lipa,114,38,14,38,TRUE,Sad,TRUE,TRUE
1073,28,Japan,Apple Music,Free,Rock,Tyler the Creator,113,25,7,34.5,TRUE,Sad,FALSE,FALSE
1074,38,Germany,YouTube Music,Premium,Pop,Kendrick Lamar,114,29,10,20.9,TRUE,Focus,FALSE,TRUE
1075,35,Nigeria,Amazon Music,Family,Indie,Burna Boy,98,19,11,40.8,FALSE,Happy,TRUE,TRUE
1076,39,Japan,Tidal,Free,K-Pop,Drake,74,24,13,39,FALSE,Sad,FALSE,FALSE
1077,25,Brazil,Apple Music,Free,EDM,Billie Eilish,136,40,13,35.7,TRUE,Focus,TRUE,TRUE
1078,21,UK,YouTube Music,Free,Rock,Travis Scott,36,11,10,25.7,TRUE,Party,FALSE,TRUE
1079,18,Australia,Amazon Music,Free,Afrobeats,Burna Boy,95,22,11,27.9,FALSE,Workout,TRUE,FALSE
1080,25,Japan,Spotify,Premium,Pop,Drake,133,35,9,19.1,TRUE,Chill,TRUE,FALSE
1081,28,UK,Apple Music,Free,EDM,Olivia Rodrigo,18,8,8,36.3,FALSE,Focus,FALSE,FALSE
1082,29,France,Apple Music,Free,K-Pop,Kendrick Lamar,216,73,10,36.3,FALSE,Energetic,FALSE,FALSE
1083,24,UK,Spotify,Free,Pop,Dua Lipa,48,7,14,26.7,TRUE,Focus,FALSE,FALSE
1084,25,Brazil,Amazon Music,Free,K-Pop,Dua Lipa,181,44,11,37.2,FALSE,Chill,TRUE,TRUE
1085,24,India,YouTube Music,Free,Pop,Tyler the Creator,272,72,9,8.2,FALSE,Energetic,FALSE,TRUE
1086,43,Japan,Apple Music,Free,Pop,Ariana Grande,148,51,11,23.9,TRUE,Focus,FALSE,FALSE
1087,30,Australia,Apple Music,Free,EDM,Tyler the Creator,82,22,12,32.3,TRUE,Happy,TRUE,TRUE
1088,17,India,Spotify,Free,K-Pop,Taylor Swift,209,63,10,26.3,FALSE,Focus,FALSE,FALSE
1089,13,Canada,Spotify,Premium,Country,Olivia Rodrigo,146,45,16,48,TRUE,Focus,TRUE,TRUE
1090,21,Germany,Spotify,Free,Hip-Hop,Olivia Rodrigo,10,1,11,24,TRUE,Workout,FALSE,TRUE
1091,30,India,YouTube Music,Premium,Country,Tyler the Creator,145,41,9,33.7,FALSE,Energetic,FALSE,FALSE
1092,23,Nigeria,YouTube Music,Free,Pop,Ariana Grande,98,21,9,48.2,TRUE,Sleep,TRUE,TRUE
1093,21,UK,Apple Music,Family,Lo-fi,Drake,220,55,9,37.3,FALSE,Focus,FALSE,FALSE
1094,26,Nigeria,Apple Music,Free,Rock,Drake,147,37,11,26.5,FALSE,Focus,TRUE,FALSE
1095,33,UK,Apple Music,Free,Pop,BTS,214,66,10,32.6,FALSE,Happy,TRUE,FALSE
1096,37,Nigeria,Spotify,Family,Country,Taylor Swift,54,18,7,22.2,TRUE,Sleep,TRUE,FALSE
1097,27,Australia,YouTube Music,Family,Hip-Hop,Olivia Rodrigo,149,41,8,45.4,TRUE,Workout,FALSE,FALSE
1098,37,Australia,YouTube Music,Premium,Pop,Dua Lipa,164,44,10,30,FALSE,Party,TRUE,FALSE
1099,22,Canada,Amazon Music,Premium,R&B,The Weeknd,113,38,7,30.2,FALSE,Energetic,TRUE,TRUE
1100,29,Germany,Apple Music,Family,Hip-Hop,Dua Lipa,30,3,6,27.7,FALSE,Focus,FALSE,FALSE
1101,24,Japan,Spotify,Free,Pop,Olivia Rodrigo,187,55,11,29.6,TRUE,Happy,TRUE,TRUE
1102,26,Japan,Apple Music,Student,Lo-fi,Taylor Swift,62,15,8,25.6,FALSE,Sleep,FALSE,TRUE
1103,22,France,Spotify,Free,Country,Taylor Swift,36,8,11,21.5,FALSE,Sad,TRUE,FALSE
1104,29,Germany,Spotify,Free,Pop,Ariana Grande,121,33,4,25.5,FALSE,Happy,FALSE,FALSE
1105,37,Brazil,Spotify,Premium,Country,BTS,154,43,5,36.3,TRUE,Focus,FALSE,FALSE
1106,20,Australia,Spotify,Premium,R&B,SZA,220,65,8,42.3,TRUE,Focus,FALSE,FALSE
1107,29,Brazil,YouTube Music,Free,Hip-Hop,SZA,49,19,12,22.2,FALSE,Happy,FALSE,TRUE
1108,20,India,Apple Music,Family,Rock,BTS,85,23,12,34.7,TRUE,Workout,FALSE,FALSE
1109,23,France,Spotify,Family,Rock,Bad Bunny,159,46,13,30.7,TRUE,Happy,TRUE,TRUE
1110,43,Canada,Tidal,Free,EDM,BTS,40,14,10,32.5,FALSE,Happy,FALSE,TRUE
1111,27,Nigeria,Tidal,Family,Hip-Hop,Drake,81,25,11,47.3,TRUE,Energetic,TRUE,TRUE
1112,33,Japan,Spotify,Student,Pop,Drake,32,10,13,39.1,TRUE,Chill,FALSE,FALSE
1113,23,Japan,YouTube Music,Free,K-Pop,SZA,259,76,7,43.9,TRUE,Sad,FALSE,TRUE
1114,24,Japan,Spotify,Free,EDM,Kendrick Lamar,30,7,10,16.1,FALSE,Workout,TRUE,FALSE
1115,13,UK,Amazon Music,Family,Country,Tyler the Creator,101,40,13,15.1,TRUE,Chill,FALSE,TRUE
1116,26,Brazil,Apple Music,Premium,Hip-Hop,Kendrick Lamar,43,5,7,33.7,FALSE,Chill,TRUE,TRUE
1117,37,India,Spotify,Premium,K-Pop,Burna Boy,131,35,11,15,FALSE,Party,FALSE,FALSE
1118,28,Canada,Spotify,Family,Pop,Burna Boy,203,57,9,15.3,FALSE,Energetic,FALSE,FALSE
1119,23,Brazil,Spotify,Premium,Hip-Hop,Burna Boy,159,42,9,22.4,FALSE,Sad,FALSE,TRUE
1120,35,Canada,SoundCloud,Free,EDM,Drake,360,101,7,24.9,FALSE,Sad,FALSE,FALSE
1121,17,Germany,Spotify,Free,Indie,Travis Scott,192,53,8,23.7,FALSE,Party,FALSE,FALSE
1122,36,Nigeria,Apple Music,Premium,K-Pop,The Weeknd,309,83,12,28.8,TRUE,Happy,FALSE,FALSE
1123,18,Brazil,Spotify,Free,Pop,The Weeknd,33,15,15,50.8,FALSE,Focus,TRUE,TRUE
1124,19,Australia,Spotify,Free,R&B,Bad Bunny,111,27,8,48,TRUE,Sleep,TRUE,TRUE
1125,28,Germany,YouTube Music,Free,Pop,BTS,188,51,6,13,FALSE,Party,FALSE,FALSE
1126,34,Australia,Spotify,Family,Country,Olivia Rodrigo,65,31,5,26.4,FALSE,Sleep,TRUE,FALSE
1127,22,Nigeria,SoundCloud,Free,K-Pop,Burna Boy,337,95,16,33.1,TRUE,Party,TRUE,TRUE
1128,37,Nigeria,Amazon Music,Premium,Jazz,Burna Boy,149,41,7,40.6,TRUE,Chill,TRUE,TRUE
1129,51,Japan,Spotify,Student,Indie,Drake,46,18,5,19.7,TRUE,Party,TRUE,FALSE
1130,30,Nigeria,Spotify,Premium,Indie,Billie Eilish,129,33,10,32.5,TRUE,Energetic,FALSE,FALSE
1131,21,India,Spotify,Free,Hip-Hop,BTS,116,25,10,32.5,TRUE,Chill,FALSE,FALSE
1132,38,Japan,Apple Music,Free,Hip-Hop,Tyler the Creator,114,33,7,37.9,TRUE,Happy,FALSE,TRUE
1133,33,Japan,Spotify,Family,Jazz,Olivia Rodrigo,183,53,7,36.4,TRUE,Happy,TRUE,TRUE
1134,39,France,SoundCloud,Student,Indie,Tyler the Creator,286,81,10,16.1,TRUE,Workout,FALSE,FALSE
1135,24,Australia,Amazon Music,Free,Classical,Tyler the Creator,138,33,11,37.1,TRUE,Chill,TRUE,FALSE
1136,46,Japan,SoundCloud,Free,Afrobeats,The Weeknd,47,16,9,21.6,TRUE,Focus,FALSE,TRUE
1137,28,UK,Tidal,Premium,Lo-fi,Drake,250,70,14,11.3,TRUE,Chill,TRUE,FALSE
1138,24,India,YouTube Music,Free,Rock,Burna Boy,114,31,13,42.6,FALSE,Happy,FALSE,FALSE
1139,26,France,Apple Music,Free,Lo-fi,Drake,149,47,9,25.9,FALSE,Sleep,TRUE,FALSE
1140,18,USA,SoundCloud,Family,Indie,Taylor Swift,41,18,6,19.5,TRUE,Workout,TRUE,FALSE
1141,30,Japan,Spotify,Free,Pop,Ariana Grande,113,36,9,29,TRUE,Focus,TRUE,TRUE
1142,28,USA,Apple Music,Premium,Afrobeats,The Weeknd,72,20,5,26,FALSE,Workout,FALSE,FALSE
1143,22,Brazil,Spotify,Free,Pop,Burna Boy,474,136,12,31.3,TRUE,Chill,TRUE,FALSE
1144,24,India,Apple Music,Free,K-Pop,SZA,158,43,9,29.5,FALSE,Energetic,TRUE,FALSE
1145,45,India,Spotify,Free,Hip-Hop,The Weeknd,172,51,15,32.3,TRUE,Chill,TRUE,TRUE
1146,28,Nigeria,YouTube Music,Premium,Hip-Hop,Burna Boy,23,16,12,30.3,FALSE,Chill,TRUE,TRUE
1147,13,USA,Spotify,Free,K-Pop,Olivia Rodrigo,179,59,8,53.7,TRUE,Sleep,TRUE,FALSE
1148,13,USA,YouTube Music,Free,EDM,BTS,227,64,7,48.6,FALSE,Sad,TRUE,FALSE
1149,35,Brazil,YouTube Music,Free,EDM,BTS,59,21,11,20.7,TRUE,Chill,FALSE,TRUE
1150,35,France,Spotify,Premium,K-Pop,Taylor Swift,71,14,8,26.7,FALSE,Sleep,FALSE,TRUE
1151,26,France,Spotify,Family,R&B,Bad Bunny,72,16,8,22.6,FALSE,Workout,FALSE,FALSE
1152,24,Germany,YouTube Music,Premium,Rock,Dua Lipa,114,35,6,23.1,FALSE,Focus,FALSE,TRUE
1153,34,Nigeria,Spotify,Free,Afrobeats,Olivia Rodrigo,139,33,7,22.5,TRUE,Chill,FALSE,FALSE
1154,22,Japan,Apple Music,Free,Lo-fi,Ariana Grande,73,10,7,23,TRUE,Workout,FALSE,FALSE
1155,22,USA,Apple Music,Family,K-Pop,BTS,77,23,5,16.3,FALSE,Sleep,FALSE,TRUE
1156,19,Japan,Spotify,Student,Lo-fi,Burna Boy,286,76,8,38.2,TRUE,Party,FALSE,TRUE
1157,37,Canada,Apple Music,Free,Hip-Hop,Billie Eilish,128,39,10,36.6,FALSE,Focus,FALSE,TRUE
1158,36,France,Apple Music,Family,Hip-Hop,Taylor Swift,160,47,10,38.8,FALSE,Sad,TRUE,TRUE
1159,37,India,Spotify,Free,Pop,The Weeknd,210,52,9,31.6,FALSE,Party,FALSE,FALSE
1160,43,Canada,Tidal,Free,K-Pop,The Weeknd,9,4,11,27.3,FALSE,Sad,FALSE,TRUE
1161,40,Australia,SoundCloud,Family,Indie,Bad Bunny,30,11,12,6.1,FALSE,Sleep,TRUE,FALSE
1162,28,Canada,Spotify,Premium,Pop,SZA,194,51,8,24.9,FALSE,Focus,TRUE,FALSE
1163,29,Canada,Apple Music,Student,Jazz,SZA,38,3,13,14.4,FALSE,Workout,TRUE,TRUE
1164,14,Australia,Spotify,Premium,Pop,SZA,118,36,7,38.6,TRUE,Workout,FALSE,TRUE
1165,24,USA,Spotify,Free,EDM,Dua Lipa,196,58,6,13.3,FALSE,Chill,TRUE,TRUE
1166,27,France,Spotify,Premium,Rock,Bad Bunny,138,39,10,35,TRUE,Chill,TRUE,FALSE
1167,24,India,Apple Music,Premium,Classical,Taylor Swift,150,55,11,3.1,TRUE,Focus,TRUE,TRUE
1168,36,Australia,YouTube Music,Premium,EDM,Bad Bunny,88,27,3,11.2,FALSE,Happy,TRUE,TRUE
1169,26,UK,Spotify,Free,Rock,The Weeknd,395,117,10,10.6,TRUE,Sleep,FALSE,TRUE
1170,18,France,Apple Music,Premium,Indie,Ariana Grande,57,19,11,34,TRUE,Sad,FALSE,FALSE
1171,26,Nigeria,Apple Music,Free,K-Pop,Dua Lipa,148,40,9,39.4,FALSE,Energetic,FALSE,FALSE
1172,24,Canada,Apple Music,Premium,Jazz,Dua Lipa,138,39,12,4.7,TRUE,Focus,FALSE,TRUE
1173,28,Canada,Apple Music,Free,Hip-Hop,SZA,66,13,8,35.9,TRUE,Chill,FALSE,FALSE
1174,25,Nigeria,Spotify,Family,Country,Travis Scott,42,17,10,22.5,FALSE,Chill,FALSE,FALSE
1175,29,Canada,YouTube Music,Premium,R&B,The Weeknd,61,17,10,18.1,TRUE,Happy,TRUE,FALSE
1176,33,Nigeria,Tidal,Free,Indie,Olivia Rodrigo,47,9,7,53.7,TRUE,Sad,TRUE,FALSE
1177,34,France,Spotify,Student,K-Pop,Burna Boy,109,24,7,39.9,TRUE,Happy,TRUE,FALSE
1178,26,UK,Tidal,Premium,Classical,SZA,154,38,8,19.9,FALSE,Sleep,FALSE,FALSE
1179,22,Canada,Spotify,Free,Hip-Hop,Billie Eilish,116,29,3,12.9,FALSE,Happy,FALSE,FALSE
1180,40,Nigeria,Spotify,Free,Hip-Hop,SZA,106,29,13,2.9,FALSE,Happy,TRUE,FALSE
1181,19,France,Spotify,Family,Indie,The Weeknd,240,63,10,45.6,TRUE,Sad,TRUE,TRUE
1182,34,Australia,Spotify,Free,Afrobeats,Tyler the Creator,57,19,12,27.9,TRUE,Energetic,FALSE,TRUE
1183,13,Japan,YouTube Music,Student,Pop,BTS,160,48,3,25.7,FALSE,Energetic,TRUE,TRUE
1184,16,USA,SoundCloud,Free,Rock,SZA,51,14,10,30.3,FALSE,Sleep,TRUE,FALSE
1185,20,Germany,Apple Music,Free,Pop,SZA,179,64,10,20.5,FALSE,Happy,FALSE,FALSE
1186,25,Japan,Spotify,Free,Indie,Kendrick Lamar,34,18,10,21.5,TRUE,Workout,TRUE,FALSE
1187,31,Australia,Tidal,Student,Indie,Olivia Rodrigo,69,20,3,14,FALSE,Happy,TRUE,FALSE
1188,28,India,Amazon Music,Family,Pop,The Weeknd,58,18,12,25.7,TRUE,Energetic,FALSE,TRUE
1189,28,France,Spotify,Free,K-Pop,Dua Lipa,32,11,5,16.6,FALSE,Sleep,FALSE,TRUE
1190,34,UK,Apple Music,Premium,EDM,Dua Lipa,152,41,10,29.5,FALSE,Energetic,TRUE,FALSE
1191,45,USA,Apple Music,Premium,Hip-Hop,Travis Scott,73,9,6,20.1,TRUE,Sleep,FALSE,FALSE
1192,49,Nigeria,YouTube Music,Family,Indie,BTS,234,75,13,30.9,TRUE,Sad,FALSE,FALSE
1193,19,Canada,Spotify,Student,Lo-fi,Burna Boy,41,13,7,29.4,TRUE,Party,FALSE,FALSE
1194,24,Canada,Spotify,Premium,Hip-Hop,The Weeknd,214,60,13,45.2,TRUE,Sad,FALSE,FALSE
1195,15,Japan,Spotify,Family,Pop,Tyler the Creator,171,43,6,6.7,TRUE,Workout,FALSE,FALSE
1196,37,Germany,Spotify,Student,Country,SZA,501,148,10,22.9,TRUE,Workout,TRUE,FALSE
1197,21,Brazil,Spotify,Student,Hip-Hop,SZA,43,12,10,28,TRUE,Party,FALSE,TRUE
1198,37,France,Spotify,Premium,Indie,Tyler the Creator,369,113,11,6.1,TRUE,Sleep,TRUE,FALSE
1199,29,Germany,Spotify,Free,Rock,Dua Lipa,104,27,9,15.5,TRUE,Focus,FALSE,FALSE
1200,33,Australia,Spotify,Family,R&B,SZA,111,31,5,24,FALSE,Energetic,TRUE,TRUE
1201,37,USA,Spotify,Free,Jazz,Billie Eilish,28,18,9,50,TRUE,Party,FALSE,TRUE
1202,32,Japan,Spotify,Family,Hip-Hop,Bad Bunny,50,19,15,34.9,TRUE,Happy,FALSE,TRUE
1203,13,Germany,Apple Music,Free,Rock,Drake,132,33,15,24.1,FALSE,Happy,TRUE,TRUE
1204,20,Brazil,Tidal,Premium,Pop,The Weeknd,257,72,7,37.6,FALSE,Happy,FALSE,FALSE
1205,40,Germany,Spotify,Student,EDM,BTS,169,50,9,20.6,TRUE,Sleep,TRUE,FALSE
1206,31,Japan,Apple Music,Premium,Afrobeats,Olivia Rodrigo,131,38,9,35.3,TRUE,Workout,TRUE,TRUE
1207,35,Germany,YouTube Music,Premium,Hip-Hop,Drake,194,48,11,22.9,FALSE,Party,FALSE,FALSE
1208,26,Germany,Spotify,Free,Lo-fi,SZA,179,58,11,45.9,FALSE,Energetic,TRUE,FALSE
1209,43,Australia,Spotify,Free,Pop,Drake,204,62,7,28,TRUE,Chill,FALSE,FALSE
1210,43,France,Spotify,Free,Rock,Burna Boy,11,1,10,27.1,FALSE,Party,FALSE,TRUE
1211,33,UK,Spotify,Free,Country,Taylor Swift,125,35,5,37.9,FALSE,Party,FALSE,TRUE
1212,28,Canada,SoundCloud,Premium,K-Pop,The Weeknd,180,54,8,29.2,FALSE,Workout,TRUE,TRUE
1213,26,UK,Spotify,Premium,Pop,Burna Boy,33,8,10,28.1,FALSE,Sleep,TRUE,TRUE
1214,27,UK,Spotify,Free,Hip-Hop,The Weeknd,61,23,12,20.6,TRUE,Sleep,TRUE,TRUE
1215,28,Germany,Spotify,Free,Pop,Burna Boy,149,41,7,15.5,FALSE,Focus,FALSE,FALSE
1216,35,USA,Spotify,Premium,Indie,Travis Scott,222,59,7,28.6,TRUE,Workout,FALSE,TRUE
1217,30,Brazil,Apple Music,Family,Pop,Burna Boy,317,99,4,15.8,FALSE,Sleep,FALSE,FALSE
1218,14,Nigeria,Spotify,Student,Indie,BTS,116,30,13,18.1,TRUE,Workout,TRUE,TRUE
1219,35,USA,Spotify,Premium,Pop,Dua Lipa,136,36,13,34.9,FALSE,Sad,TRUE,FALSE
1220,20,India,Spotify,Free,Pop,Olivia Rodrigo,260,69,7,42.7,FALSE,Sleep,FALSE,TRUE
1221,18,UK,SoundCloud,Premium,R&B,SZA,154,45,13,14.8,TRUE,Workout,FALSE,FALSE
1222,28,USA,YouTube Music,Premium,K-Pop,Dua Lipa,208,61,13,12.4,TRUE,Chill,FALSE,TRUE
1223,44,Nigeria,Spotify,Premium,Rock,Ariana Grande,26,2,7,29.9,TRUE,Energetic,FALSE,TRUE
1224,41,Japan,YouTube Music,Free,Pop,Drake,275,78,12,28.6,TRUE,Happy,TRUE,FALSE
1225,38,Canada,Apple Music,Family,Pop,Burna Boy,42,9,9,41.7,TRUE,Party,FALSE,TRUE
1226,14,India,Spotify,Premium,Rock,Travis Scott,170,44,9,20.9,FALSE,Sad,FALSE,FALSE
1227,34,Canada,Spotify,Premium,Indie,SZA,173,42,11,29.2,TRUE,Happy,TRUE,TRUE
1228,24,UK,SoundCloud,Premium,K-Pop,Drake,37,19,15,6.6,FALSE,Energetic,TRUE,FALSE
1229,23,USA,YouTube Music,Free,Pop,Burna Boy,13,3,10,50.1,FALSE,Workout,TRUE,TRUE
1230,18,USA,Spotify,Premium,Hip-Hop,Billie Eilish,91,15,7,37.3,TRUE,Focus,FALSE,FALSE
1231,13,Australia,Spotify,Free,Hip-Hop,Dua Lipa,414,110,13,19.5,TRUE,Focus,TRUE,FALSE
1232,31,Japan,YouTube Music,Premium,Pop,The Weeknd,58,9,16,14,TRUE,Party,TRUE,FALSE
1233,27,Japan,Spotify,Premium,R&B,The Weeknd,272,81,11,30,TRUE,Focus,TRUE,TRUE
1234,28,UK,Spotify,Premium,R&B,Burna Boy,283,77,11,28.7,TRUE,Happy,TRUE,FALSE
1235,26,UK,Spotify,Student,Pop,Dua Lipa,140,39,10,24.4,TRUE,Happy,FALSE,FALSE
1236,27,USA,YouTube Music,Family,Hip-Hop,BTS,125,37,11,17.6,FALSE,Happy,FALSE,TRUE
1237,28,Japan,Spotify,Student,Hip-Hop,Tyler the Creator,188,43,13,36.6,TRUE,Party,TRUE,FALSE
1238,28,Brazil,YouTube Music,Free,Rock,Dua Lipa,45,15,11,10.3,FALSE,Workout,FALSE,FALSE
1239,45,Australia,SoundCloud,Free,Hip-Hop,Burna Boy,99,26,7,36.2,TRUE,Focus,FALSE,FALSE
1240,29,France,Spotify,Free,Rock,Tyler the Creator,197,53,6,23.7,FALSE,Workout,FALSE,TRUE
1241,30,USA,Amazon Music,Premium,Hip-Hop,Ariana Grande,166,42,14,27.7,TRUE,Chill,FALSE,TRUE
1242,20,Japan,Apple Music,Premium,Afrobeats,Tyler the Creator,188,49,7,0,TRUE,Energetic,TRUE,FALSE
1243,34,Germany,Apple Music,Premium,Indie,Kendrick Lamar,118,24,11,27.2,TRUE,Sleep,FALSE,FALSE
1244,17,France,Spotify,Family,Pop,Billie Eilish,40,12,10,11.4,TRUE,Sad,TRUE,TRUE
1245,31,Germany,Apple Music,Free,Lo-fi,Drake,49,9,11,28.8,FALSE,Sad,TRUE,FALSE
1246,39,Australia,Spotify,Free,R&B,The Weeknd,51,8,7,22.4,FALSE,Party,TRUE,TRUE
1247,35,Nigeria,YouTube Music,Free,Afrobeats,Kendrick Lamar,26,7,12,13.1,TRUE,Party,FALSE,FALSE
1248,23,UK,Spotify,Premium,Rock,Taylor Swift,166,43,13,49.7,TRUE,Party,TRUE,FALSE
1249,22,Canada,Spotify,Free,EDM,SZA,283,81,16,16.5,TRUE,Focus,TRUE,FALSE
1250,40,USA,Spotify,Premium,EDM,SZA,267,77,7,21.7,FALSE,Happy,FALSE,FALSE
1251,26,Nigeria,Spotify,Premium,Rock,Bad Bunny,106,40,9,16.5,TRUE,Chill,TRUE,FALSE
1252,32,France,Tidal,Family,R&B,SZA,150,38,12,6.9,TRUE,Workout,TRUE,TRUE
1253,34,India,YouTube Music,Premium,Hip-Hop,Bad Bunny,118,35,7,15,FALSE,Sleep,FALSE,TRUE
1254,28,Japan,SoundCloud,Premium,EDM,Olivia Rodrigo,172,50,8,18.8,FALSE,Chill,TRUE,TRUE
1255,24,Japan,Apple Music,Free,Rock,SZA,98,31,5,21.8,FALSE,Party,TRUE,TRUE
1256,31,Brazil,YouTube Music,Student,Rock,Dua Lipa,85,8,9,40.6,TRUE,Party,FALSE,TRUE
1257,25,Germany,Apple Music,Premium,Pop,Burna Boy,87,19,3,36.9,FALSE,Chill,TRUE,TRUE
1258,32,USA,Spotify,Family,Rock,Billie Eilish,189,54,9,51.9,FALSE,Focus,FALSE,FALSE
1259,29,Australia,Spotify,Student,EDM,Kendrick Lamar,169,43,10,16,TRUE,Energetic,TRUE,FALSE
1260,29,Japan,Spotify,Premium,Country,Dua Lipa,151,45,6,39.7,FALSE,Chill,FALSE,TRUE
1261,40,Canada,Spotify,Free,Rock,Tyler the Creator,186,53,5,36.1,FALSE,Chill,TRUE,FALSE
1262,22,Japan,Apple Music,Premium,Pop,The Weeknd,240,61,6,15.3,FALSE,Workout,FALSE,FALSE
1263,29,Brazil,Amazon Music,Free,Indie,Travis Scott,132,39,4,30,FALSE,Sleep,TRUE,TRUE
1264,23,France,Spotify,Free,Hip-Hop,Tyler the Creator,113,30,8,27.6,FALSE,Focus,TRUE,FALSE
1265,29,Germany,Spotify,Free,Hip-Hop,Ariana Grande,81,22,15,14.8,TRUE,Energetic,TRUE,TRUE
1266,38,Australia,Spotify,Premium,Indie,Olivia Rodrigo,220,60,7,37.2,FALSE,Party,FALSE,TRUE
1267,28,Japan,Apple Music,Student,Hip-Hop,Taylor Swift,157,44,7,35.7,TRUE,Workout,FALSE,FALSE
1268,27,Nigeria,Tidal,Family,EDM,Billie Eilish,126,38,17,32.1,TRUE,Sleep,TRUE,TRUE
1269,14,France,Spotify,Student,Hip-Hop,Burna Boy,151,44,8,11.9,FALSE,Happy,FALSE,FALSE
1270,26,France,Amazon Music,Free,Classical,Olivia Rodrigo,131,41,9,57.5,TRUE,Sad,TRUE,TRUE
1271,23,India,Spotify,Free,EDM,Kendrick Lamar,111,39,11,38,TRUE,Happy,FALSE,TRUE
1272,15,France,Spotify,Premium,Lo-fi,Dua Lipa,104,28,7,28.1,TRUE,Sad,TRUE,TRUE
1273,24,Nigeria,Spotify,Premium,Hip-Hop,Dua Lipa,70,16,5,21,TRUE,Party,FALSE,TRUE
1274,30,Australia,Apple Music,Free,Pop,Olivia Rodrigo,127,37,12,29.1,FALSE,Party,TRUE,FALSE
1275,33,Japan,Amazon Music,Free,Hip-Hop,The Weeknd,369,115,11,29.2,TRUE,Energetic,FALSE,TRUE
1276,42,Brazil,SoundCloud,Family,Indie,Drake,134,34,3,24,TRUE,Workout,TRUE,TRUE
1277,29,Germany,Spotify,Family,Rock,Dua Lipa,51,11,8,5,FALSE,Workout,TRUE,FALSE
1278,50,France,YouTube Music,Premium,Indie,SZA,131,36,6,30.3,FALSE,Party,TRUE,TRUE
1279,23,Australia,Spotify,Free,Hip-Hop,Burna Boy,113,32,6,28.8,TRUE,Sleep,FALSE,FALSE
1280,23,India,YouTube Music,Free,Indie,Burna Boy,180,49,7,24.2,FALSE,Sad,FALSE,FALSE
1281,44,Germany,YouTube Music,Premium,R&B,Drake,146,44,7,35.8,TRUE,Focus,TRUE,TRUE
1282,20,Japan,Spotify,Student,R&B,The Weeknd,86,31,10,39.1,TRUE,Chill,FALSE,TRUE
1283,26,USA,Spotify,Free,Hip-Hop,SZA,218,51,8,38.7,TRUE,Happy,FALSE,TRUE
1284,27,Brazil,Spotify,Family,Indie,Burna Boy,20,13,9,17.7,FALSE,Energetic,TRUE,FALSE
1285,29,Australia,Spotify,Free,Pop,Bad Bunny,117,42,8,51.6,TRUE,Happy,TRUE,FALSE
1286,20,Brazil,Apple Music,Premium,R&B,Taylor Swift,314,81,7,16.8,FALSE,Workout,FALSE,TRUE
1287,29,UK,Amazon Music,Premium,Pop,Olivia Rodrigo,183,49,10,21.6,FALSE,Happy,FALSE,FALSE
1288,41,France,Spotify,Premium,K-Pop,Dua Lipa,221,64,4,23.4,FALSE,Sad,FALSE,TRUE
1289,35,Canada,Spotify,Premium,EDM,BTS,232,68,15,30,FALSE,Workout,TRUE,FALSE
1290,32,Canada,Amazon Music,Student,K-Pop,Drake,61,14,7,28.9,TRUE,Focus,TRUE,FALSE
1291,31,France,Apple Music,Free,K-Pop,Tyler the Creator,235,68,7,11.3,FALSE,Focus,FALSE,TRUE
1292,13,Australia,Tidal,Free,Pop,SZA,150,46,9,24.2,TRUE,Workout,TRUE,FALSE
1293,17,Canada,YouTube Music,Premium,EDM,Burna Boy,86,23,10,23.8,FALSE,Sad,FALSE,TRUE
1294,40,Brazil,YouTube Music,Student,Afrobeats,Bad Bunny,156,43,8,39.7,FALSE,Chill,TRUE,TRUE
1295,27,Australia,Spotify,Free,EDM,Billie Eilish,157,51,11,40.3,TRUE,Party,FALSE,FALSE
1296,34,France,YouTube Music,Family,Classical,Billie Eilish,52,2,5,38.8,TRUE,Chill,TRUE,TRUE
1297,29,Japan,Spotify,Free,K-Pop,Kendrick Lamar,127,36,13,25.2,TRUE,Sleep,TRUE,FALSE
1298,16,India,Apple Music,Premium,Hip-Hop,Tyler the Creator,188,44,7,32.7,TRUE,Sad,FALSE,FALSE
1299,29,UK,YouTube Music,Free,R&B,Burna Boy,142,49,10,5.9,TRUE,Energetic,FALSE,TRUE
1300,29,UK,Apple Music,Premium,Pop,Kendrick Lamar,61,10,8,25.6,TRUE,Chill,FALSE,TRUE
1301,34,Australia,SoundCloud,Premium,Pop,BTS,41,11,8,30.3,TRUE,Focus,FALSE,TRUE
1302,45,Australia,Amazon Music,Family,EDM,Billie Eilish,88,24,8,47.5,TRUE,Focus,TRUE,FALSE
1303,42,UK,Spotify,Family,Rock,Billie Eilish,226,70,12,19.8,FALSE,Focus,FALSE,TRUE
1304,31,Canada,Apple Music,Free,Country,Travis Scott,263,68,8,30.5,TRUE,Party,FALSE,FALSE
1305,27,Nigeria,SoundCloud,Premium,Hip-Hop,Burna Boy,160,47,14,39.5,TRUE,Party,TRUE,TRUE
1306,26,Canada,Spotify,Family,R&B,Olivia Rodrigo,41,14,11,37.9,FALSE,Workout,FALSE,TRUE
1307,22,Brazil,YouTube Music,Free,EDM,The Weeknd,126,35,3,22.7,TRUE,Sleep,TRUE,FALSE
1308,43,Nigeria,Tidal,Premium,Pop,Tyler the Creator,137,43,10,30.3,FALSE,Party,FALSE,FALSE
1309,50,Brazil,YouTube Music,Premium,Classical,BTS,178,50,20,47.7,FALSE,Workout,TRUE,FALSE
1310,39,Nigeria,Spotify,Free,Country,Dua Lipa,97,35,9,18.8,TRUE,Focus,TRUE,TRUE
1311,30,Brazil,Apple Music,Free,EDM,Dua Lipa,227,71,13,31.8,TRUE,Sleep,FALSE,TRUE
1312,17,Canada,Spotify,Premium,Pop,Bad Bunny,45,7,11,41,FALSE,Workout,TRUE,FALSE
1313,24,Japan,Spotify,Free,Lo-fi,Tyler the Creator,66,8,9,40,TRUE,Focus,FALSE,FALSE
1314,42,India,Tidal,Family,Hip-Hop,Drake,40,14,4,4.9,FALSE,Workout,FALSE,TRUE
1315,21,India,Spotify,Family,Lo-fi,Taylor Swift,202,54,10,57.1,TRUE,Energetic,FALSE,FALSE
1316,19,Japan,Apple Music,Premium,Jazz,Billie Eilish,59,14,8,30.2,FALSE,Sleep,TRUE,FALSE
1317,20,Germany,Amazon Music,Free,Indie,Olivia Rodrigo,189,58,8,46.6,TRUE,Happy,TRUE,FALSE
1318,19,Japan,YouTube Music,Free,Lo-fi,SZA,182,55,9,36.3,TRUE,Sleep,TRUE,FALSE
1319,25,France,Apple Music,Free,Pop,Bad Bunny,260,79,12,36.1,TRUE,Party,TRUE,TRUE
1320,27,Nigeria,Apple Music,Family,Jazz,The Weeknd,89,21,9,27.3,TRUE,Workout,TRUE,TRUE
1321,30,Australia,YouTube Music,Premium,Rock,Tyler the Creator,212,57,9,31.8,FALSE,Happy,TRUE,FALSE
1322,29,India,YouTube Music,Free,Indie,BTS,237,76,12,43.9,TRUE,Sad,FALSE,TRUE
1323,30,USA,Apple Music,Free,Rock,Tyler the Creator,65,12,5,11.5,FALSE,Energetic,FALSE,TRUE
1324,28,Brazil,Apple Music,Family,Indie,Ariana Grande,89,23,3,8.9,TRUE,Energetic,TRUE,TRUE
1325,29,Australia,Apple Music,Family,Rock,Drake,182,58,7,37.2,TRUE,Chill,FALSE,FALSE
1326,26,Nigeria,Spotify,Family,Hip-Hop,Travis Scott,173,46,11,15.7,TRUE,Happy,TRUE,TRUE
1327,23,Nigeria,Spotify,Family,Hip-Hop,Taylor Swift,51,8,15,27.6,FALSE,Workout,FALSE,FALSE
1328,51,Japan,Apple Music,Premium,EDM,Travis Scott,153,39,6,26.2,FALSE,Sad,TRUE,FALSE
1329,25,USA,Spotify,Free,Rock,Dua Lipa,102,21,6,21.4,TRUE,Workout,FALSE,FALSE
1330,28,France,YouTube Music,Family,R&B,Travis Scott,378,108,11,34.5,TRUE,Happy,TRUE,TRUE
1331,27,India,Apple Music,Premium,Rock,Dua Lipa,77,28,14,12.3,FALSE,Sad,TRUE,FALSE
1332,43,Australia,Spotify,Free,Afrobeats,Ariana Grande,151,44,8,34.6,TRUE,Energetic,TRUE,TRUE
1333,29,USA,SoundCloud,Free,Classical,BTS,99,29,12,42.6,TRUE,Happy,FALSE,TRUE
1334,40,India,Tidal,Family,R&B,BTS,33,11,6,28.9,TRUE,Happy,TRUE,FALSE
1335,27,Brazil,Apple Music,Premium,EDM,Taylor Swift,91,36,9,28,TRUE,Workout,FALSE,FALSE
1336,19,Germany,Amazon Music,Premium,Afrobeats,Dua Lipa,209,63,10,17.1,TRUE,Party,FALSE,FALSE
1337,37,USA,Apple Music,Free,Pop,Tyler the Creator,98,31,3,7.7,TRUE,Energetic,FALSE,TRUE
1338,20,UK,Amazon Music,Free,Classical,Bad Bunny,36,6,8,32.3,FALSE,Workout,TRUE,FALSE
1339,41,India,Apple Music,Free,Pop,Tyler the Creator,50,6,5,13.9,FALSE,Energetic,TRUE,TRUE
1340,24,Australia,Spotify,Student,Country,Taylor Swift,179,48,10,24.4,TRUE,Happy,FALSE,FALSE
1341,27,Japan,Amazon Music,Family,Afrobeats,Bad Bunny,94,33,15,32.4,FALSE,Happy,TRUE,FALSE
1342,27,Canada,Spotify,Student,EDM,Burna Boy,271,71,7,19.4,FALSE,Sad,TRUE,TRUE
1343,21,Japan,SoundCloud,Free,Pop,Burna Boy,235,67,11,31.1,FALSE,Party,FALSE,FALSE
1344,46,Nigeria,Spotify,Free,Pop,Travis Scott,48,9,5,24.7,TRUE,Sad,FALSE,FALSE
1345,26,France,Apple Music,Free,Afrobeats,The Weeknd,397,111,10,11.5,FALSE,Workout,TRUE,TRUE
1346,14,France,Spotify,Free,Afrobeats,Dua Lipa,199,56,7,14.2,FALSE,Workout,FALSE,TRUE
1347,34,Japan,Spotify,Student,Pop,Tyler the Creator,35,18,6,12.9,TRUE,Workout,FALSE,TRUE
1348,13,Canada,Spotify,Premium,R&B,Kendrick Lamar,119,34,10,16.4,TRUE,Sad,TRUE,TRUE
1349,25,Germany,Spotify,Free,K-Pop,Burna Boy,168,47,19,31.7,TRUE,Focus,TRUE,FALSE
1350,19,Japan,Tidal,Premium,K-Pop,Travis Scott,67,28,10,58.4,FALSE,Workout,TRUE,FALSE
1351,28,Germany,Spotify,Free,Rock,Bad Bunny,76,30,10,37.9,TRUE,Sleep,TRUE,TRUE
1352,43,Nigeria,Tidal,Premium,Rock,SZA,104,23,12,40.9,TRUE,Workout,TRUE,TRUE
1353,31,USA,Spotify,Free,R&B,Taylor Swift,52,14,13,36.8,TRUE,Sad,TRUE,FALSE
1354,15,Japan,SoundCloud,Free,Afrobeats,Burna Boy,380,108,10,0,TRUE,Workout,FALSE,FALSE
1355,16,Brazil,SoundCloud,Student,Classical,Drake,157,46,10,45.6,FALSE,Sleep,FALSE,TRUE
1356,33,Japan,Spotify,Student,Rock,Bad Bunny,108,33,12,5.8,TRUE,Chill,FALSE,FALSE
1357,36,UK,Apple Music,Free,Pop,Taylor Swift,127,38,6,1.2,TRUE,Energetic,FALSE,FALSE
1358,22,Nigeria,Spotify,Free,Indie,Kendrick Lamar,75,18,12,23.7,FALSE,Chill,FALSE,TRUE
1359,35,Australia,YouTube Music,Free,K-Pop,Olivia Rodrigo,264,78,10,46,FALSE,Sad,TRUE,TRUE
1360,16,Japan,Spotify,Free,Hip-Hop,Billie Eilish,20,4,10,16,TRUE,Focus,TRUE,TRUE
1361,33,USA,Spotify,Student,EDM,Dua Lipa,151,47,13,19.8,TRUE,Party,TRUE,FALSE
1362,38,USA,YouTube Music,Free,Rock,Taylor Swift,127,31,12,1.5,FALSE,Focus,FALSE,FALSE
1363,37,India,Spotify,Premium,Pop,Drake,189,60,7,23.9,TRUE,Sad,FALSE,TRUE
1364,34,France,Apple Music,Free,Hip-Hop,SZA,94,26,14,27,TRUE,Workout,FALSE,FALSE
1365,13,Germany,Spotify,Premium,Afrobeats,Kendrick Lamar,56,18,5,40.1,FALSE,Sleep,FALSE,TRUE
1366,23,India,Spotify,Free,Lo-fi,Burna Boy,89,28,13,22,TRUE,Energetic,FALSE,FALSE
1367,25,France,Amazon Music,Premium,Hip-Hop,Olivia Rodrigo,209,62,11,25.4,TRUE,Workout,TRUE,FALSE
1368,24,Canada,Spotify,Free,Pop,The Weeknd,207,68,10,25.8,TRUE,Sleep,FALSE,TRUE
1369,17,Germany,Apple Music,Student,Rock,SZA,80,20,1,42.7,FALSE,Energetic,TRUE,FALSE
1370,50,Australia,SoundCloud,Free,Afrobeats,Travis Scott,147,47,6,15,TRUE,Focus,FALSE,FALSE
1371,19,France,YouTube Music,Premium,Rock,Billie Eilish,154,52,12,30.4,TRUE,Focus,FALSE,TRUE
1372,17,UK,SoundCloud,Premium,Classical,Billie Eilish,169,47,4,15.8,TRUE,Happy,FALSE,TRUE
1373,22,France,YouTube Music,Premium,Jazz,Drake,68,25,11,29.2,TRUE,Sleep,TRUE,TRUE
1374,39,UK,SoundCloud,Free,Rock,Billie Eilish,8,7,8,25.5,TRUE,Sleep,FALSE,TRUE
1375,26,UK,Apple Music,Free,R&B,Burna Boy,86,26,6,20.7,TRUE,Chill,TRUE,FALSE
1376,41,France,Apple Music,Premium,Jazz,SZA,263,76,10,30.3,FALSE,Happy,FALSE,TRUE
1377,22,Germany,Apple Music,Family,Afrobeats,Olivia Rodrigo,200,67,9,35,TRUE,Chill,TRUE,FALSE
1378,27,Canada,Spotify,Premium,Indie,Dua Lipa,303,87,9,23.5,TRUE,Workout,FALSE,FALSE
1379,32,India,Amazon Music,Free,Rock,The Weeknd,29,15,8,38.2,TRUE,Sleep,FALSE,FALSE
1380,19,Germany,Spotify,Free,Rock,Taylor Swift,134,41,12,16,TRUE,Sad,FALSE,TRUE
1381,18,France,Tidal,Free,Hip-Hop,SZA,168,60,10,42.5,FALSE,Energetic,FALSE,FALSE
1382,38,France,Spotify,Free,Rock,The Weeknd,46,8,13,21.8,FALSE,Sad,TRUE,FALSE
1383,13,France,Spotify,Student,Country,Billie Eilish,132,47,10,40.1,FALSE,Sad,FALSE,TRUE
1384,21,Australia,Spotify,Premium,Pop,Dua Lipa,37,7,7,31.1,TRUE,Happy,TRUE,FALSE
1385,34,Canada,Spotify,Free,Hip-Hop,Tyler the Creator,92,18,9,39.7,FALSE,Party,FALSE,FALSE
1386,35,USA,Spotify,Premium,Indie,BTS,155,42,8,47,FALSE,Sleep,FALSE,TRUE
1387,29,Australia,Tidal,Free,Lo-fi,Dua Lipa,253,73,6,13.6,TRUE,Energetic,FALSE,FALSE
1388,25,USA,Apple Music,Family,K-Pop,Tyler the Creator,151,49,11,21.5,FALSE,Party,FALSE,TRUE
1389,48,France,Apple Music,Family,Rock,Kendrick Lamar,115,39,10,32.6,TRUE,Focus,FALSE,FALSE
1390,32,France,YouTube Music,Free,R&B,Billie Eilish,49,12,12,38.8,FALSE,Happy,FALSE,TRUE
1391,42,UK,Spotify,Family,Rock,Kendrick Lamar,279,77,17,27.4,TRUE,Chill,TRUE,FALSE
1392,31,Germany,Apple Music,Free,Indie,Burna Boy,86,21,14,19.9,TRUE,Happy,FALSE,FALSE
1393,24,UK,Spotify,Premium,Pop,Travis Scott,366,102,14,47.3,TRUE,Energetic,FALSE,TRUE
1394,41,Germany,Apple Music,Premium,R&B,Taylor Swift,88,34,11,32.5,TRUE,Party,FALSE,FALSE
1395,16,Australia,Apple Music,Free,Rock,Taylor Swift,58,16,8,30.8,FALSE,Energetic,TRUE,FALSE
1396,23,India,Apple Music,Premium,Classical,BTS,126,27,12,40.4,FALSE,Energetic,FALSE,FALSE
1397,32,Australia,Spotify,Free,R&B,Billie Eilish,47,9,14,29.9,FALSE,Happy,TRUE,FALSE
1398,35,India,Amazon Music,Free,Hip-Hop,The Weeknd,176,43,4,35.8,FALSE,Sleep,FALSE,FALSE
1399,17,Germany,Apple Music,Free,K-Pop,Dua Lipa,43,24,9,37.8,TRUE,Happy,TRUE,FALSE
1400,20,Brazil,YouTube Music,Free,Hip-Hop,Travis Scott,98,28,6,41.5,FALSE,Chill,FALSE,TRUE
1401,22,Germany,SoundCloud,Free,Rock,Burna Boy,130,40,8,13.2,FALSE,Energetic,TRUE,FALSE
1402,27,Japan,Amazon Music,Premium,Afrobeats,Taylor Swift,210,50,7,32.7,FALSE,Energetic,TRUE,TRUE
1403,14,USA,Tidal,Free,EDM,Travis Scott,186,55,11,20.6,FALSE,Sad,FALSE,TRUE
1404,20,USA,Spotify,Free,Hip-Hop,SZA,22,2,11,47.6,TRUE,Workout,FALSE,FALSE
1405,15,Nigeria,Apple Music,Premium,Afrobeats,Burna Boy,150,45,11,43.4,FALSE,Happy,FALSE,FALSE
1406,19,France,Apple Music,Free,Pop,BTS,59,21,10,16.4,TRUE,Sleep,TRUE,FALSE
1407,27,USA,Spotify,Premium,Classical,Travis Scott,288,86,3,31.2,TRUE,Energetic,TRUE,TRUE
1408,24,Canada,YouTube Music,Free,Hip-Hop,Travis Scott,148,36,8,16.9,TRUE,Workout,TRUE,TRUE
1409,44,Canada,YouTube Music,Family,Afrobeats,Kendrick Lamar,145,48,13,21.2,TRUE,Sleep,FALSE,FALSE
1410,28,France,Spotify,Free,R&B,Bad Bunny,105,33,5,26.2,FALSE,Happy,FALSE,TRUE
1411,31,Nigeria,YouTube Music,Student,Country,Ariana Grande,113,30,11,22.2,TRUE,Party,TRUE,TRUE
1412,32,Brazil,Spotify,Free,Hip-Hop,Burna Boy,71,22,9,40.6,TRUE,Workout,TRUE,TRUE
1413,23,Nigeria,Apple Music,Premium,Pop,Billie Eilish,229,66,5,8.3,TRUE,Energetic,FALSE,FALSE
1414,38,Brazil,Spotify,Free,EDM,BTS,123,38,6,47.2,FALSE,Workout,FALSE,FALSE
1415,24,Australia,Apple Music,Free,Pop,Bad Bunny,87,24,6,39.7,TRUE,Energetic,TRUE,TRUE
1416,52,Brazil,Spotify,Free,Indie,Ariana Grande,313,91,6,42.9,TRUE,Focus,TRUE,FALSE
1417,23,Nigeria,Spotify,Premium,EDM,Billie Eilish,44,11,6,16.8,TRUE,Sleep,FALSE,FALSE
1418,34,Canada,Amazon Music,Premium,Pop,Olivia Rodrigo,223,67,10,19.3,TRUE,Energetic,FALSE,TRUE
1419,28,Canada,Tidal,Student,Lo-fi,Ariana Grande,202,57,3,5.3,TRUE,Party,FALSE,TRUE
1420,19,Japan,Spotify,Free,EDM,Drake,227,65,4,28.4,TRUE,Energetic,TRUE,TRUE
1421,13,Japan,Spotify,Family,Rock,Tyler the Creator,118,37,13,45.3,FALSE,Party,FALSE,TRUE
1422,29,France,YouTube Music,Family,Country,Dua Lipa,23,10,6,36.5,TRUE,Sad,FALSE,TRUE
1423,42,Germany,Tidal,Premium,Country,Drake,38,1,6,42.3,TRUE,Workout,FALSE,FALSE
1424,35,Australia,YouTube Music,Premium,R&B,Travis Scott,159,36,10,34.6,TRUE,Energetic,TRUE,FALSE
1425,38,UK,YouTube Music,Family,Pop,Bad Bunny,93,27,6,30.2,TRUE,Workout,FALSE,TRUE
1426,26,India,Apple Music,Premium,Classical,SZA,51,11,8,16,FALSE,Sad,TRUE,TRUE
1427,27,Nigeria,YouTube Music,Free,Rock,Tyler the Creator,148,43,12,46.8,FALSE,Energetic,FALSE,FALSE
1428,33,Germany,Apple Music,Premium,Classical,Taylor Swift,88,24,12,42.3,FALSE,Sleep,FALSE,TRUE
1429,34,India,Spotify,Premium,Lo-fi,Dua Lipa,234,64,10,16.1,TRUE,Happy,TRUE,FALSE
1430,19,Nigeria,Spotify,Free,Indie,SZA,161,49,11,29.8,FALSE,Chill,FALSE,FALSE
1431,16,France,SoundCloud,Free,Pop,Olivia Rodrigo,190,45,11,43.4,FALSE,Focus,FALSE,FALSE
1432,20,Germany,Apple Music,Free,Indie,Ariana Grande,115,32,9,28.5,TRUE,Chill,FALSE,FALSE
1433,13,France,Apple Music,Free,Pop,Drake,191,48,5,18.3,FALSE,Sad,FALSE,FALSE
1434,27,UK,SoundCloud,Free,EDM,Taylor Swift,157,48,10,18.6,TRUE,Happy,FALSE,FALSE
1435,30,India,Spotify,Free,Country,Dua Lipa,345,101,8,25.8,FALSE,Sad,FALSE,FALSE
1436,24,Germany,Spotify,Free,Hip-Hop,Travis Scott,201,50,8,50.1,TRUE,Happy,FALSE,FALSE
1437,39,Nigeria,Amazon Music,Student,Pop,Tyler the Creator,109,29,9,31,FALSE,Chill,TRUE,TRUE
1438,25,Brazil,Spotify,Premium,Country,Dua Lipa,341,91,9,26.5,TRUE,Sleep,FALSE,TRUE
1439,13,Brazil,Apple Music,Premium,Pop,Drake,33,12,11,16.3,TRUE,Sleep,FALSE,TRUE
1440,26,Australia,Apple Music,Family,Hip-Hop,Kendrick Lamar,80,21,7,32.6,TRUE,Energetic,TRUE,FALSE
1441,14,Canada,Spotify,Free,EDM,Drake,22,3,10,23.2,TRUE,Sleep,FALSE,FALSE
1442,23,France,Amazon Music,Free,EDM,Ariana Grande,154,39,8,22.3,FALSE,Workout,FALSE,FALSE
1443,31,UK,Apple Music,Premium,Hip-Hop,Ariana Grande,172,44,13,20.2,TRUE,Chill,FALSE,FALSE
1444,31,USA,Spotify,Premium,Indie,Drake,252,71,14,8,FALSE,Focus,FALSE,TRUE
1445,24,India,YouTube Music,Family,Classical,Taylor Swift,112,29,14,13.8,TRUE,Workout,TRUE,FALSE
1446,26,Germany,Spotify,Free,Jazz,Dua Lipa,187,46,11,23.5,FALSE,Sad,TRUE,TRUE
1447,21,Germany,Amazon Music,Free,R&B,Burna Boy,156,41,11,27.1,TRUE,Sleep,TRUE,FALSE
1448,26,Canada,YouTube Music,Premium,EDM,Tyler the Creator,104,32,10,34.5,FALSE,Chill,TRUE,TRUE
1449,32,Australia,Amazon Music,Premium,EDM,SZA,396,103,8,37.8,TRUE,Energetic,TRUE,FALSE
1450,32,India,SoundCloud,Premium,Hip-Hop,Billie Eilish,124,41,13,36.4,FALSE,Chill,FALSE,TRUE
1451,22,USA,SoundCloud,Free,Pop,The Weeknd,159,46,10,35.5,TRUE,Workout,TRUE,FALSE
1452,27,Canada,Spotify,Premium,Hip-Hop,Drake,76,21,9,31.3,TRUE,Sleep,TRUE,FALSE
1453,36,Canada,YouTube Music,Free,Hip-Hop,Tyler the Creator,103,39,7,18.1,TRUE,Sleep,TRUE,FALSE
1454,34,UK,Spotify,Free,Pop,Olivia Rodrigo,179,45,12,18.7,TRUE,Party,FALSE,FALSE
1455,26,UK,Spotify,Free,Rock,Billie Eilish,64,17,7,3.7,FALSE,Workout,FALSE,FALSE
1456,27,Nigeria,Amazon Music,Free,Indie,Travis Scott,87,23,6,20.1,FALSE,Sleep,FALSE,TRUE
1457,31,India,Spotify,Premium,Indie,Taylor Swift,164,40,7,3.3,FALSE,Sad,FALSE,FALSE
1458,30,Nigeria,Spotify,Student,Classical,Kendrick Lamar,130,46,10,31.4,TRUE,Party,FALSE,TRUE
1459,34,Japan,Spotify,Free,Hip-Hop,Dua Lipa,27,15,14,37.3,TRUE,Focus,FALSE,TRUE
1460,37,Germany,Spotify,Free,Rock,The Weeknd,219,61,11,37.1,TRUE,Happy,FALSE,FALSE
1461,29,Canada,Spotify,Premium,Lo-fi,Olivia Rodrigo,187,59,6,27.7,FALSE,Sad,FALSE,TRUE
1462,41,UK,Spotify,Free,EDM,The Weeknd,282,84,16,34,FALSE,Chill,FALSE,TRUE
1463,30,Japan,Amazon Music,Free,EDM,Burna Boy,164,44,11,24.1,TRUE,Sleep,TRUE,FALSE
1464,17,Nigeria,YouTube Music,Premium,Pop,Ariana Grande,251,72,8,23.9,TRUE,Happy,FALSE,FALSE
1465,30,Australia,Spotify,Premium,Hip-Hop,Bad Bunny,67,18,9,27.8,TRUE,Focus,FALSE,TRUE
1466,31,Germany,SoundCloud,Premium,Pop,Taylor Swift,79,25,14,35.2,TRUE,Party,TRUE,TRUE
1467,28,Australia,Apple Music,Free,EDM,Kendrick Lamar,272,80,9,25.7,FALSE,Focus,FALSE,FALSE
1468,33,Brazil,Apple Music,Free,Lo-fi,Travis Scott,134,43,9,40.3,FALSE,Energetic,TRUE,TRUE
1469,19,India,Spotify,Premium,K-Pop,SZA,82,24,6,20.5,FALSE,Sleep,TRUE,FALSE
1470,24,Nigeria,Apple Music,Free,Pop,Billie Eilish,70,10,6,41.1,TRUE,Focus,FALSE,FALSE
1471,21,India,Apple Music,Free,Rock,SZA,181,54,5,42.3,FALSE,Energetic,FALSE,FALSE
1472,36,Japan,Apple Music,Student,K-Pop,Bad Bunny,87,31,6,16.6,FALSE,Workout,FALSE,TRUE
1473,19,Canada,Apple Music,Free,Pop,Burna Boy,64,22,8,52.7,FALSE,Sleep,TRUE,TRUE
1474,29,Japan,Apple Music,Free,Jazz,Kendrick Lamar,226,64,10,24.5,TRUE,Energetic,FALSE,FALSE
1475,26,Australia,YouTube Music,Free,K-Pop,Taylor Swift,14,14,12,43,TRUE,Party,FALSE,FALSE
1476,23,France,Apple Music,Free,Hip-Hop,Drake,16,1,6,41.4,FALSE,Party,TRUE,FALSE
1477,40,Australia,YouTube Music,Family,Hip-Hop,Taylor Swift,108,36,10,36.7,FALSE,Chill,FALSE,FALSE
1478,49,Canada,Spotify,Free,Rock,Olivia Rodrigo,101,28,11,24.9,FALSE,Sad,FALSE,TRUE
1479,23,Australia,Apple Music,Premium,Rock,Olivia Rodrigo,62,14,4,43.5,FALSE,Workout,FALSE,TRUE
1480,19,France,Tidal,Family,R&B,BTS,243,75,14,62.5,FALSE,Sleep,TRUE,TRUE
1481,33,Brazil,YouTube Music,Premium,Lo-fi,The Weeknd,190,60,5,31.9,TRUE,Workout,FALSE,TRUE
1482,15,Nigeria,Apple Music,Free,Pop,Burna Boy,57,18,8,31,TRUE,Sad,TRUE,TRUE
1483,33,USA,Spotify,Free,Pop,Bad Bunny,186,68,6,33.7,FALSE,Happy,FALSE,TRUE
1484,45,Canada,YouTube Music,Free,Hip-Hop,Billie Eilish,126,43,10,17.7,FALSE,Workout,FALSE,FALSE
1485,29,Japan,Spotify,Premium,Rock,Billie Eilish,29,8,10,30.5,TRUE,Workout,FALSE,FALSE
1486,36,Canada,Apple Music,Free,Hip-Hop,Olivia Rodrigo,77,9,12,17.8,TRUE,Party,TRUE,FALSE
1487,46,USA,Apple Music,Premium,R&B,Ariana Grande,78,32,5,31.6,TRUE,Sad,TRUE,TRUE
1488,31,USA,Spotify,Premium,K-Pop,Kendrick Lamar,104,22,9,34.1,TRUE,Sad,FALSE,FALSE
1489,27,Australia,Apple Music,Premium,Rock,Taylor Swift,261,77,9,16.7,TRUE,Chill,FALSE,FALSE
1490,25,India,Spotify,Free,Rock,Taylor Swift,120,29,3,35.2,TRUE,Chill,FALSE,FALSE
1491,23,Brazil,YouTube Music,Free,Jazz,Billie Eilish,121,39,7,22.8,TRUE,Energetic,FALSE,TRUE
1492,21,Nigeria,Tidal,Family,Jazz,Bad Bunny,382,119,8,24.3,FALSE,Workout,FALSE,FALSE
1493,21,Germany,Amazon Music,Student,R&B,Bad Bunny,135,38,11,30.5,TRUE,Party,FALSE,FALSE
1494,24,Brazil,Spotify,Premium,Hip-Hop,Tyler the Creator,138,36,12,47.2,TRUE,Energetic,FALSE,FALSE
1495,28,UK,YouTube Music,Free,K-Pop,Kendrick Lamar,45,12,9,22.7,FALSE,Sleep,FALSE,FALSE
1496,22,Japan,Amazon Music,Premium,Indie,SZA,326,93,8,31.9,TRUE,Energetic,FALSE,TRUE
1497,22,Japan,Spotify,Premium,Pop,Taylor Swift,96,32,7,41.9,FALSE,Focus,FALSE,FALSE
1498,19,France,Spotify,Premium,Hip-Hop,Taylor Swift,134,35,8,22,FALSE,Focus,TRUE,TRUE
1499,37,Nigeria,Apple Music,Premium,Hip-Hop,Billie Eilish,38,7,6,18.1,FALSE,Sleep,TRUE,TRUE
1500,20,Japan,Spotify,Premium,Rock,BTS,156,41,9,35.9,FALSE,Happy,TRUE,FALSE
1501,28,Canada,Amazon Music,Premium,Hip-Hop,Ariana Grande,185,57,7,32.6,FALSE,Party,TRUE,TRUE
1502,25,France,Apple Music,Free,R&B,Olivia Rodrigo,92,19,9,44,TRUE,Party,FALSE,TRUE
1503,43,USA,Spotify,Premium,Country,Taylor Swift,82,32,11,28.1,FALSE,Workout,TRUE,FALSE
1504,30,USA,YouTube Music,Free,Rock,SZA,76,10,9,12.2,FALSE,Chill,FALSE,TRUE
1505,30,Brazil,Amazon Music,Premium,Country,Ariana Grande,150,49,12,32.6,TRUE,Energetic,FALSE,FALSE
1506,34,USA,YouTube Music,Student,Pop,Billie Eilish,37,4,10,35.3,TRUE,Chill,FALSE,FALSE
1507,46,Nigeria,Spotify,Family,Jazz,Burna Boy,221,60,10,14.2,FALSE,Energetic,FALSE,FALSE
1508,27,Nigeria,Spotify,Free,Afrobeats,Kendrick Lamar,51,20,7,31.8,TRUE,Sleep,FALSE,FALSE
1509,15,Brazil,YouTube Music,Free,R&B,Travis Scott,155,50,5,6.9,FALSE,Sad,FALSE,FALSE
1510,20,Australia,Spotify,Student,K-Pop,BTS,147,39,8,24,TRUE,Workout,TRUE,TRUE
1511,23,Canada,YouTube Music,Free,Pop,Travis Scott,227,57,13,0,FALSE,Happy,FALSE,FALSE
1512,20,Germany,Apple Music,Premium,Rock,Tyler the Creator,100,27,7,56.1,TRUE,Sad,FALSE,FALSE
1513,19,UK,Spotify,Premium,EDM,Taylor Swift,86,19,4,35.8,FALSE,Energetic,TRUE,TRUE
1514,36,Canada,Spotify,Premium,Jazz,Tyler the Creator,96,23,3,13.8,TRUE,Happy,TRUE,TRUE
1515,35,USA,YouTube Music,Premium,Afrobeats,Drake,123,40,15,23.4,FALSE,Party,FALSE,FALSE
1516,36,USA,YouTube Music,Premium,Hip-Hop,Tyler the Creator,161,46,9,23.6,TRUE,Energetic,TRUE,FALSE
1517,17,France,Amazon Music,Free,R&B,Bad Bunny,76,18,9,50.8,FALSE,Chill,FALSE,FALSE
1518,30,Canada,Apple Music,Family,Rock,Travis Scott,62,14,15,28.2,TRUE,Focus,TRUE,FALSE
1519,30,France,Amazon Music,Student,EDM,Drake,74,21,10,40.8,TRUE,Happy,FALSE,FALSE
1520,20,Australia,YouTube Music,Free,Pop,Burna Boy,117,41,12,29.5,FALSE,Sad,FALSE,FALSE
1521,24,Japan,SoundCloud,Family,Rock,Ariana Grande,55,16,8,23.2,TRUE,Energetic,FALSE,FALSE
1522,20,USA,Amazon Music,Free,EDM,Drake,179,50,6,17.6,FALSE,Energetic,FALSE,FALSE
1523,20,Japan,Amazon Music,Family,Hip-Hop,Drake,697,198,10,23.9,FALSE,Sleep,TRUE,FALSE
1524,13,France,Amazon Music,Premium,R&B,BTS,18,1,10,38.1,TRUE,Party,TRUE,TRUE
1525,14,Brazil,YouTube Music,Family,Lo-fi,Billie Eilish,88,28,9,29,TRUE,Chill,TRUE,TRUE
1526,28,Japan,Amazon Music,Premium,Hip-Hop,BTS,231,62,14,20.1,TRUE,Chill,FALSE,TRUE
1527,24,Nigeria,Spotify,Free,Classical,Tyler the Creator,95,29,7,12.3,FALSE,Chill,FALSE,FALSE
1528,43,France,YouTube Music,Premium,R&B,Travis Scott,22,6,9,21.4,TRUE,Sleep,TRUE,TRUE
1529,41,France,SoundCloud,Free,R&B,SZA,83,28,8,24.9,TRUE,Happy,TRUE,TRUE
1530,38,India,Apple Music,Free,Lo-fi,Dua Lipa,66,14,10,24.5,TRUE,Sleep,FALSE,TRUE
1531,45,Japan,Spotify,Free,EDM,Burna Boy,71,20,13,35.1,FALSE,Chill,TRUE,TRUE
1532,33,Germany,Spotify,Student,Pop,SZA,384,121,8,40.7,TRUE,Party,TRUE,FALSE
1533,17,Germany,YouTube Music,Free,Indie,Burna Boy,36,13,9,41.3,TRUE,Energetic,FALSE,FALSE
1534,24,UK,Apple Music,Premium,Indie,Tyler the Creator,178,53,12,7.5,TRUE,Energetic,TRUE,TRUE
1535,34,France,Apple Music,Premium,Indie,The Weeknd,248,68,11,36.3,TRUE,Workout,TRUE,TRUE
1536,34,Germany,Spotify,Premium,Rock,Ariana Grande,89,30,8,35.4,FALSE,Chill,FALSE,FALSE
1537,26,India,Apple Music,Premium,Pop,SZA,129,36,14,16.8,TRUE,Sad,TRUE,FALSE
1538,37,Australia,Spotify,Family,Jazz,Drake,132,41,9,18.6,FALSE,Chill,TRUE,TRUE
1539,14,India,Spotify,Premium,R&B,Ariana Grande,276,86,18,21.7,TRUE,Sleep,FALSE,TRUE
1540,27,Australia,YouTube Music,Free,Jazz,The Weeknd,232,72,11,38.4,TRUE,Party,FALSE,FALSE
1541,17,USA,Tidal,Student,Pop,Taylor Swift,36,14,10,54,TRUE,Energetic,FALSE,TRUE
1542,30,Germany,YouTube Music,Family,EDM,Dua Lipa,49,15,10,22.5,FALSE,Chill,FALSE,TRUE
1543,21,India,Apple Music,Free,Pop,Taylor Swift,206,59,11,27.2,TRUE,Workout,TRUE,FALSE
1544,25,Canada,Apple Music,Premium,Rock,Bad Bunny,96,27,10,22,TRUE,Happy,TRUE,TRUE
1545,37,UK,YouTube Music,Student,EDM,BTS,112,36,9,37.2,TRUE,Chill,TRUE,TRUE
1546,26,UK,Spotify,Free,Rock,Burna Boy,386,106,11,20.1,FALSE,Focus,FALSE,FALSE
1547,13,France,Spotify,Free,K-Pop,SZA,181,54,6,16.4,FALSE,Sad,TRUE,FALSE
1548,17,Germany,Spotify,Free,EDM,Travis Scott,86,35,10,39.9,FALSE,Chill,FALSE,TRUE
1549,31,UK,YouTube Music,Free,Pop,Olivia Rodrigo,38,6,8,24,TRUE,Party,TRUE,TRUE
1550,48,Nigeria,YouTube Music,Family,Lo-fi,Drake,139,33,8,28.2,FALSE,Energetic,FALSE,FALSE
1551,29,India,Spotify,Premium,Hip-Hop,Tyler the Creator,156,49,6,6.3,TRUE,Energetic,FALSE,FALSE
1552,21,France,Spotify,Family,R&B,Travis Scott,218,66,14,6.3,TRUE,Party,FALSE,FALSE
1553,22,Japan,SoundCloud,Premium,Pop,Tyler the Creator,393,115,16,34.9,TRUE,Workout,FALSE,TRUE
1554,23,Germany,Spotify,Free,EDM,Dua Lipa,278,83,7,27.9,TRUE,Energetic,FALSE,FALSE
1555,35,Canada,Amazon Music,Free,Pop,SZA,275,75,9,26.6,FALSE,Sad,TRUE,FALSE
1556,19,Brazil,Spotify,Free,Indie,Kendrick Lamar,380,114,7,52.4,TRUE,Chill,TRUE,TRUE
1557,23,France,Apple Music,Free,Jazz,Billie Eilish,58,22,12,2.2,FALSE,Focus,FALSE,FALSE
1558,31,Nigeria,Apple Music,Premium,Country,Taylor Swift,165,42,6,41.1,TRUE,Chill,TRUE,TRUE
1559,36,France,SoundCloud,Free,Pop,Burna Boy,248,68,14,32,TRUE,Workout,FALSE,FALSE
1560,30,Japan,Apple Music,Free,Rock,The Weeknd,114,32,12,44,TRUE,Sleep,TRUE,TRUE
1561,26,USA,Apple Music,Premium,EDM,Travis Scott,237,66,6,35.8,TRUE,Happy,TRUE,TRUE
1562,16,UK,YouTube Music,Premium,Lo-fi,SZA,177,50,8,32.6,FALSE,Chill,FALSE,TRUE
1563,16,Germany,Spotify,Free,Lo-fi,Travis Scott,224,69,11,21.5,TRUE,Workout,TRUE,FALSE
1564,38,Brazil,Apple Music,Student,Hip-Hop,Ariana Grande,26,1,6,36.3,FALSE,Happy,TRUE,FALSE
1565,22,Australia,Apple Music,Student,Pop,Olivia Rodrigo,135,39,12,31.7,TRUE,Happy,TRUE,TRUE
1566,42,Germany,Spotify,Premium,Indie,Ariana Grande,247,69,8,41.8,FALSE,Sad,FALSE,FALSE
1567,26,UK,Spotify,Free,Country,Tyler the Creator,274,78,8,17.5,FALSE,Focus,FALSE,FALSE
1568,36,Germany,Spotify,Free,Hip-Hop,Olivia Rodrigo,123,33,7,5.9,FALSE,Sleep,TRUE,FALSE
1569,13,France,SoundCloud,Premium,Hip-Hop,SZA,129,36,4,32.2,FALSE,Energetic,FALSE,FALSE
1570,22,Australia,Spotify,Free,Jazz,Drake,427,112,6,50.6,FALSE,Chill,TRUE,TRUE
1571,20,Canada,Amazon Music,Free,Afrobeats,Ariana Grande,64,9,10,14.3,FALSE,Sad,FALSE,TRUE
1572,40,USA,SoundCloud,Premium,Pop,BTS,43,15,10,44.4,FALSE,Happy,TRUE,TRUE
1573,36,India,Spotify,Student,Indie,Taylor Swift,36,8,7,26.8,TRUE,Chill,FALSE,FALSE
1574,16,Australia,Spotify,Premium,Rock,Tyler the Creator,138,47,12,35.5,TRUE,Focus,TRUE,FALSE
1575,30,Japan,Spotify,Premium,K-Pop,Kendrick Lamar,176,59,10,24,TRUE,Focus,FALSE,TRUE
1576,17,Nigeria,Spotify,Premium,Pop,Bad Bunny,31,3,13,38.9,TRUE,Workout,FALSE,FALSE
1577,30,Japan,Apple Music,Premium,EDM,Taylor Swift,64,23,12,63.1,FALSE,Sleep,TRUE,TRUE
1578,47,USA,YouTube Music,Family,Hip-Hop,Taylor Swift,162,49,8,12.6,FALSE,Party,FALSE,FALSE
1579,44,Canada,Spotify,Premium,Pop,SZA,196,61,11,46.6,TRUE,Focus,TRUE,FALSE
1580,17,Australia,Spotify,Free,Pop,Burna Boy,151,43,7,59,TRUE,Sad,FALSE,TRUE
1581,18,Germany,Apple Music,Student,Pop,Olivia Rodrigo,201,55,6,41,FALSE,Party,FALSE,FALSE
1582,24,Canada,Spotify,Premium,R&B,Tyler the Creator,86,15,13,30.1,FALSE,Focus,FALSE,TRUE
1583,53,Japan,Spotify,Family,EDM,The Weeknd,182,54,8,13.9,TRUE,Sleep,FALSE,TRUE
1584,28,India,YouTube Music,Free,Jazz,Taylor Swift,87,27,15,35.2,FALSE,Party,FALSE,FALSE
1585,20,Germany,Amazon Music,Free,R&B,Drake,49,8,7,26.4,FALSE,Chill,FALSE,FALSE
1586,20,Australia,Amazon Music,Free,Pop,Taylor Swift,108,33,6,38.7,FALSE,Focus,TRUE,FALSE
1587,35,India,Spotify,Premium,Pop,Burna Boy,150,34,7,14,FALSE,Sad,TRUE,TRUE
1588,34,Germany,Apple Music,Free,Pop,Billie Eilish,58,17,15,16.9,FALSE,Sleep,TRUE,FALSE
1589,17,Japan,Amazon Music,Free,Hip-Hop,Travis Scott,46,17,11,38.1,TRUE,Happy,FALSE,FALSE
1590,26,Canada,Spotify,Premium,Indie,Taylor Swift,102,20,9,17.4,FALSE,Sad,FALSE,FALSE
1591,13,Brazil,Amazon Music,Free,Pop,Taylor Swift,93,25,10,28.1,TRUE,Energetic,FALSE,TRUE
1592,23,India,Apple Music,Premium,Country,Ariana Grande,127,28,11,16,FALSE,Energetic,TRUE,TRUE
1593,13,Australia,YouTube Music,Free,Pop,Drake,235,70,12,26,TRUE,Focus,FALSE,TRUE
1594,22,Germany,Spotify,Family,Afrobeats,Burna Boy,31,9,12,19.2,FALSE,Happy,FALSE,TRUE
1595,31,Nigeria,Apple Music,Premium,Afrobeats,Taylor Swift,79,27,5,41.8,TRUE,Party,TRUE,TRUE
1596,38,Nigeria,Spotify,Free,Lo-fi,Travis Scott,230,67,5,32.9,FALSE,Chill,TRUE,FALSE
1597,34,Japan,Spotify,Student,Hip-Hop,Travis Scott,284,85,9,40.7,TRUE,Sad,FALSE,TRUE
1598,31,Germany,SoundCloud,Family,Rock,Burna Boy,162,54,11,26.1,FALSE,Sad,TRUE,TRUE
1599,42,Australia,Spotify,Free,Pop,Taylor Swift,117,31,12,31.6,FALSE,Chill,FALSE,FALSE
1600,25,UK,Apple Music,Premium,K-Pop,Drake,127,30,9,33.5,TRUE,Sad,FALSE,TRUE
1601,34,UK,Apple Music,Free,Rock,Olivia Rodrigo,59,20,6,23.1,FALSE,Energetic,FALSE,FALSE
1602,33,USA,YouTube Music,Free,Rock,Burna Boy,91,29,11,37.9,FALSE,Sad,FALSE,FALSE
1603,36,Brazil,Spotify,Premium,Indie,SZA,271,73,7,28.3,TRUE,Chill,FALSE,FALSE
1604,18,France,Apple Music,Free,Rock,BTS,39,9,11,33.4,TRUE,Sleep,TRUE,FALSE
1605,22,Japan,SoundCloud,Free,Hip-Hop,The Weeknd,137,46,11,24.3,TRUE,Focus,FALSE,FALSE
1606,28,France,Spotify,Free,R&B,SZA,70,23,12,27.4,TRUE,Sad,FALSE,TRUE
1607,36,Nigeria,Apple Music,Free,K-Pop,Ariana Grande,75,30,7,27.6,FALSE,Workout,FALSE,FALSE
1608,29,Germany,Apple Music,Family,Classical,Tyler the Creator,324,82,12,37,TRUE,Energetic,TRUE,TRUE
1609,13,UK,Apple Music,Free,Country,Dua Lipa,31,9,6,24.2,TRUE,Party,FALSE,TRUE
1610,36,France,Spotify,Premium,Pop,Burna Boy,96,20,13,33.4,FALSE,Workout,TRUE,TRUE
1611,21,USA,Spotify,Premium,Pop,Tyler the Creator,35,20,11,38.6,TRUE,Happy,FALSE,TRUE
1612,29,Nigeria,Spotify,Premium,Rock,Olivia Rodrigo,70,33,6,49.2,FALSE,Focus,TRUE,TRUE
1613,33,UK,Spotify,Premium,Hip-Hop,Ariana Grande,116,27,8,7.5,FALSE,Energetic,TRUE,TRUE
1614,13,Canada,Apple Music,Family,Rock,The Weeknd,26,8,9,26.9,FALSE,Focus,FALSE,TRUE
1615,13,Japan,Spotify,Family,Hip-Hop,Taylor Swift,251,73,5,28.3,TRUE,Sleep,FALSE,FALSE
1616,26,Canada,Spotify,Free,Afrobeats,Dua Lipa,102,25,7,44.4,FALSE,Sad,TRUE,TRUE
1617,36,USA,YouTube Music,Free,K-Pop,Ariana Grande,88,31,8,0,TRUE,Workout,TRUE,TRUE
1618,28,UK,Spotify,Family,R&B,SZA,123,30,5,32,TRUE,Happy,TRUE,FALSE
1619,25,Australia,Amazon Music,Premium,Rock,Tyler the Creator,79,22,5,25.9,FALSE,Chill,FALSE,FALSE
1620,34,India,YouTube Music,Premium,Country,Kendrick Lamar,219,63,7,35.4,FALSE,Energetic,TRUE,TRUE
1621,41,USA,Apple Music,Free,EDM,Drake,5,1,11,18.4,TRUE,Party,FALSE,FALSE
1622,30,Australia,Apple Music,Family,Jazz,Billie Eilish,102,25,9,37.1,FALSE,Sleep,FALSE,FALSE
1623,42,France,YouTube Music,Premium,Afrobeats,Drake,66,8,9,35,TRUE,Energetic,FALSE,FALSE
1624,18,Nigeria,Spotify,Premium,Jazz,Billie Eilish,132,34,6,36.1,TRUE,Sad,TRUE,FALSE
1625,13,India,Apple Music,Free,K-Pop,The Weeknd,71,16,6,27.9,FALSE,Party,TRUE,TRUE
1626,16,France,Apple Music,Student,Indie,BTS,36,6,8,23.9,TRUE,Sad,TRUE,FALSE
1627,34,Brazil,YouTube Music,Family,EDM,Dua Lipa,197,52,10,38.3,TRUE,Focus,FALSE,FALSE
1628,21,India,Apple Music,Premium,Hip-Hop,Tyler the Creator,42,9,8,28.2,FALSE,Workout,TRUE,TRUE
1629,30,USA,Spotify,Free,Indie,Tyler the Creator,90,21,8,31.3,TRUE,Energetic,TRUE,FALSE
1630,27,Brazil,Apple Music,Student,Classical,Tyler the Creator,59,21,11,42.8,FALSE,Sleep,FALSE,FALSE
1631,30,Brazil,Spotify,Free,Hip-Hop,Kendrick Lamar,205,56,17,17.7,FALSE,Happy,FALSE,FALSE
1632,38,India,YouTube Music,Free,K-Pop,The Weeknd,195,62,9,42.8,FALSE,Happy,FALSE,FALSE
1633,26,Canada,Spotify,Free,Pop,Taylor Swift,325,97,9,19.9,FALSE,Chill,FALSE,TRUE
1634,39,Nigeria,YouTube Music,Premium,Pop,Drake,51,24,9,44.9,TRUE,Party,TRUE,FALSE
1635,14,France,Apple Music,Premium,Pop,Olivia Rodrigo,80,24,10,19,FALSE,Energetic,TRUE,TRUE
1636,29,Japan,Spotify,Free,Indie,Taylor Swift,142,40,7,44.7,FALSE,Focus,FALSE,FALSE
1637,46,UK,Amazon Music,Free,Hip-Hop,Kendrick Lamar,162,41,13,21.4,FALSE,Energetic,FALSE,FALSE
1638,38,Brazil,YouTube Music,Premium,R&B,Dua Lipa,236,67,4,17.2,TRUE,Happy,FALSE,TRUE
1639,34,Nigeria,Apple Music,Student,Rock,Ariana Grande,85,19,9,42.1,TRUE,Workout,TRUE,FALSE
1640,25,Japan,Spotify,Student,Hip-Hop,Burna Boy,206,48,7,25.6,FALSE,Party,FALSE,FALSE
1641,32,Canada,YouTube Music,Free,Indie,BTS,82,26,4,4.6,FALSE,Focus,FALSE,TRUE
1642,37,Canada,Spotify,Student,EDM,Dua Lipa,73,23,5,2.2,FALSE,Energetic,TRUE,FALSE
1643,27,Brazil,YouTube Music,Free,Rock,Travis Scott,95,31,4,31,FALSE,Chill,TRUE,FALSE
1644,41,India,Apple Music,Free,Afrobeats,SZA,332,86,8,24.4,FALSE,Party,FALSE,TRUE
1645,28,France,YouTube Music,Free,K-Pop,The Weeknd,166,54,9,21.1,TRUE,Workout,FALSE,FALSE
1646,34,Germany,Spotify,Premium,Pop,Kendrick Lamar,52,13,12,17.5,TRUE,Sad,FALSE,FALSE
1647,39,Canada,Spotify,Premium,Country,The Weeknd,285,81,8,47.1,FALSE,Party,FALSE,FALSE
1648,18,India,Spotify,Free,Indie,Kendrick Lamar,186,50,9,4.8,TRUE,Happy,FALSE,TRUE
1649,43,Germany,Apple Music,Student,Pop,SZA,109,28,6,18.8,FALSE,Focus,FALSE,FALSE
1650,27,France,Spotify,Student,Rock,The Weeknd,128,35,6,16.8,FALSE,Sad,FALSE,TRUE
1651,13,Australia,YouTube Music,Premium,Afrobeats,The Weeknd,146,39,8,28,FALSE,Chill,FALSE,FALSE
1652,36,UK,Apple Music,Free,Hip-Hop,Drake,193,52,5,9.4,TRUE,Focus,FALSE,TRUE
1653,16,Japan,Apple Music,Free,Rock,Kendrick Lamar,341,106,10,6.9,FALSE,Happy,FALSE,FALSE
1654,41,Australia,Tidal,Free,Country,Ariana Grande,61,17,6,29.7,FALSE,Workout,FALSE,TRUE
1655,13,Australia,SoundCloud,Premium,R&B,Olivia Rodrigo,230,61,6,51.3,TRUE,Chill,FALSE,TRUE
1656,13,Australia,YouTube Music,Premium,Hip-Hop,Burna Boy,163,42,6,35.1,FALSE,Energetic,FALSE,FALSE
1657,18,USA,Amazon Music,Premium,Country,Olivia Rodrigo,59,10,9,22.3,FALSE,Sad,TRUE,TRUE
1658,20,Australia,YouTube Music,Premium,Rock,Drake,454,131,8,40,FALSE,Sleep,TRUE,FALSE
1659,27,Canada,Spotify,Free,EDM,Taylor Swift,110,21,5,27.4,FALSE,Focus,FALSE,TRUE
1660,13,Brazil,YouTube Music,Premium,Hip-Hop,The Weeknd,79,29,10,35.8,TRUE,Focus,TRUE,FALSE
1661,29,Canada,Apple Music,Family,EDM,Ariana Grande,9,1,7,38,FALSE,Sleep,FALSE,TRUE
1662,23,Nigeria,Amazon Music,Family,R&B,BTS,109,22,1,33.7,TRUE,Sleep,FALSE,FALSE
1663,16,India,Spotify,Premium,Lo-fi,Ariana Grande,152,44,12,6.5,TRUE,Energetic,TRUE,FALSE
1664,29,Canada,Amazon Music,Free,Classical,Ariana Grande,94,28,12,15.7,FALSE,Energetic,FALSE,TRUE
1665,41,Japan,Spotify,Family,EDM,The Weeknd,179,49,9,37.7,TRUE,Happy,TRUE,TRUE
1666,40,Germany,Spotify,Family,EDM,BTS,83,9,6,19.5,TRUE,Happy,TRUE,TRUE
1667,30,India,Tidal,Free,R&B,Kendrick Lamar,81,18,8,27.6,TRUE,Sad,FALSE,FALSE
1668,24,Australia,YouTube Music,Premium,Afrobeats,BTS,119,40,12,25.7,FALSE,Focus,TRUE,TRUE
1669,16,India,Tidal,Free,Afrobeats,Burna Boy,160,51,10,27.5,FALSE,Chill,FALSE,FALSE
1670,17,Canada,Apple Music,Free,Jazz,Bad Bunny,85,18,12,25.2,FALSE,Chill,FALSE,TRUE
1671,42,Canada,Spotify,Free,Hip-Hop,Taylor Swift,120,34,11,31.5,TRUE,Sad,TRUE,FALSE
1672,31,Brazil,Spotify,Free,K-Pop,Tyler the Creator,279,77,8,38.2,FALSE,Workout,TRUE,FALSE
1673,27,USA,SoundCloud,Premium,K-Pop,Bad Bunny,18,1,2,56,TRUE,Energetic,TRUE,TRUE
1674,30,UK,Spotify,Family,Pop,The Weeknd,119,33,7,40.2,FALSE,Sleep,FALSE,TRUE
1675,15,Japan,Spotify,Student,Country,Burna Boy,252,68,9,43.6,TRUE,Energetic,TRUE,FALSE
1676,31,Canada,Tidal,Free,Classical,Travis Scott,175,51,7,28.5,TRUE,Chill,FALSE,FALSE
1677,23,India,YouTube Music,Free,Afrobeats,BTS,114,42,6,34.5,TRUE,Happy,FALSE,TRUE
1678,16,Nigeria,Spotify,Free,Hip-Hop,SZA,96,27,12,24,FALSE,Party,TRUE,TRUE
1679,24,France,Spotify,Free,Lo-fi,The Weeknd,155,43,6,37.6,TRUE,Focus,FALSE,TRUE
1680,29,India,Apple Music,Family,Hip-Hop,Taylor Swift,158,39,18,41.9,FALSE,Sad,TRUE,TRUE
1681,27,USA,Amazon Music,Free,Pop,Drake,126,47,8,26.5,FALSE,Party,TRUE,TRUE
1682,36,Canada,Tidal,Free,Rock,Olivia Rodrigo,80,31,8,30,FALSE,Energetic,FALSE,FALSE
1683,20,Australia,YouTube Music,Free,K-Pop,Travis Scott,52,18,9,34.6,FALSE,Sad,TRUE,TRUE
1684,30,India,Apple Music,Premium,R&B,Billie Eilish,189,45,8,44.7,FALSE,Party,TRUE,FALSE
1685,23,UK,Apple Music,Premium,EDM,Ariana Grande,229,66,8,34.2,FALSE,Party,TRUE,TRUE
1686,26,USA,Apple Music,Premium,Hip-Hop,Bad Bunny,36,9,6,23.6,TRUE,Sleep,FALSE,FALSE
1687,40,Canada,YouTube Music,Premium,EDM,Travis Scott,11,1,8,28.4,FALSE,Energetic,TRUE,FALSE
1688,34,Canada,Apple Music,Free,K-Pop,BTS,109,24,11,37,FALSE,Energetic,FALSE,FALSE
1689,33,Canada,Apple Music,Free,Rock,Drake,118,37,7,15.9,TRUE,Party,TRUE,TRUE
1690,43,Nigeria,YouTube Music,Premium,R&B,Dua Lipa,32,11,10,24,TRUE,Focus,TRUE,FALSE
1691,16,Canada,Spotify,Family,Rock,Drake,176,48,7,36.1,TRUE,Happy,FALSE,TRUE
1692,29,Australia,Apple Music,Family,EDM,Dua Lipa,116,35,11,48.6,TRUE,Sad,FALSE,TRUE
1693,20,Australia,YouTube Music,Family,Rock,Bad Bunny,143,41,11,13.2,FALSE,Sad,FALSE,TRUE
1694,13,USA,Apple Music,Student,Lo-fi,Bad Bunny,58,13,6,42.2,FALSE,Energetic,TRUE,TRUE
1695,26,France,Spotify,Free,Hip-Hop,Olivia Rodrigo,149,33,17,13.5,FALSE,Sad,TRUE,FALSE
1696,34,Australia,Apple Music,Free,Rock,Taylor Swift,87,23,9,41.7,FALSE,Focus,TRUE,TRUE
1697,13,France,YouTube Music,Premium,R&B,Drake,38,15,7,18.7,TRUE,Sad,TRUE,FALSE
1698,29,USA,YouTube Music,Free,Pop,Ariana Grande,110,32,12,31.9,FALSE,Chill,TRUE,TRUE
1699,34,Nigeria,Spotify,Free,EDM,Dua Lipa,54,12,12,37.2,TRUE,Workout,TRUE,FALSE
1700,24,Japan,Apple Music,Free,Hip-Hop,Taylor Swift,42,20,9,19.4,TRUE,Party,FALSE,FALSE
1701,14,Brazil,Spotify,Family,Hip-Hop,BTS,31,12,12,17.9,FALSE,Energetic,TRUE,TRUE
1702,41,USA,Spotify,Premium,Indie,Bad Bunny,118,35,10,33.7,TRUE,Workout,FALSE,TRUE
1703,13,Japan,Spotify,Premium,Afrobeats,Burna Boy,86,20,9,36.8,TRUE,Focus,FALSE,TRUE
1704,28,Brazil,Spotify,Family,Hip-Hop,Burna Boy,255,80,13,26.3,TRUE,Happy,FALSE,TRUE
1705,14,Canada,Spotify,Free,Jazz,BTS,77,20,11,47.3,TRUE,Sleep,TRUE,FALSE
1706,37,Australia,Spotify,Premium,Indie,Billie Eilish,76,25,6,34.1,TRUE,Workout,TRUE,FALSE
1707,36,India,SoundCloud,Free,Hip-Hop,Tyler the Creator,20,10,11,35.8,FALSE,Focus,FALSE,TRUE
1708,28,Nigeria,Apple Music,Student,Pop,SZA,411,116,8,26.5,TRUE,Energetic,FALSE,TRUE
1709,21,Brazil,YouTube Music,Free,Hip-Hop,Billie Eilish,64,25,11,14.2,TRUE,Focus,FALSE,TRUE
1710,39,Japan,Apple Music,Premium,Hip-Hop,Burna Boy,47,21,8,21.7,TRUE,Chill,FALSE,FALSE
1711,29,Germany,Apple Music,Free,K-Pop,SZA,217,60,6,21.7,TRUE,Sad,TRUE,TRUE
1712,16,Japan,Spotify,Premium,Pop,The Weeknd,66,21,14,47.5,FALSE,Chill,FALSE,FALSE
1713,30,Japan,Spotify,Free,Pop,The Weeknd,90,18,8,51.7,FALSE,Chill,FALSE,FALSE
1714,19,UK,Apple Music,Family,Classical,Ariana Grande,200,61,4,10.6,TRUE,Chill,FALSE,FALSE
1715,17,Brazil,Spotify,Premium,Indie,Kendrick Lamar,105,44,6,28.8,FALSE,Happy,TRUE,FALSE
1716,17,Canada,Spotify,Family,Hip-Hop,The Weeknd,46,16,6,35.2,FALSE,Sad,TRUE,FALSE
1717,37,Brazil,Spotify,Student,Country,Ariana Grande,228,63,7,38.4,FALSE,Happy,TRUE,FALSE
1718,19,Brazil,Spotify,Family,Afrobeats,SZA,115,32,16,9.9,TRUE,Sad,TRUE,TRUE
1719,14,India,Spotify,Free,Rock,The Weeknd,116,19,6,11.9,FALSE,Sad,FALSE,TRUE
1720,22,France,Apple Music,Premium,R&B,The Weeknd,177,56,5,24,FALSE,Party,TRUE,FALSE
1721,50,India,Apple Music,Student,R&B,Dua Lipa,198,59,12,16.5,FALSE,Party,FALSE,TRUE
1722,29,Australia,Spotify,Free,Hip-Hop,SZA,216,64,9,29.7,TRUE,Focus,TRUE,TRUE
1723,38,Japan,SoundCloud,Free,Country,Kendrick Lamar,101,29,5,14,TRUE,Party,FALSE,FALSE
1724,39,India,Apple Music,Free,EDM,Burna Boy,88,17,9,28.6,TRUE,Workout,TRUE,TRUE
1725,41,Nigeria,SoundCloud,Family,Pop,Tyler the Creator,143,41,8,14.1,TRUE,Party,TRUE,TRUE
1726,34,Germany,Spotify,Free,Hip-Hop,The Weeknd,232,66,7,38.2,FALSE,Happy,FALSE,FALSE
1727,32,France,Spotify,Premium,Country,The Weeknd,149,41,5,33.1,TRUE,Focus,FALSE,TRUE
1728,22,Brazil,Apple Music,Premium,Pop,Olivia Rodrigo,116,28,9,29.9,TRUE,Party,TRUE,FALSE
1729,28,Brazil,SoundCloud,Premium,Pop,Ariana Grande,27,12,7,30.8,TRUE,Energetic,FALSE,FALSE
1730,25,Brazil,Spotify,Free,Rock,BTS,143,41,6,46.7,TRUE,Sad,TRUE,TRUE
1731,24,Japan,Apple Music,Premium,Pop,Travis Scott,193,55,9,27,TRUE,Sad,FALSE,TRUE
1732,30,Australia,YouTube Music,Premium,Classical,Billie Eilish,181,59,14,19.7,FALSE,Happy,TRUE,FALSE
1733,32,Nigeria,Spotify,Student,Indie,Ariana Grande,140,36,13,47.8,FALSE,Workout,FALSE,TRUE
1734,25,UK,Apple Music,Student,EDM,Kendrick Lamar,128,29,8,18.5,FALSE,Happy,FALSE,TRUE
1735,17,Nigeria,Spotify,Free,Pop,Tyler the Creator,56,18,5,22.2,TRUE,Sad,FALSE,FALSE
1736,29,India,Apple Music,Premium,Pop,Taylor Swift,153,36,6,40.2,TRUE,Sleep,FALSE,TRUE
1737,29,Australia,Apple Music,Family,R&B,Billie Eilish,136,41,7,16,FALSE,Focus,TRUE,TRUE
1738,26,Brazil,SoundCloud,Free,Pop,Bad Bunny,34,11,13,18.4,TRUE,Chill,TRUE,FALSE
1739,33,Nigeria,Apple Music,Student,Hip-Hop,Bad Bunny,201,59,10,23.1,FALSE,Sad,FALSE,FALSE
1740,41,UK,Apple Music,Free,Hip-Hop,Olivia Rodrigo,29,13,11,36.9,TRUE,Happy,TRUE,TRUE
1741,24,India,Spotify,Free,Pop,The Weeknd,92,17,10,54.1,TRUE,Happy,FALSE,TRUE
1742,33,Nigeria,Apple Music,Premium,Pop,Dua Lipa,133,37,11,26.5,FALSE,Sad,TRUE,FALSE
1743,38,USA,Spotify,Student,EDM,Travis Scott,173,48,5,12.7,TRUE,Sleep,TRUE,FALSE
1744,31,USA,Spotify,Premium,Hip-Hop,Taylor Swift,110,25,6,39.3,FALSE,Sleep,TRUE,FALSE
1745,37,Japan,Apple Music,Free,R&B,Bad Bunny,145,41,6,40.1,TRUE,Energetic,TRUE,FALSE
1746,18,USA,SoundCloud,Premium,Indie,Drake,85,27,11,32.3,FALSE,Workout,FALSE,FALSE
1747,27,Germany,Apple Music,Premium,Country,Taylor Swift,258,71,16,39.7,TRUE,Party,FALSE,FALSE
1748,27,Japan,Amazon Music,Family,Classical,Bad Bunny,343,107,3,38.9,FALSE,Workout,FALSE,FALSE
1749,21,USA,YouTube Music,Free,Hip-Hop,Travis Scott,107,22,11,34.4,TRUE,Sad,FALSE,TRUE
1750,30,USA,SoundCloud,Premium,Pop,SZA,57,13,7,8.1,TRUE,Party,TRUE,TRUE
1751,35,France,Spotify,Premium,Indie,Olivia Rodrigo,128,31,7,21.6,TRUE,Focus,TRUE,TRUE
1752,28,UK,Spotify,Free,Rock,Bad Bunny,65,21,8,5,FALSE,Happy,FALSE,FALSE
1753,20,Japan,Spotify,Premium,Rock,Billie Eilish,19,9,6,18.9,TRUE,Party,FALSE,TRUE
1754,39,Japan,Apple Music,Free,EDM,SZA,62,11,8,22.3,TRUE,Sad,FALSE,FALSE
1755,27,France,Spotify,Free,Jazz,Taylor Swift,187,54,11,21.6,FALSE,Party,TRUE,FALSE
1756,17,USA,Spotify,Free,Pop,BTS,167,46,9,45.5,TRUE,Chill,TRUE,FALSE
1757,25,Canada,Spotify,Student,Indie,Burna Boy,91,25,17,38.2,TRUE,Party,FALSE,TRUE
1758,19,USA,Apple Music,Family,Classical,Billie Eilish,253,69,15,28.1,FALSE,Energetic,FALSE,TRUE
1759,29,Australia,Spotify,Student,Pop,SZA,23,9,7,41.2,FALSE,Sad,FALSE,TRUE
1760,26,UK,Spotify,Premium,Indie,Tyler the Creator,97,22,11,46.5,FALSE,Chill,FALSE,FALSE
1761,27,UK,Spotify,Free,K-Pop,Burna Boy,257,65,7,28,FALSE,Energetic,FALSE,TRUE
1762,16,Brazil,YouTube Music,Premium,Hip-Hop,Billie Eilish,52,19,13,2.9,FALSE,Energetic,FALSE,TRUE
1763,26,Germany,YouTube Music,Student,Hip-Hop,BTS,97,20,8,1.6,TRUE,Energetic,FALSE,TRUE
1764,28,Germany,Apple Music,Free,Lo-fi,Taylor Swift,48,24,11,39.1,TRUE,Happy,TRUE,FALSE
1765,22,Australia,Spotify,Premium,EDM,The Weeknd,133,41,6,15.4,TRUE,Energetic,TRUE,TRUE
1766,33,India,Spotify,Free,Hip-Hop,Kendrick Lamar,84,23,9,23.3,TRUE,Happy,TRUE,TRUE
1767,32,India,Apple Music,Premium,Hip-Hop,BTS,181,42,3,36.6,TRUE,Sleep,TRUE,TRUE
1768,25,Germany,Spotify,Premium,Afrobeats,SZA,189,53,8,28.3,FALSE,Party,FALSE,FALSE
1769,38,Japan,SoundCloud,Free,EDM,Taylor Swift,161,48,10,16.4,TRUE,Party,FALSE,TRUE
1770,25,Nigeria,Spotify,Premium,Lo-fi,BTS,179,49,8,33.4,FALSE,Energetic,TRUE,TRUE
1771,18,Nigeria,Spotify,Free,Jazz,Tyler the Creator,14,2,7,19.5,TRUE,Chill,FALSE,FALSE
1772,29,India,Spotify,Free,Rock,Bad Bunny,38,8,12,54.7,TRUE,Sleep,FALSE,FALSE
1773,26,Brazil,Apple Music,Free,Afrobeats,Drake,239,66,6,40.4,FALSE,Happy,TRUE,TRUE
1774,38,Japan,YouTube Music,Family,Jazz,Olivia Rodrigo,25,3,9,34.6,TRUE,Workout,FALSE,FALSE
1775,29,India,Apple Music,Free,Afrobeats,SZA,31,6,5,16.2,FALSE,Sad,TRUE,FALSE
1776,41,Australia,Tidal,Free,Pop,Tyler the Creator,136,33,14,42.5,FALSE,Sad,FALSE,FALSE
1777,27,Germany,Spotify,Premium,K-Pop,SZA,222,62,12,36.1,TRUE,Chill,FALSE,TRUE
1778,22,UK,Spotify,Premium,EDM,Taylor Swift,142,45,10,23.2,FALSE,Energetic,FALSE,FALSE
1779,25,India,Spotify,Premium,EDM,Olivia Rodrigo,43,10,10,33.6,TRUE,Chill,TRUE,TRUE
1780,41,Japan,Spotify,Free,K-Pop,Dua Lipa,144,39,7,28.5,TRUE,Energetic,FALSE,FALSE
1781,31,India,YouTube Music,Premium,Hip-Hop,Kendrick Lamar,272,79,8,39.2,TRUE,Happy,TRUE,TRUE
1782,23,Canada,Apple Music,Free,R&B,Olivia Rodrigo,173,49,2,29.6,TRUE,Happy,TRUE,FALSE
1783,24,USA,YouTube Music,Premium,K-Pop,Drake,116,32,9,14.3,TRUE,Chill,TRUE,FALSE
1784,19,Brazil,Spotify,Student,EDM,Drake,105,33,11,22.9,TRUE,Focus,FALSE,TRUE
1785,21,Australia,Spotify,Free,Hip-Hop,Drake,19,7,11,30.5,TRUE,Chill,TRUE,FALSE
1786,29,India,Apple Music,Student,Afrobeats,BTS,228,63,10,7.8,TRUE,Party,TRUE,TRUE
1787,16,Nigeria,Amazon Music,Free,Hip-Hop,Tyler the Creator,22,8,9,24.4,TRUE,Happy,FALSE,FALSE
1788,50,UK,Spotify,Free,Pop,Tyler the Creator,372,111,8,46.7,FALSE,Focus,FALSE,TRUE
1789,30,Brazil,YouTube Music,Free,K-Pop,Taylor Swift,142,43,10,18.5,TRUE,Sad,FALSE,FALSE
1790,36,India,Spotify,Premium,EDM,Ariana Grande,247,71,8,8.6,FALSE,Party,FALSE,TRUE
1791,31,Japan,Tidal,Free,Rock,Olivia Rodrigo,35,10,6,14.9,FALSE,Party,TRUE,FALSE
1792,27,Brazil,Spotify,Premium,Hip-Hop,Olivia Rodrigo,103,28,11,22.4,FALSE,Party,TRUE,TRUE
1793,44,Brazil,Tidal,Premium,Pop,Tyler the Creator,76,21,7,38.4,FALSE,Energetic,TRUE,FALSE
1794,22,Japan,Spotify,Free,Pop,Drake,47,10,5,29.8,TRUE,Focus,FALSE,FALSE
1795,30,Brazil,YouTube Music,Free,Rock,Ariana Grande,136,34,6,46.6,TRUE,Chill,FALSE,TRUE
1796,27,Japan,Spotify,Free,Afrobeats,Tyler the Creator,141,38,11,0,FALSE,Chill,FALSE,FALSE
1797,41,Australia,Apple Music,Premium,R&B,Taylor Swift,117,20,6,16.1,FALSE,Focus,TRUE,FALSE
1798,41,USA,Spotify,Family,EDM,Travis Scott,218,64,12,10,TRUE,Happy,FALSE,TRUE
1799,36,India,SoundCloud,Family,Hip-Hop,SZA,93,23,9,32.5,TRUE,Happy,TRUE,FALSE
1800,32,Canada,Apple Music,Free,K-Pop,SZA,257,90,7,19.1,FALSE,Happy,FALSE,FALSE
1801,40,Germany,Spotify,Premium,Pop,SZA,113,25,9,26.8,FALSE,Energetic,FALSE,TRUE
1802,26,USA,YouTube Music,Family,EDM,Ariana Grande,115,34,14,46.8,FALSE,Happy,TRUE,FALSE
1803,41,USA,SoundCloud,Free,Hip-Hop,The Weeknd,110,46,7,45.6,TRUE,Workout,FALSE,FALSE
1804,40,Germany,Apple Music,Premium,Pop,Travis Scott,71,24,9,34.6,TRUE,Sleep,FALSE,FALSE
1805,30,Nigeria,Apple Music,Free,Rock,Billie Eilish,138,39,9,33.5,TRUE,Sleep,TRUE,TRUE
1806,32,Canada,YouTube Music,Premium,Hip-Hop,SZA,278,75,6,20.7,TRUE,Sleep,TRUE,FALSE
1807,23,Japan,SoundCloud,Family,Hip-Hop,Ariana Grande,174,57,7,42.8,TRUE,Energetic,FALSE,FALSE
1808,25,Nigeria,Amazon Music,Free,Hip-Hop,Taylor Swift,53,22,15,36.1,TRUE,Energetic,TRUE,TRUE
1809,32,Brazil,Spotify,Premium,R&B,Billie Eilish,390,119,13,28.8,TRUE,Happy,TRUE,FALSE
1810,33,USA,YouTube Music,Student,Indie,Olivia Rodrigo,227,68,10,30.5,FALSE,Chill,FALSE,FALSE
1811,29,UK,Spotify,Premium,Pop,Tyler the Creator,184,57,8,42,FALSE,Focus,FALSE,TRUE
1812,17,France,Spotify,Student,EDM,BTS,82,28,6,11.9,TRUE,Workout,FALSE,TRUE
1813,33,Nigeria,Spotify,Family,R&B,Bad Bunny,125,36,9,24.8,TRUE,Happy,TRUE,FALSE
1814,32,Canada,Amazon Music,Free,K-Pop,Dua Lipa,112,31,8,1.2,FALSE,Party,FALSE,FALSE
1815,28,India,Spotify,Student,Indie,Bad Bunny,113,31,9,44.7,FALSE,Chill,TRUE,FALSE
1816,24,Nigeria,Spotify,Free,Rock,Bad Bunny,59,27,13,14.2,FALSE,Workout,TRUE,FALSE
1817,26,Japan,Tidal,Free,Hip-Hop,Olivia Rodrigo,195,50,12,7.9,TRUE,Sleep,TRUE,TRUE
1818,49,France,Spotify,Family,R&B,Travis Scott,212,53,10,5.4,FALSE,Party,TRUE,FALSE
1819,24,India,YouTube Music,Premium,K-Pop,Kendrick Lamar,86,27,8,46.7,FALSE,Workout,TRUE,TRUE
1820,25,Japan,Spotify,Premium,Rock,The Weeknd,276,80,11,20.1,FALSE,Focus,FALSE,TRUE
1821,24,USA,Apple Music,Free,Pop,Travis Scott,181,56,10,32,TRUE,Energetic,FALSE,FALSE
1822,35,France,Tidal,Student,Pop,Tyler the Creator,81,22,13,28.9,FALSE,Happy,FALSE,TRUE
1823,34,France,YouTube Music,Premium,R&B,Bad Bunny,227,70,8,54.2,TRUE,Party,TRUE,FALSE
1824,27,India,Spotify,Free,Indie,Olivia Rodrigo,222,57,8,28.5,TRUE,Party,TRUE,FALSE
1825,28,Brazil,Apple Music,Family,Hip-Hop,Taylor Swift,59,14,10,34.8,TRUE,Sad,FALSE,FALSE
1826,14,Japan,Spotify,Premium,Rock,Taylor Swift,61,25,9,32.9,TRUE,Focus,TRUE,TRUE
1827,30,Canada,Apple Music,Free,Pop,SZA,322,97,8,10.2,FALSE,Sad,FALSE,FALSE
1828,24,Germany,Amazon Music,Free,Pop,Tyler the Creator,154,46,4,37.7,FALSE,Sleep,FALSE,FALSE
1829,32,Australia,Tidal,Free,R&B,Burna Boy,101,26,7,24.6,TRUE,Happy,FALSE,FALSE
1830,13,Brazil,Spotify,Premium,EDM,Bad Bunny,56,12,7,40,TRUE,Energetic,TRUE,TRUE
1831,20,France,Apple Music,Free,Pop,Olivia Rodrigo,96,25,6,21.6,FALSE,Sad,FALSE,FALSE
1832,31,Canada,YouTube Music,Family,R&B,BTS,143,38,7,34.1,TRUE,Workout,TRUE,TRUE
1833,25,Japan,Apple Music,Premium,EDM,Billie Eilish,81,16,12,33.3,TRUE,Sleep,TRUE,FALSE
1834,32,India,SoundCloud,Free,K-Pop,Tyler the Creator,69,21,4,5.7,FALSE,Sad,FALSE,TRUE
1835,16,Brazil,SoundCloud,Family,Hip-Hop,Burna Boy,85,35,7,23,TRUE,Workout,TRUE,FALSE
1836,23,UK,Spotify,Free,Pop,Travis Scott,264,71,8,22.8,FALSE,Energetic,FALSE,TRUE
1837,27,Brazil,YouTube Music,Family,Afrobeats,Kendrick Lamar,202,55,7,24.3,FALSE,Party,FALSE,FALSE
1838,44,Australia,Apple Music,Free,Pop,Drake,165,49,9,32.6,TRUE,Sleep,TRUE,TRUE
1839,24,France,Spotify,Free,Rock,Burna Boy,168,40,8,31.6,FALSE,Party,FALSE,TRUE
1840,34,USA,Tidal,Premium,Lo-fi,Taylor Swift,109,35,11,18.5,TRUE,Focus,TRUE,FALSE
1841,33,UK,Apple Music,Premium,Hip-Hop,Taylor Swift,218,71,6,17.8,FALSE,Workout,TRUE,FALSE
1842,14,Canada,Spotify,Premium,Hip-Hop,Tyler the Creator,52,15,9,23.6,FALSE,Workout,TRUE,TRUE
1843,36,Australia,Spotify,Premium,K-Pop,Olivia Rodrigo,194,55,11,22.7,FALSE,Sleep,TRUE,TRUE
1844,45,Australia,Spotify,Free,Pop,Travis Scott,137,45,6,13.2,FALSE,Energetic,FALSE,FALSE
1845,13,Germany,Spotify,Premium,Jazz,Burna Boy,286,73,8,15.1,FALSE,Focus,TRUE,TRUE
1846,23,Canada,Spotify,Free,K-Pop,BTS,66,21,6,29.9,FALSE,Sad,TRUE,TRUE
1847,17,UK,Apple Music,Family,Lo-fi,Burna Boy,170,48,14,10,FALSE,Workout,TRUE,FALSE
1848,34,Canada,Apple Music,Premium,Rock,Dua Lipa,61,9,9,17,FALSE,Party,TRUE,TRUE
1849,44,USA,Spotify,Free,R&B,Tyler the Creator,253,65,9,43.7,FALSE,Sad,TRUE,TRUE
1850,36,Brazil,YouTube Music,Student,Jazz,Taylor Swift,134,39,11,8.4,TRUE,Chill,TRUE,TRUE
1851,15,Nigeria,Spotify,Free,Pop,Dua Lipa,51,12,9,34.5,FALSE,Sleep,FALSE,FALSE
1852,35,USA,SoundCloud,Free,Hip-Hop,Olivia Rodrigo,157,45,6,27.9,FALSE,Energetic,TRUE,TRUE
1853,43,India,Apple Music,Premium,Pop,Tyler the Creator,72,20,13,26.1,TRUE,Workout,TRUE,FALSE
1854,14,Germany,Apple Music,Premium,Afrobeats,SZA,276,77,10,32.3,FALSE,Party,FALSE,TRUE
1855,32,UK,Spotify,Premium,Rock,Drake,232,67,3,32.2,FALSE,Energetic,FALSE,FALSE
1856,25,UK,Spotify,Family,Indie,SZA,141,42,14,41.9,TRUE,Focus,FALSE,TRUE
1857,13,Australia,Apple Music,Free,Hip-Hop,Billie Eilish,198,55,10,50,FALSE,Happy,TRUE,FALSE
1858,34,USA,Spotify,Free,Hip-Hop,Travis Scott,157,53,12,29.8,TRUE,Sad,FALSE,TRUE
1859,37,Canada,Apple Music,Premium,Classical,Ariana Grande,67,23,10,44.9,FALSE,Party,FALSE,TRUE
1860,18,Brazil,Spotify,Free,Rock,SZA,273,78,10,40,FALSE,Chill,FALSE,TRUE
1861,41,Germany,Spotify,Free,Pop,Ariana Grande,101,23,9,20,FALSE,Focus,FALSE,FALSE
1862,35,Germany,Spotify,Student,Rock,Burna Boy,330,94,6,41.9,TRUE,Party,FALSE,FALSE
1863,55,France,Apple Music,Free,K-Pop,Olivia Rodrigo,292,76,6,28.7,TRUE,Energetic,TRUE,TRUE
1864,25,UK,YouTube Music,Family,Hip-Hop,Burna Boy,90,20,11,21.2,TRUE,Focus,FALSE,FALSE
1865,17,UK,Spotify,Premium,Hip-Hop,Bad Bunny,149,39,13,20,TRUE,Happy,TRUE,FALSE
1866,26,India,Apple Music,Family,K-Pop,Ariana Grande,64,7,11,0,FALSE,Energetic,FALSE,FALSE
1867,25,Canada,Spotify,Free,Classical,Kendrick Lamar,341,98,10,4,TRUE,Sad,FALSE,FALSE
1868,17,Nigeria,Apple Music,Premium,Rock,SZA,99,32,7,4,FALSE,Workout,TRUE,TRUE
1869,21,France,Spotify,Family,EDM,Taylor Swift,54,8,11,18.4,FALSE,Energetic,FALSE,TRUE
1870,33,Japan,YouTube Music,Family,R&B,Billie Eilish,204,59,9,27.2,TRUE,Sleep,TRUE,FALSE
1871,25,Germany,Spotify,Free,Indie,The Weeknd,84,19,15,35.7,FALSE,Sleep,TRUE,FALSE
1872,13,Nigeria,Spotify,Free,K-Pop,Drake,174,49,13,47.8,TRUE,Party,FALSE,TRUE
1873,20,Brazil,Apple Music,Student,EDM,Drake,66,23,4,34.3,TRUE,Energetic,TRUE,FALSE
1874,34,UK,Spotify,Free,Lo-fi,Burna Boy,120,36,9,30,FALSE,Sleep,TRUE,FALSE
1875,17,Germany,Spotify,Free,Hip-Hop,Billie Eilish,35,3,6,23.8,TRUE,Party,FALSE,FALSE
1876,33,Brazil,Amazon Music,Free,Lo-fi,Tyler the Creator,132,38,8,26.9,TRUE,Sad,TRUE,TRUE
1877,17,USA,Apple Music,Free,Rock,Burna Boy,234,53,9,9.9,FALSE,Sleep,FALSE,FALSE
1878,34,Germany,Spotify,Free,Pop,Olivia Rodrigo,44,7,12,23.2,FALSE,Chill,FALSE,FALSE
1879,33,USA,Tidal,Student,Indie,Dua Lipa,93,17,6,38.3,FALSE,Sad,FALSE,TRUE
1880,19,Canada,Apple Music,Premium,Classical,The Weeknd,211,61,7,20.1,TRUE,Chill,FALSE,FALSE
1881,18,France,Apple Music,Family,Hip-Hop,BTS,127,38,6,20.5,FALSE,Energetic,FALSE,TRUE
1882,41,Canada,Apple Music,Family,Lo-fi,Burna Boy,221,67,5,36.3,TRUE,Workout,FALSE,FALSE
1883,16,Australia,Apple Music,Premium,Hip-Hop,Taylor Swift,60,3,9,26.1,FALSE,Energetic,FALSE,TRUE
1884,16,Canada,Spotify,Free,Rock,BTS,94,33,9,20.2,TRUE,Focus,TRUE,FALSE
1885,29,UK,Apple Music,Free,K-Pop,Taylor Swift,131,43,7,27.2,TRUE,Sleep,TRUE,FALSE
1886,35,France,Spotify,Family,Classical,Ariana Grande,88,25,8,26.4,TRUE,Focus,FALSE,FALSE
1887,23,Japan,Amazon Music,Free,Rock,Billie Eilish,259,77,2,52.1,FALSE,Happy,TRUE,TRUE
1888,27,Nigeria,Apple Music,Family,Pop,BTS,28,1,5,32.2,TRUE,Focus,FALSE,TRUE
1889,27,Germany,Apple Music,Premium,Classical,The Weeknd,213,53,7,23.3,TRUE,Chill,TRUE,FALSE
1890,25,Japan,Amazon Music,Student,K-Pop,Taylor Swift,30,1,6,23.7,FALSE,Focus,FALSE,FALSE
1891,29,France,Apple Music,Free,Afrobeats,Travis Scott,5,3,7,23.3,FALSE,Workout,FALSE,TRUE
1892,44,Australia,Apple Music,Premium,Pop,SZA,211,63,10,0,FALSE,Party,FALSE,TRUE
1893,35,Japan,Spotify,Free,EDM,SZA,249,64,9,17.7,FALSE,Chill,TRUE,FALSE
1894,25,Germany,Amazon Music,Free,Country,Billie Eilish,183,55,8,25.5,TRUE,Energetic,FALSE,TRUE
1895,23,Canada,Spotify,Free,EDM,The Weeknd,70,14,5,21.6,FALSE,Party,FALSE,TRUE
1896,31,Nigeria,YouTube Music,Free,Country,Drake,295,84,12,12.8,TRUE,Chill,FALSE,TRUE
1897,37,Canada,Apple Music,Free,Rock,Taylor Swift,110,35,7,24.5,TRUE,Chill,FALSE,FALSE
1898,25,USA,Apple Music,Free,Hip-Hop,BTS,157,38,8,22.1,TRUE,Sleep,TRUE,TRUE
1899,38,India,Tidal,Free,Indie,Billie Eilish,138,40,12,25.9,FALSE,Sad,FALSE,TRUE
1900,21,France,YouTube Music,Student,Hip-Hop,Olivia Rodrigo,256,72,11,38.6,FALSE,Workout,FALSE,TRUE
1901,31,Brazil,Amazon Music,Free,Hip-Hop,Tyler the Creator,237,76,12,23.3,TRUE,Energetic,TRUE,FALSE
1902,19,Canada,Spotify,Free,K-Pop,Kendrick Lamar,140,38,7,24.5,TRUE,Happy,FALSE,TRUE
1903,27,Canada,Apple Music,Free,Classical,Tyler the Creator,57,24,7,51.5,FALSE,Energetic,TRUE,FALSE
1904,36,USA,YouTube Music,Premium,Pop,Burna Boy,145,32,12,30.6,FALSE,Focus,TRUE,TRUE
1905,25,Nigeria,Amazon Music,Free,Pop,The Weeknd,176,60,8,24.1,TRUE,Happy,TRUE,FALSE
1906,24,UK,YouTube Music,Premium,EDM,Travis Scott,42,13,14,21.5,TRUE,Focus,TRUE,FALSE
1907,29,Brazil,Apple Music,Free,Pop,Bad Bunny,144,39,15,28.5,FALSE,Chill,FALSE,TRUE
1908,28,Germany,Apple Music,Free,Pop,Drake,263,77,4,29.8,TRUE,Party,TRUE,FALSE
1909,27,Australia,Spotify,Premium,Afrobeats,Burna Boy,43,21,12,33.7,TRUE,Party,FALSE,FALSE
1910,27,Canada,YouTube Music,Family,Hip-Hop,Drake,325,82,8,29,TRUE,Energetic,TRUE,FALSE
1911,41,Japan,Amazon Music,Family,Hip-Hop,Kendrick Lamar,183,46,7,17.1,TRUE,Focus,TRUE,TRUE
1912,20,Germany,Spotify,Student,Rock,Bad Bunny,35,3,9,39,FALSE,Workout,TRUE,TRUE
1913,34,Nigeria,Spotify,Premium,K-Pop,Dua Lipa,238,64,7,36.2,FALSE,Workout,FALSE,FALSE
1914,35,USA,Spotify,Student,Pop,Tyler the Creator,141,48,4,12.9,TRUE,Sleep,TRUE,TRUE
1915,22,Japan,Tidal,Free,EDM,Drake,85,29,7,17.7,TRUE,Sleep,TRUE,FALSE
1916,36,USA,Apple Music,Family,Afrobeats,Taylor Swift,126,30,11,31,TRUE,Sleep,TRUE,TRUE
1917,39,India,YouTube Music,Free,R&B,Taylor Swift,65,21,8,37.9,FALSE,Chill,TRUE,TRUE
1918,21,Nigeria,YouTube Music,Free,Indie,Travis Scott,221,62,10,15.4,FALSE,Party,FALSE,TRUE
1919,15,Germany,Apple Music,Family,Hip-Hop,Dua Lipa,174,53,9,39.4,TRUE,Happy,FALSE,FALSE
1920,30,Japan,Spotify,Premium,Classical,Kendrick Lamar,167,48,12,35.4,FALSE,Sad,FALSE,FALSE
1921,25,Australia,Spotify,Student,Country,Travis Scott,83,22,6,31.4,TRUE,Sleep,TRUE,TRUE
1922,36,Nigeria,Apple Music,Free,Rock,Ariana Grande,73,17,5,18,TRUE,Sad,TRUE,FALSE
1923,13,Brazil,Spotify,Student,EDM,Bad Bunny,176,48,7,27,TRUE,Workout,FALSE,FALSE
1924,53,Nigeria,SoundCloud,Premium,Country,Burna Boy,241,71,7,28,FALSE,Sad,FALSE,FALSE
1925,13,Japan,Spotify,Premium,Hip-Hop,The Weeknd,235,62,6,35.7,FALSE,Energetic,TRUE,FALSE
1926,19,France,Spotify,Premium,EDM,Tyler the Creator,123,43,5,33.8,FALSE,Workout,TRUE,TRUE
1927,30,Nigeria,Spotify,Premium,Indie,Taylor Swift,106,27,6,46.3,TRUE,Party,FALSE,FALSE
1928,29,USA,YouTube Music,Student,Hip-Hop,Travis Scott,154,46,3,41.8,TRUE,Happy,TRUE,FALSE
1929,21,Nigeria,Apple Music,Student,Lo-fi,The Weeknd,63,24,6,23.3,TRUE,Sad,TRUE,FALSE
1930,41,Germany,Spotify,Premium,Pop,Travis Scott,197,61,13,44,FALSE,Focus,FALSE,TRUE
1931,17,India,Apple Music,Free,Afrobeats,Billie Eilish,88,17,9,25.1,TRUE,Chill,TRUE,FALSE
1932,37,Canada,Spotify,Premium,R&B,Travis Scott,57,9,6,35.6,FALSE,Workout,TRUE,FALSE
1933,25,UK,Tidal,Family,EDM,Olivia Rodrigo,156,45,9,20.4,FALSE,Focus,FALSE,FALSE
1934,24,Canada,Spotify,Premium,Pop,Taylor Swift,87,18,8,25.9,TRUE,Sad,FALSE,TRUE
1935,28,India,SoundCloud,Student,K-Pop,BTS,85,28,9,30.8,FALSE,Sad,FALSE,FALSE
1936,34,UK,Tidal,Premium,Rock,Dua Lipa,38,16,8,32.3,TRUE,Sleep,FALSE,TRUE
1937,18,Australia,Apple Music,Family,Lo-fi,Dua Lipa,199,55,7,48.5,FALSE,Workout,FALSE,FALSE
1938,28,Japan,Spotify,Free,Pop,Tyler the Creator,88,30,5,29,TRUE,Sad,TRUE,FALSE
1939,17,Canada,Tidal,Premium,Afrobeats,Kendrick Lamar,464,134,7,31.6,TRUE,Sleep,FALSE,TRUE
1940,41,Germany,Spotify,Free,R&B,Taylor Swift,144,31,12,16.8,TRUE,Party,FALSE,FALSE
1941,31,Japan,Apple Music,Premium,Indie,Kendrick Lamar,121,34,12,30.8,TRUE,Sad,TRUE,FALSE
1942,27,Canada,Spotify,Family,K-Pop,Dua Lipa,31,6,3,33.1,TRUE,Chill,FALSE,FALSE
1943,13,France,SoundCloud,Family,K-Pop,Ariana Grande,137,39,7,51.5,FALSE,Workout,FALSE,TRUE
1944,25,Canada,Spotify,Premium,Country,Tyler the Creator,197,46,6,44.7,TRUE,Chill,TRUE,FALSE
1945,21,USA,Amazon Music,Family,K-Pop,Taylor Swift,71,12,7,17.9,TRUE,Focus,FALSE,FALSE
1946,34,India,SoundCloud,Free,K-Pop,The Weeknd,80,17,11,2.2,TRUE,Workout,FALSE,FALSE
1947,26,France,Spotify,Free,Jazz,Bad Bunny,154,43,12,20.4,FALSE,Chill,FALSE,FALSE
1948,39,Brazil,Apple Music,Free,Pop,Travis Scott,39,16,13,40.4,TRUE,Focus,TRUE,TRUE
1949,13,UK,SoundCloud,Free,Lo-fi,SZA,141,40,12,36.6,TRUE,Party,FALSE,TRUE
1950,25,Germany,Spotify,Student,Hip-Hop,Burna Boy,111,33,9,12.8,FALSE,Energetic,FALSE,TRUE
1951,30,Australia,YouTube Music,Premium,K-Pop,Travis Scott,394,104,8,30.5,FALSE,Energetic,TRUE,TRUE
1952,37,Australia,Spotify,Premium,K-Pop,Dua Lipa,38,10,8,42.2,TRUE,Sleep,FALSE,FALSE
1953,36,UK,Spotify,Premium,Hip-Hop,The Weeknd,101,24,12,30.9,TRUE,Workout,FALSE,FALSE
1954,34,UK,YouTube Music,Free,R&B,Drake,91,29,9,18.4,TRUE,Energetic,FALSE,FALSE
1955,19,France,Tidal,Family,Afrobeats,The Weeknd,59,12,9,34.5,TRUE,Energetic,TRUE,FALSE
1956,13,Canada,YouTube Music,Free,Lo-fi,BTS,135,38,7,41,TRUE,Focus,FALSE,FALSE
1957,32,USA,Apple Music,Free,R&B,Travis Scott,626,179,12,41,TRUE,Sad,FALSE,TRUE
1958,29,Nigeria,YouTube Music,Premium,Pop,Taylor Swift,106,22,13,29.4,TRUE,Sleep,FALSE,FALSE
1959,52,Japan,Spotify,Free,Classical,Travis Scott,158,45,17,41.1,TRUE,Party,TRUE,FALSE
1960,20,Canada,YouTube Music,Student,EDM,Olivia Rodrigo,49,12,12,44.9,FALSE,Sad,TRUE,FALSE
1961,14,USA,Amazon Music,Free,Lo-fi,Dua Lipa,254,72,14,27.8,FALSE,Workout,TRUE,FALSE
1962,35,Nigeria,Tidal,Free,Pop,The Weeknd,77,20,9,29,TRUE,Workout,FALSE,TRUE
1963,28,UK,Apple Music,Family,Indie,Tyler the Creator,281,84,11,19.8,TRUE,Sad,TRUE,FALSE
1964,23,India,Spotify,Premium,Classical,Ariana Grande,231,64,8,15.1,FALSE,Sleep,TRUE,FALSE
1965,14,Canada,SoundCloud,Premium,Pop,SZA,170,46,12,28.9,TRUE,Sleep,TRUE,TRUE
1966,24,Japan,Apple Music,Free,Pop,Ariana Grande,124,40,3,25.5,TRUE,Focus,FALSE,TRUE
1967,23,Germany,YouTube Music,Family,Hip-Hop,Olivia Rodrigo,263,81,7,27,TRUE,Sad,FALSE,TRUE
1968,38,Australia,Amazon Music,Free,Rock,BTS,109,37,10,44.7,FALSE,Sleep,TRUE,FALSE
1969,34,Australia,Amazon Music,Free,Indie,SZA,165,42,14,42.3,FALSE,Happy,TRUE,FALSE
1970,32,Nigeria,SoundCloud,Premium,Rock,Dua Lipa,223,67,8,18.1,FALSE,Focus,FALSE,FALSE
1971,36,Nigeria,Spotify,Family,Afrobeats,Drake,185,59,8,26.1,TRUE,Party,TRUE,TRUE
1972,28,UK,SoundCloud,Free,R&B,BTS,91,30,9,15.8,TRUE,Sleep,FALSE,FALSE
1973,28,France,SoundCloud,Premium,Rock,Burna Boy,40,10,4,43.6,TRUE,Focus,FALSE,FALSE
1974,23,UK,Spotify,Student,EDM,Travis Scott,192,62,13,37.5,FALSE,Focus,TRUE,FALSE
1975,19,Australia,Spotify,Free,Rock,Travis Scott,89,23,4,37.3,FALSE,Sleep,FALSE,TRUE
1976,32,USA,Apple Music,Family,Jazz,The Weeknd,127,32,9,37.9,FALSE,Energetic,FALSE,FALSE
1977,41,Japan,Apple Music,Free,Hip-Hop,Dua Lipa,123,35,3,36.3,TRUE,Sad,FALSE,TRUE
1978,25,India,Spotify,Free,EDM,BTS,112,28,3,31.9,TRUE,Sad,FALSE,FALSE
1979,27,Germany,YouTube Music,Free,Indie,BTS,97,27,8,19.9,FALSE,Sleep,TRUE,FALSE
1980,29,Brazil,Spotify,Premium,EDM,Olivia Rodrigo,276,78,6,25.6,TRUE,Sleep,TRUE,FALSE
1981,35,France,SoundCloud,Free,EDM,Kendrick Lamar,108,43,8,15.4,TRUE,Energetic,TRUE,FALSE
1982,36,UK,Spotify,Student,K-Pop,SZA,129,39,10,24.1,TRUE,Chill,FALSE,FALSE
1983,34,Canada,Spotify,Family,Hip-Hop,BTS,49,10,6,26.3,TRUE,Happy,FALSE,FALSE
1984,38,India,Spotify,Premium,Rock,Billie Eilish,128,45,9,24.8,FALSE,Happy,FALSE,FALSE
1985,27,Canada,YouTube Music,Family,K-Pop,Taylor Swift,14,11,11,28.7,FALSE,Chill,TRUE,FALSE
1986,33,India,YouTube Music,Free,R&B,Olivia Rodrigo,213,66,8,11.2,TRUE,Energetic,FALSE,FALSE
1987,20,Japan,Spotify,Free,Jazz,Drake,83,29,14,32.7,FALSE,Focus,TRUE,FALSE
1988,13,India,Spotify,Free,Hip-Hop,SZA,252,69,4,32,TRUE,Chill,TRUE,TRUE
1989,13,Japan,Apple Music,Free,Hip-Hop,BTS,167,45,7,44.6,FALSE,Happy,FALSE,TRUE
1990,15,Japan,Apple Music,Free,Classical,Kendrick Lamar,172,49,10,41.1,TRUE,Energetic,TRUE,FALSE
1991,37,Australia,Apple Music,Premium,Indie,Ariana Grande,66,18,12,32.7,TRUE,Workout,FALSE,FALSE
1992,36,Australia,Apple Music,Premium,Hip-Hop,The Weeknd,200,56,12,30.4,TRUE,Chill,FALSE,FALSE
1993,15,Nigeria,Apple Music,Student,Indie,SZA,189,49,10,24.6,TRUE,Focus,FALSE,FALSE
1994,44,Canada,Spotify,Premium,K-Pop,Bad Bunny,122,39,6,23.8,TRUE,Happy,FALSE,FALSE
1995,27,Canada,YouTube Music,Premium,Indie,Bad Bunny,287,83,4,10.3,FALSE,Chill,FALSE,TRUE
1996,19,Canada,Apple Music,Free,Pop,Burna Boy,325,93,8,0,TRUE,Energetic,TRUE,FALSE
1997,22,France,Spotify,Family,Hip-Hop,Travis Scott,64,16,10,34.8,FALSE,Workout,TRUE,TRUE
1998,25,Japan,Spotify,Student,Indie,Ariana Grande,81,29,5,31.6,FALSE,Energetic,FALSE,TRUE
1999,28,India,Spotify,Premium,Hip-Hop,Burna Boy,148,46,9,33.2,FALSE,Workout,FALSE,TRUE
2000,19,Australia,YouTube Music,Premium,Hip-Hop,Drake,87,25,14,27,FALSE,Happy,TRUE,TRUE
2001,26,USA,Apple Music,Family,Rock,The Weeknd,133,35,3,26.5,FALSE,Sad,TRUE,FALSE
2002,29,Australia,Apple Music,Free,Rock,Ariana Grande,31,4,9,21.4,TRUE,Sad,FALSE,FALSE
2003,40,Australia,Spotify,Family,K-Pop,Travis Scott,161,48,12,28,TRUE,Workout,TRUE,TRUE
2004,39,Germany,Spotify,Premium,R&B,Dua Lipa,283,90,12,20.1,FALSE,Chill,FALSE,TRUE
2005,25,USA,Apple Music,Premium,Hip-Hop,Kendrick Lamar,31,3,13,32.8,FALSE,Energetic,FALSE,TRUE
2006,37,Canada,SoundCloud,Free,Pop,Bad Bunny,209,55,3,49.3,TRUE,Party,FALSE,TRUE
2007,30,Germany,Apple Music,Free,Country,Drake,125,32,9,25.8,FALSE,Focus,FALSE,FALSE
2008,29,USA,Amazon Music,Free,Hip-Hop,Kendrick Lamar,271,78,9,29.9,TRUE,Happy,FALSE,FALSE
2009,20,Brazil,Spotify,Family,EDM,Drake,114,37,9,36.1,TRUE,Sad,FALSE,FALSE
2010,35,Nigeria,Spotify,Premium,K-Pop,BTS,147,38,12,42.7,TRUE,Workout,TRUE,TRUE
2011,34,Australia,YouTube Music,Free,Hip-Hop,Olivia Rodrigo,174,54,8,11.3,FALSE,Party,FALSE,FALSE
2012,13,India,Spotify,Free,Pop,Ariana Grande,145,35,8,54.3,TRUE,Party,TRUE,TRUE
2013,22,Japan,Spotify,Premium,Pop,Drake,73,25,12,31.4,TRUE,Sleep,TRUE,TRUE
2014,32,UK,Spotify,Free,Hip-Hop,Olivia Rodrigo,104,18,7,43,FALSE,Workout,FALSE,FALSE
2015,22,Brazil,Apple Music,Premium,Classical,SZA,46,6,12,44.9,TRUE,Sad,TRUE,TRUE
2016,43,UK,Spotify,Family,Jazz,Dua Lipa,228,59,12,34,FALSE,Focus,TRUE,FALSE
2017,18,Germany,Apple Music,Family,Rock,Billie Eilish,45,6,7,12.5,FALSE,Energetic,FALSE,TRUE
2018,18,Japan,Apple Music,Premium,Lo-fi,Billie Eilish,143,50,8,41.5,FALSE,Party,FALSE,TRUE
2019,34,Nigeria,YouTube Music,Family,Indie,Burna Boy,87,30,8,10.7,FALSE,Workout,FALSE,TRUE
2020,24,Nigeria,YouTube Music,Free,Classical,SZA,21,1,11,14.8,FALSE,Party,FALSE,TRUE
2021,20,Canada,SoundCloud,Free,Rock,Drake,300,79,12,20.2,TRUE,Energetic,FALSE,TRUE
2022,26,Nigeria,Spotify,Free,Hip-Hop,Tyler the Creator,179,49,9,37.2,TRUE,Chill,TRUE,FALSE
2023,34,France,Spotify,Premium,R&B,Bad Bunny,117,39,10,32.2,TRUE,Sleep,FALSE,TRUE
2024,44,Canada,Amazon Music,Family,Hip-Hop,Travis Scott,61,17,10,22.9,TRUE,Sad,TRUE,FALSE
2025,35,UK,Spotify,Family,Classical,Bad Bunny,74,23,8,18.2,TRUE,Happy,FALSE,TRUE
2026,40,Canada,SoundCloud,Free,Lo-fi,Dua Lipa,170,48,6,6.6,TRUE,Energetic,FALSE,FALSE
2027,29,India,Spotify,Free,Afrobeats,Kendrick Lamar,158,49,18,32.1,TRUE,Party,FALSE,FALSE
2028,31,Brazil,Tidal,Premium,EDM,Drake,31,9,9,32,FALSE,Party,TRUE,TRUE
2029,37,India,Spotify,Free,Pop,Kendrick Lamar,94,23,12,34,FALSE,Focus,TRUE,TRUE
2030,34,USA,YouTube Music,Free,Afrobeats,Billie Eilish,319,94,11,38.5,TRUE,Focus,FALSE,FALSE
2031,37,Australia,Tidal,Free,Indie,SZA,67,11,8,14.2,FALSE,Chill,TRUE,TRUE
2032,28,Canada,Spotify,Free,Hip-Hop,Kendrick Lamar,298,96,13,18.9,TRUE,Workout,TRUE,TRUE
2033,17,Nigeria,Amazon Music,Free,Indie,Dua Lipa,43,14,5,45,FALSE,Party,FALSE,TRUE
2034,17,France,Tidal,Premium,EDM,Ariana Grande,106,22,7,29.6,TRUE,Sad,FALSE,TRUE
2035,27,France,Spotify,Free,Country,Billie Eilish,256,80,5,29.4,TRUE,Chill,FALSE,FALSE
2036,15,USA,YouTube Music,Premium,Jazz,Bad Bunny,145,46,7,38.5,TRUE,Energetic,TRUE,TRUE
2037,26,Australia,Spotify,Student,Pop,Bad Bunny,203,60,7,16.3,FALSE,Energetic,FALSE,FALSE
2038,23,Japan,Spotify,Free,Classical,Dua Lipa,67,16,12,43.6,TRUE,Sleep,FALSE,FALSE
2039,30,Canada,YouTube Music,Premium,Classical,Kendrick Lamar,225,63,8,39.4,TRUE,Chill,FALSE,FALSE
2040,49,Brazil,Spotify,Premium,Pop,Drake,156,48,9,18.5,TRUE,Focus,TRUE,TRUE
2041,22,Canada,YouTube Music,Premium,K-Pop,Billie Eilish,71,18,8,39,FALSE,Sleep,FALSE,FALSE
2042,25,Canada,Apple Music,Free,Hip-Hop,Drake,42,5,13,19.9,TRUE,Happy,FALSE,FALSE
2043,25,Nigeria,SoundCloud,Free,Pop,Ariana Grande,122,34,6,29.9,TRUE,Sad,FALSE,FALSE
2044,27,Brazil,Spotify,Premium,R&B,Kendrick Lamar,54,8,7,15.7,FALSE,Happy,FALSE,TRUE
2045,13,Australia,Spotify,Free,Rock,Bad Bunny,72,21,11,16.7,TRUE,Energetic,FALSE,TRUE
2046,27,Nigeria,Spotify,Student,Lo-fi,BTS,158,34,8,64.4,FALSE,Happy,TRUE,FALSE
2047,48,UK,Spotify,Free,Classical,The Weeknd,105,28,10,26.6,FALSE,Party,FALSE,FALSE
2048,46,India,Spotify,Premium,EDM,Billie Eilish,61,20,10,24.4,TRUE,Party,FALSE,TRUE
2049,28,Germany,Apple Music,Student,Indie,Drake,103,33,6,34.6,TRUE,Focus,TRUE,TRUE
2050,37,Australia,YouTube Music,Premium,Pop,Kendrick Lamar,90,19,5,23.7,FALSE,Sleep,TRUE,FALSE
2051,27,USA,YouTube Music,Free,Hip-Hop,Travis Scott,69,21,10,20.7,FALSE,Party,FALSE,TRUE
2052,28,Brazil,Amazon Music,Premium,Hip-Hop,Olivia Rodrigo,118,28,9,30.1,FALSE,Happy,FALSE,TRUE
2053,35,Australia,Apple Music,Free,R&B,Burna Boy,116,34,6,26.4,FALSE,Happy,FALSE,FALSE
2054,27,Brazil,YouTube Music,Free,Indie,Dua Lipa,152,41,6,18.6,FALSE,Energetic,FALSE,FALSE
2055,42,Brazil,SoundCloud,Premium,Pop,Dua Lipa,220,58,14,27.3,FALSE,Happy,FALSE,FALSE
2056,13,France,Spotify,Premium,Indie,Ariana Grande,46,5,9,31.4,TRUE,Sad,TRUE,FALSE
2057,20,Japan,Apple Music,Premium,Lo-fi,Bad Bunny,213,55,6,0,FALSE,Sleep,FALSE,TRUE
2058,32,Australia,Tidal,Student,Pop,BTS,124,24,5,23,TRUE,Chill,TRUE,TRUE
2059,16,Japan,YouTube Music,Free,Pop,Dua Lipa,196,50,8,32.7,TRUE,Chill,FALSE,TRUE
2060,18,France,YouTube Music,Free,Rock,Ariana Grande,151,46,15,34.1,FALSE,Chill,FALSE,TRUE
2061,27,Canada,Apple Music,Premium,Lo-fi,Dua Lipa,170,47,11,20.6,FALSE,Happy,FALSE,FALSE
2062,13,USA,YouTube Music,Premium,Pop,Taylor Swift,85,30,8,28.4,TRUE,Sad,FALSE,TRUE
2063,14,France,Spotify,Free,EDM,BTS,5,1,12,36.9,TRUE,Workout,FALSE,FALSE
2064,15,India,Amazon Music,Free,Jazz,Kendrick Lamar,189,54,9,20.7,FALSE,Chill,TRUE,FALSE
2065,29,USA,SoundCloud,Premium,Hip-Hop,Ariana Grande,52,28,12,18.4,TRUE,Sad,FALSE,FALSE
2066,22,UK,Amazon Music,Free,Afrobeats,The Weeknd,54,19,8,14.1,TRUE,Chill,TRUE,FALSE
2067,28,Brazil,SoundCloud,Premium,EDM,Drake,168,39,5,20.5,FALSE,Sleep,FALSE,FALSE
2068,25,Japan,YouTube Music,Premium,Rock,SZA,46,10,15,51.5,FALSE,Sleep,FALSE,FALSE
2069,37,Germany,Spotify,Free,Jazz,Tyler the Creator,208,67,7,52.4,FALSE,Party,TRUE,FALSE
2070,17,Japan,SoundCloud,Premium,Jazz,The Weeknd,77,21,13,43.2,FALSE,Workout,TRUE,FALSE
2071,32,Australia,Spotify,Student,Pop,Drake,105,34,8,8.5,TRUE,Sleep,FALSE,TRUE
2072,22,India,Apple Music,Premium,Classical,BTS,14,3,5,27.3,FALSE,Sleep,FALSE,TRUE
2073,28,Japan,Spotify,Free,Rock,Bad Bunny,140,35,10,22.4,TRUE,Happy,TRUE,TRUE
2074,13,Brazil,Spotify,Free,Rock,Olivia Rodrigo,196,61,9,39,TRUE,Party,FALSE,FALSE
2075,13,Canada,SoundCloud,Student,K-Pop,Taylor Swift,113,33,5,20.8,FALSE,Party,FALSE,TRUE
2076,27,Germany,YouTube Music,Premium,Jazz,Travis Scott,78,25,8,23,TRUE,Focus,FALSE,FALSE
2077,33,Brazil,Amazon Music,Premium,Hip-Hop,Taylor Swift,152,46,10,5.9,TRUE,Happy,FALSE,TRUE
2078,13,Brazil,Spotify,Free,Hip-Hop,Tyler the Creator,32,13,12,9.9,FALSE,Sleep,FALSE,FALSE
2079,20,India,YouTube Music,Family,Hip-Hop,Ariana Grande,232,66,12,30,FALSE,Focus,FALSE,FALSE
2080,18,France,Spotify,Free,EDM,Taylor Swift,177,53,9,7.6,TRUE,Workout,TRUE,TRUE
2081,27,Nigeria,Apple Music,Family,Lo-fi,Taylor Swift,46,12,8,25,FALSE,Happy,TRUE,TRUE
2082,39,Japan,Spotify,Student,K-Pop,Olivia Rodrigo,340,94,7,28.9,TRUE,Energetic,FALSE,TRUE
2083,29,Japan,YouTube Music,Free,Rock,Taylor Swift,103,36,9,25.8,FALSE,Energetic,FALSE,TRUE
2084,25,UK,Apple Music,Premium,Pop,Billie Eilish,115,23,12,23.9,TRUE,Focus,TRUE,TRUE
2085,20,Canada,Amazon Music,Family,R&B,Olivia Rodrigo,337,95,6,42.5,TRUE,Chill,FALSE,FALSE
2086,28,India,Apple Music,Free,Afrobeats,Bad Bunny,122,28,6,28.9,TRUE,Sleep,FALSE,TRUE
2087,48,UK,YouTube Music,Premium,Classical,Kendrick Lamar,122,29,6,15.9,FALSE,Workout,FALSE,TRUE
2088,33,Nigeria,Spotify,Student,Pop,Bad Bunny,101,36,8,16.1,TRUE,Chill,FALSE,TRUE
2089,26,Canada,Spotify,Free,Hip-Hop,The Weeknd,151,45,4,23.9,FALSE,Happy,FALSE,FALSE
2090,13,UK,YouTube Music,Student,EDM,Ariana Grande,118,27,6,18.4,TRUE,Sleep,FALSE,TRUE
2091,42,Nigeria,Spotify,Student,EDM,Ariana Grande,276,82,9,51.8,TRUE,Happy,FALSE,TRUE
2092,34,Japan,SoundCloud,Free,EDM,Tyler the Creator,54,20,13,18.4,TRUE,Workout,FALSE,FALSE
2093,31,Brazil,Spotify,Student,Lo-fi,Drake,197,51,6,27.3,TRUE,Sad,TRUE,FALSE
2094,36,Nigeria,Spotify,Free,Pop,The Weeknd,167,44,9,47.7,FALSE,Focus,TRUE,TRUE
2095,43,Canada,Apple Music,Premium,Hip-Hop,Kendrick Lamar,158,50,9,20.7,TRUE,Sleep,FALSE,FALSE
2096,20,USA,Spotify,Free,Afrobeats,Tyler the Creator,268,79,6,23.1,TRUE,Happy,TRUE,FALSE
2097,33,USA,Apple Music,Free,K-Pop,Billie Eilish,56,20,7,22.5,TRUE,Focus,FALSE,TRUE
2098,38,Nigeria,Spotify,Free,K-Pop,Taylor Swift,103,23,7,56.5,TRUE,Focus,TRUE,FALSE
2099,24,Brazil,Amazon Music,Student,Pop,SZA,299,89,8,33.4,TRUE,Happy,FALSE,FALSE
2100,33,India,Spotify,Free,Pop,Ariana Grande,136,37,10,31.8,TRUE,Happy,TRUE,TRUE
2101,21,Germany,Apple Music,Premium,Classical,Taylor Swift,141,33,6,19.6,FALSE,Workout,TRUE,TRUE
2102,27,Nigeria,Spotify,Student,EDM,SZA,150,40,7,22.8,FALSE,Energetic,TRUE,TRUE
2103,30,Australia,Spotify,Free,K-Pop,Tyler the Creator,72,20,9,45.3,TRUE,Party,FALSE,FALSE
2104,23,Germany,Tidal,Family,Jazz,Burna Boy,329,90,9,28.6,TRUE,Energetic,FALSE,FALSE
2105,18,France,Spotify,Free,EDM,Drake,235,66,9,26.4,TRUE,Happy,FALSE,FALSE
2106,25,Nigeria,Apple Music,Family,K-Pop,Tyler the Creator,140,37,10,25.8,FALSE,Happy,FALSE,FALSE
2107,39,Canada,Apple Music,Student,Hip-Hop,Dua Lipa,140,33,10,9.5,FALSE,Happy,FALSE,TRUE
2108,31,Japan,YouTube Music,Free,Pop,Taylor Swift,122,43,11,23.3,FALSE,Chill,TRUE,FALSE
2109,40,USA,Tidal,Premium,EDM,BTS,72,15,12,44.8,FALSE,Workout,TRUE,FALSE
2110,13,France,Spotify,Premium,Hip-Hop,Dua Lipa,371,109,9,16.4,FALSE,Workout,FALSE,TRUE
2111,29,India,Amazon Music,Family,EDM,Tyler the Creator,25,10,8,33.6,TRUE,Focus,TRUE,FALSE
2112,23,France,Apple Music,Free,Hip-Hop,BTS,193,54,11,26.5,FALSE,Happy,FALSE,TRUE
2113,19,Japan,Tidal,Free,Hip-Hop,Bad Bunny,273,72,10,34.2,TRUE,Sad,FALSE,FALSE
2114,15,Brazil,Spotify,Free,Lo-fi,The Weeknd,151,45,12,13.4,TRUE,Sad,FALSE,TRUE
2115,32,Australia,YouTube Music,Free,Hip-Hop,Travis Scott,14,3,15,24.1,TRUE,Chill,TRUE,TRUE
2116,17,USA,Apple Music,Student,EDM,Tyler the Creator,77,22,12,27.4,FALSE,Sleep,FALSE,FALSE
2117,28,Canada,Amazon Music,Free,K-Pop,The Weeknd,141,37,8,42.6,FALSE,Chill,TRUE,FALSE
2118,30,France,YouTube Music,Premium,K-Pop,BTS,282,79,6,38.5,TRUE,Workout,FALSE,TRUE
2119,30,Canada,Spotify,Student,R&B,BTS,147,44,8,25,TRUE,Sad,TRUE,TRUE
2120,25,Brazil,Amazon Music,Premium,Pop,Kendrick Lamar,299,88,11,18.6,TRUE,Focus,FALSE,TRUE
2121,38,USA,Apple Music,Student,EDM,Olivia Rodrigo,139,40,10,30.7,TRUE,Sleep,FALSE,FALSE
2122,45,UK,SoundCloud,Premium,EDM,Travis Scott,222,66,7,28.8,FALSE,Workout,FALSE,TRUE
2123,35,Nigeria,Spotify,Premium,Lo-fi,Billie Eilish,161,51,7,32.5,FALSE,Sleep,FALSE,FALSE
2124,18,Germany,Apple Music,Premium,Afrobeats,Bad Bunny,59,21,13,27.2,FALSE,Party,FALSE,FALSE
2125,33,Nigeria,Amazon Music,Free,K-Pop,Burna Boy,87,27,12,35.9,FALSE,Energetic,TRUE,TRUE
2126,25,Brazil,YouTube Music,Free,K-Pop,Taylor Swift,223,62,11,3,FALSE,Workout,TRUE,FALSE
2127,38,UK,Spotify,Premium,R&B,Travis Scott,183,49,7,35.8,FALSE,Sleep,FALSE,FALSE
2128,25,Brazil,Spotify,Free,Pop,Drake,118,39,10,30.3,TRUE,Energetic,FALSE,FALSE
2129,49,Japan,Spotify,Premium,K-Pop,BTS,330,91,11,0,TRUE,Party,TRUE,FALSE
2130,28,Japan,Spotify,Free,Pop,Olivia Rodrigo,107,31,10,22.6,FALSE,Focus,TRUE,FALSE
2131,39,Brazil,Spotify,Free,Lo-fi,Tyler the Creator,137,42,6,37.8,TRUE,Chill,FALSE,FALSE
2132,24,Brazil,Apple Music,Premium,R&B,Tyler the Creator,188,56,6,41.8,TRUE,Sad,TRUE,TRUE
2133,13,France,Spotify,Free,EDM,BTS,117,32,5,33.6,TRUE,Chill,TRUE,TRUE
2134,20,India,Spotify,Free,K-Pop,Travis Scott,105,22,6,24.6,TRUE,Party,FALSE,TRUE
2135,32,France,Spotify,Family,Pop,The Weeknd,164,48,13,26.2,TRUE,Sleep,FALSE,TRUE
2136,42,France,Spotify,Free,Pop,The Weeknd,145,39,8,22.8,FALSE,Party,FALSE,TRUE
2137,24,Brazil,Tidal,Premium,Pop,Taylor Swift,36,6,6,22.2,TRUE,Focus,FALSE,TRUE
2138,15,Canada,Apple Music,Free,Rock,The Weeknd,136,41,12,8.8,TRUE,Sad,FALSE,FALSE
2139,33,UK,Spotify,Family,Pop,BTS,238,60,7,41.2,TRUE,Focus,FALSE,TRUE
2140,13,France,Apple Music,Free,K-Pop,Drake,59,11,11,30.9,TRUE,Happy,TRUE,FALSE
2141,42,India,Spotify,Premium,Rock,Bad Bunny,258,77,10,18.2,TRUE,Sad,FALSE,FALSE
2142,21,Germany,Spotify,Free,EDM,SZA,52,10,12,32.5,TRUE,Chill,FALSE,TRUE
2143,36,Japan,YouTube Music,Premium,Country,The Weeknd,143,33,12,36.1,TRUE,Focus,FALSE,FALSE
2144,25,Japan,Spotify,Family,Rock,Tyler the Creator,16,9,7,27.7,FALSE,Workout,FALSE,FALSE
2145,21,Japan,Apple Music,Free,Rock,Taylor Swift,55,13,12,2.3,FALSE,Sad,TRUE,TRUE
2146,25,UK,Apple Music,Student,Country,BTS,69,21,10,37.8,FALSE,Party,TRUE,TRUE
2147,35,Nigeria,Spotify,Premium,Hip-Hop,Drake,118,44,12,30,TRUE,Focus,FALSE,FALSE
2148,38,Germany,Spotify,Student,Hip-Hop,BTS,129,43,7,10.2,TRUE,Sleep,TRUE,TRUE
2149,31,India,Spotify,Family,R&B,BTS,27,6,11,27.3,TRUE,Focus,TRUE,FALSE
2150,33,France,Spotify,Student,Afrobeats,Bad Bunny,51,16,10,41.5,TRUE,Happy,TRUE,FALSE
2151,36,Japan,Apple Music,Free,Lo-fi,Burna Boy,322,98,7,7.3,TRUE,Workout,FALSE,TRUE
2152,13,Canada,Apple Music,Free,Rock,Travis Scott,125,31,11,23.1,TRUE,Workout,FALSE,TRUE
2153,33,UK,YouTube Music,Free,Lo-fi,SZA,149,49,6,17.8,FALSE,Party,TRUE,TRUE
2154,19,Japan,YouTube Music,Family,Classical,Kendrick Lamar,181,47,8,39,FALSE,Happy,FALSE,FALSE
2155,26,India,YouTube Music,Free,Hip-Hop,SZA,44,10,12,28.6,FALSE,Focus,FALSE,TRUE
2156,16,India,Spotify,Free,Classical,Olivia Rodrigo,216,56,12,37.9,FALSE,Focus,TRUE,TRUE
2157,24,India,Apple Music,Free,Hip-Hop,Kendrick Lamar,62,19,4,55.5,FALSE,Energetic,TRUE,FALSE
2158,28,Germany,Spotify,Free,Jazz,The Weeknd,218,49,10,34.3,TRUE,Happy,FALSE,FALSE
2159,31,France,Spotify,Free,Rock,Burna Boy,61,18,9,7.6,FALSE,Energetic,FALSE,FALSE
2160,31,UK,Amazon Music,Student,Pop,Kendrick Lamar,77,17,11,34.7,TRUE,Focus,TRUE,FALSE
2161,27,India,SoundCloud,Student,Pop,BTS,135,31,5,18.5,TRUE,Sad,FALSE,FALSE
2162,30,UK,Amazon Music,Family,Rock,Billie Eilish,119,38,3,30.6,FALSE,Party,TRUE,TRUE
2163,33,Japan,YouTube Music,Premium,Pop,Bad Bunny,267,70,7,12.3,TRUE,Energetic,FALSE,FALSE
2164,30,India,Spotify,Free,K-Pop,Drake,318,92,10,23.4,FALSE,Workout,TRUE,FALSE
2165,25,USA,Spotify,Student,Hip-Hop,Taylor Swift,91,19,16,29.1,TRUE,Happy,TRUE,FALSE
2166,25,Germany,Spotify,Premium,Classical,The Weeknd,102,33,7,18.1,FALSE,Sleep,FALSE,TRUE
2167,28,India,Spotify,Free,Pop,The Weeknd,147,52,4,21.2,TRUE,Sad,TRUE,TRUE
2168,50,USA,Spotify,Free,Pop,Olivia Rodrigo,167,45,12,40.1,FALSE,Party,TRUE,TRUE
2169,15,India,SoundCloud,Premium,Afrobeats,BTS,75,19,6,26.6,FALSE,Focus,FALSE,FALSE
2170,30,Germany,Apple Music,Free,Pop,Olivia Rodrigo,72,26,7,25.1,TRUE,Focus,FALSE,TRUE
2171,28,UK,Spotify,Family,EDM,Olivia Rodrigo,37,9,9,32.2,FALSE,Focus,TRUE,FALSE
2172,26,France,Tidal,Premium,Pop,Billie Eilish,76,20,9,16.2,FALSE,Party,FALSE,FALSE
2173,13,Japan,Tidal,Premium,Rock,Tyler the Creator,34,9,11,21.9,FALSE,Sleep,FALSE,TRUE
2174,36,UK,Spotify,Premium,Indie,Billie Eilish,136,36,5,26.3,TRUE,Party,FALSE,TRUE
2175,44,France,Apple Music,Premium,Hip-Hop,Travis Scott,51,18,3,22.7,FALSE,Happy,TRUE,FALSE
2176,37,USA,Spotify,Free,EDM,Kendrick Lamar,255,77,7,38.6,FALSE,Happy,FALSE,FALSE
2177,20,Brazil,YouTube Music,Free,R&B,SZA,191,60,15,33.1,TRUE,Workout,TRUE,FALSE
2178,19,UK,Amazon Music,Free,K-Pop,Travis Scott,269,69,12,37.4,FALSE,Focus,FALSE,TRUE
2179,36,Japan,Spotify,Free,Rock,Ariana Grande,142,37,8,46.8,FALSE,Workout,TRUE,FALSE
2180,27,India,Amazon Music,Student,Jazz,Ariana Grande,133,37,8,37.5,TRUE,Sad,TRUE,FALSE
2181,17,Nigeria,Spotify,Free,R&B,Billie Eilish,122,35,17,62,FALSE,Happy,FALSE,TRUE
2182,38,Australia,Spotify,Premium,Rock,Drake,60,15,9,24.5,FALSE,Chill,TRUE,FALSE
2183,22,Nigeria,Apple Music,Premium,Pop,Bad Bunny,249,67,6,20.6,FALSE,Sleep,TRUE,FALSE
2184,30,Germany,Spotify,Free,Country,Drake,219,60,12,23.2,TRUE,Sleep,TRUE,FALSE
2185,43,UK,SoundCloud,Free,R&B,Tyler the Creator,193,62,10,15.1,TRUE,Sleep,FALSE,TRUE
2186,25,Japan,Spotify,Premium,Classical,Bad Bunny,142,41,10,20.8,TRUE,Workout,TRUE,FALSE
2187,13,Japan,Apple Music,Free,EDM,Travis Scott,81,21,6,42.9,FALSE,Workout,TRUE,TRUE
2188,13,Germany,Spotify,Free,Afrobeats,Taylor Swift,96,23,6,40.1,FALSE,Chill,FALSE,TRUE
2189,20,Germany,Apple Music,Student,Rock,BTS,90,25,14,32.9,TRUE,Sleep,FALSE,FALSE
2190,21,USA,Apple Music,Family,Pop,BTS,223,63,9,6.5,TRUE,Sleep,TRUE,TRUE
2191,24,Canada,Tidal,Free,Hip-Hop,Kendrick Lamar,180,53,14,18,TRUE,Chill,FALSE,TRUE
2192,30,Australia,Spotify,Free,Rock,Billie Eilish,275,73,10,29.9,TRUE,Focus,TRUE,TRUE
2193,45,Brazil,Amazon Music,Premium,R&B,BTS,120,33,7,31.9,TRUE,Happy,FALSE,TRUE
2194,29,Nigeria,Apple Music,Premium,Afrobeats,The Weeknd,303,79,15,23.4,FALSE,Sad,FALSE,FALSE
2195,33,France,Apple Music,Family,Indie,Burna Boy,57,19,10,6.4,FALSE,Sleep,TRUE,TRUE
2196,31,Australia,Apple Music,Free,EDM,Bad Bunny,43,10,11,26,FALSE,Sad,FALSE,FALSE
2197,17,Japan,YouTube Music,Premium,Pop,BTS,53,25,9,13,TRUE,Sleep,FALSE,FALSE
2198,27,UK,Spotify,Student,EDM,BTS,138,40,5,39.4,FALSE,Focus,FALSE,FALSE
2199,14,France,Amazon Music,Premium,R&B,Ariana Grande,133,37,6,0.8,FALSE,Focus,FALSE,TRUE
2200,25,Brazil,Apple Music,Premium,Pop,Kendrick Lamar,206,50,13,26.7,FALSE,Energetic,TRUE,FALSE
2201,27,Australia,YouTube Music,Family,Rock,Dua Lipa,133,37,9,15.9,FALSE,Focus,FALSE,TRUE
2202,27,Germany,Spotify,Family,Pop,Olivia Rodrigo,109,28,2,37.7,FALSE,Focus,FALSE,FALSE
2203,34,Nigeria,Spotify,Premium,R&B,SZA,128,39,7,36.4,TRUE,Sleep,TRUE,FALSE
2204,43,Japan,YouTube Music,Premium,Hip-Hop,Tyler the Creator,65,19,5,34.4,FALSE,Energetic,FALSE,TRUE
2205,18,Australia,Apple Music,Premium,Afrobeats,Tyler the Creator,18,1,10,12.3,TRUE,Happy,TRUE,TRUE
2206,20,Nigeria,Apple Music,Free,Rock,Drake,329,91,10,4.6,TRUE,Sad,TRUE,TRUE
2207,20,Germany,Spotify,Free,Indie,Tyler the Creator,266,82,14,36.8,TRUE,Energetic,TRUE,FALSE
2208,29,Australia,Spotify,Family,Indie,Tyler the Creator,178,47,6,46.3,TRUE,Workout,TRUE,TRUE
2209,33,USA,Apple Music,Premium,Pop,Olivia Rodrigo,79,23,7,40.9,FALSE,Sad,TRUE,FALSE
2210,44,Germany,YouTube Music,Free,Pop,Billie Eilish,52,13,9,37,TRUE,Sleep,TRUE,TRUE
2211,18,Japan,Spotify,Premium,Pop,Drake,192,59,11,41.7,TRUE,Chill,TRUE,FALSE
2212,17,Japan,YouTube Music,Free,Pop,Kendrick Lamar,262,71,8,15.6,FALSE,Happy,TRUE,FALSE
2213,24,Nigeria,YouTube Music,Family,Rock,Tyler the Creator,151,48,9,42.2,FALSE,Energetic,TRUE,TRUE
2214,37,Nigeria,Spotify,Free,Pop,Billie Eilish,76,24,7,37.7,FALSE,Party,TRUE,FALSE
2215,28,Nigeria,SoundCloud,Premium,Lo-fi,Taylor Swift,224,55,6,16.2,TRUE,Energetic,FALSE,FALSE
2216,39,UK,YouTube Music,Family,Rock,BTS,216,59,6,31.4,FALSE,Happy,TRUE,FALSE
2217,20,France,Spotify,Free,Rock,BTS,97,33,9,39.4,TRUE,Happy,FALSE,FALSE
2218,26,Australia,Spotify,Premium,Indie,The Weeknd,144,41,10,18.3,TRUE,Party,FALSE,FALSE
2219,18,India,Spotify,Free,Country,The Weeknd,360,100,11,34.9,FALSE,Sad,TRUE,FALSE
2220,24,India,Apple Music,Family,R&B,BTS,243,66,7,23.2,TRUE,Happy,TRUE,TRUE
2221,21,Nigeria,Spotify,Premium,R&B,Ariana Grande,117,30,8,28.9,TRUE,Chill,FALSE,FALSE
2222,16,India,Spotify,Premium,Rock,Ariana Grande,325,98,8,18.2,TRUE,Party,FALSE,FALSE
2223,32,Nigeria,YouTube Music,Family,EDM,Travis Scott,23,3,14,24.3,FALSE,Sad,FALSE,FALSE
2224,44,Germany,Apple Music,Student,Rock,Burna Boy,282,80,8,14.8,TRUE,Workout,TRUE,FALSE
2225,25,Japan,Apple Music,Free,R&B,Travis Scott,78,23,7,33.7,TRUE,Sad,FALSE,FALSE
2226,13,Canada,Spotify,Premium,Country,The Weeknd,23,6,5,43.4,FALSE,Focus,FALSE,FALSE
2227,20,Canada,Spotify,Free,Rock,The Weeknd,227,69,9,40.6,FALSE,Sleep,TRUE,FALSE
2228,26,Germany,Spotify,Free,EDM,Drake,158,34,14,27.1,FALSE,Sleep,TRUE,FALSE
2229,25,France,Tidal,Free,K-Pop,Travis Scott,45,10,11,25.4,TRUE,Focus,FALSE,TRUE
2230,36,Nigeria,Apple Music,Student,Jazz,SZA,299,78,5,28.9,TRUE,Workout,TRUE,TRUE
2231,15,Nigeria,Spotify,Free,Country,Travis Scott,105,27,8,33.9,TRUE,Chill,FALSE,FALSE
2232,29,Germany,Spotify,Premium,Pop,Tyler the Creator,100,29,8,6.6,FALSE,Chill,TRUE,TRUE
2233,18,Canada,YouTube Music,Free,Indie,Taylor Swift,143,42,3,19.8,FALSE,Party,FALSE,FALSE
2234,21,UK,Tidal,Student,Afrobeats,BTS,205,55,13,13.9,TRUE,Happy,TRUE,TRUE
2235,20,USA,Apple Music,Family,Pop,Drake,107,23,13,42.3,FALSE,Workout,FALSE,TRUE
2236,23,Brazil,Spotify,Family,EDM,Bad Bunny,48,18,10,29.9,TRUE,Happy,TRUE,TRUE
2237,37,Canada,Apple Music,Premium,Pop,Drake,98,19,5,20.1,TRUE,Sad,FALSE,FALSE
2238,27,India,Apple Music,Student,Indie,Drake,277,73,10,14.2,TRUE,Focus,FALSE,TRUE
2239,35,Germany,Spotify,Premium,EDM,Dua Lipa,123,32,10,32.7,TRUE,Sad,FALSE,TRUE
2240,20,Japan,Apple Music,Premium,EDM,Dua Lipa,183,48,9,13.7,FALSE,Workout,TRUE,FALSE
2241,21,Germany,Spotify,Student,R&B,Olivia Rodrigo,97,29,7,32,TRUE,Happy,TRUE,TRUE
2242,18,USA,Amazon Music,Free,Pop,Burna Boy,115,30,8,37,FALSE,Sleep,FALSE,FALSE
2243,44,Japan,Spotify,Free,Pop,Bad Bunny,108,26,12,43.7,FALSE,Energetic,FALSE,TRUE
2244,41,Nigeria,Spotify,Premium,Rock,Burna Boy,287,83,12,30,TRUE,Chill,TRUE,FALSE
2245,27,Germany,Spotify,Free,Pop,Bad Bunny,84,17,14,33.4,TRUE,Party,FALSE,TRUE
2246,33,Germany,Spotify,Free,Hip-Hop,Tyler the Creator,70,17,7,38,FALSE,Happy,FALSE,TRUE
2247,37,Brazil,Apple Music,Family,Country,Drake,196,54,5,43.8,TRUE,Focus,TRUE,TRUE
2248,43,USA,Spotify,Premium,Hip-Hop,Drake,116,32,12,32.9,FALSE,Happy,FALSE,TRUE
2249,13,India,YouTube Music,Premium,Indie,Burna Boy,26,11,9,30.3,TRUE,Sad,TRUE,FALSE
2250,41,Australia,Spotify,Family,EDM,Dua Lipa,140,40,11,20.7,TRUE,Happy,FALSE,FALSE
2251,29,UK,Amazon Music,Student,Pop,Drake,101,20,8,32.3,FALSE,Happy,TRUE,TRUE
2252,24,Brazil,Spotify,Premium,R&B,Taylor Swift,152,45,12,24.4,TRUE,Happy,FALSE,TRUE
2253,19,France,SoundCloud,Premium,Lo-fi,The Weeknd,140,40,14,55.5,TRUE,Sad,FALSE,FALSE
2254,30,Nigeria,Spotify,Premium,Rock,BTS,130,38,7,21.5,TRUE,Workout,FALSE,FALSE
2255,41,Australia,Apple Music,Free,Rock,Bad Bunny,102,30,14,47.5,TRUE,Energetic,FALSE,TRUE
2256,20,UK,Spotify,Premium,Rock,Travis Scott,18,1,4,30.3,FALSE,Chill,FALSE,TRUE
2257,32,Brazil,Spotify,Premium,Pop,Tyler the Creator,106,33,3,13.4,FALSE,Party,FALSE,FALSE
2258,31,Brazil,Apple Music,Premium,Country,Tyler the Creator,215,62,6,25.1,TRUE,Chill,FALSE,FALSE
2259,41,Brazil,Apple Music,Free,EDM,The Weeknd,46,9,10,69.4,FALSE,Happy,FALSE,FALSE
2260,29,USA,Spotify,Premium,R&B,Kendrick Lamar,73,23,8,14.5,TRUE,Sad,TRUE,FALSE
2261,25,Germany,Spotify,Free,Rock,Kendrick Lamar,135,37,9,24.1,FALSE,Party,TRUE,FALSE
2262,22,Australia,Spotify,Free,Lo-fi,Dua Lipa,23,11,6,20.6,TRUE,Happy,TRUE,TRUE
2263,20,Canada,Spotify,Family,K-Pop,Tyler the Creator,78,27,8,28.2,TRUE,Focus,FALSE,TRUE
2264,13,Germany,Apple Music,Free,Pop,Olivia Rodrigo,51,22,8,31.9,FALSE,Sad,TRUE,FALSE
2265,14,Canada,Spotify,Free,Classical,SZA,113,40,9,56.8,TRUE,Chill,TRUE,FALSE
2266,14,UK,YouTube Music,Premium,Pop,Billie Eilish,69,21,6,2.1,TRUE,Workout,FALSE,TRUE
2267,26,Brazil,Apple Music,Student,Indie,BTS,54,13,6,14.4,TRUE,Chill,TRUE,FALSE
2268,30,Nigeria,YouTube Music,Free,Country,Dua Lipa,130,37,14,0,TRUE,Sad,FALSE,FALSE
2269,26,Japan,Apple Music,Premium,Indie,The Weeknd,175,49,10,17.6,FALSE,Happy,TRUE,TRUE
2270,22,India,Tidal,Free,Indie,Kendrick Lamar,128,47,9,19.3,TRUE,Party,FALSE,TRUE
2271,13,France,Spotify,Family,Pop,Billie Eilish,57,19,13,29.4,FALSE,Sad,FALSE,TRUE
2272,29,Canada,Apple Music,Free,R&B,Travis Scott,188,56,11,9.4,TRUE,Sad,TRUE,TRUE
2273,33,Japan,YouTube Music,Family,Pop,Dua Lipa,73,27,2,16.1,FALSE,Chill,FALSE,FALSE
2274,21,UK,Spotify,Free,Classical,Bad Bunny,180,53,9,31,TRUE,Happy,TRUE,FALSE
2275,32,Nigeria,Spotify,Premium,Hip-Hop,Ariana Grande,390,104,4,30.4,TRUE,Sleep,TRUE,FALSE
2276,23,France,Apple Music,Premium,Hip-Hop,Bad Bunny,71,8,7,32.6,TRUE,Party,TRUE,FALSE
2277,22,Canada,SoundCloud,Student,Hip-Hop,The Weeknd,108,24,12,22.2,TRUE,Workout,FALSE,FALSE
2278,14,Brazil,SoundCloud,Premium,Rock,Kendrick Lamar,41,8,7,30.2,TRUE,Happy,TRUE,FALSE
2279,13,Brazil,Apple Music,Free,Pop,Taylor Swift,148,41,11,15.7,TRUE,Sad,TRUE,TRUE
2280,17,Canada,SoundCloud,Free,Pop,The Weeknd,330,90,8,24.7,TRUE,Workout,TRUE,FALSE
2281,19,Canada,Spotify,Free,Pop,Burna Boy,104,44,8,23.6,TRUE,Sleep,FALSE,TRUE
2282,33,India,Spotify,Free,Pop,Kendrick Lamar,230,73,9,30.7,TRUE,Happy,FALSE,FALSE
2283,31,UK,Apple Music,Premium,Pop,Dua Lipa,115,35,6,40.1,TRUE,Sad,TRUE,FALSE
2284,32,Nigeria,Spotify,Premium,Rock,Ariana Grande,102,26,6,28.3,TRUE,Sleep,TRUE,TRUE
2285,13,India,YouTube Music,Free,Afrobeats,Travis Scott,255,77,5,60,TRUE,Party,TRUE,TRUE
2286,28,Nigeria,Apple Music,Student,R&B,Billie Eilish,359,107,4,12.2,TRUE,Focus,FALSE,TRUE
2287,21,Brazil,YouTube Music,Free,Hip-Hop,Taylor Swift,161,57,6,25,TRUE,Party,TRUE,TRUE
2288,36,Nigeria,YouTube Music,Student,R&B,Dua Lipa,64,15,7,38.2,TRUE,Chill,TRUE,TRUE
2289,24,UK,Amazon Music,Family,Hip-Hop,The Weeknd,45,10,11,36,TRUE,Workout,FALSE,TRUE
2290,40,Germany,Amazon Music,Family,R&B,Billie Eilish,107,20,7,41.7,TRUE,Happy,TRUE,TRUE
2291,13,Germany,YouTube Music,Free,EDM,Drake,68,21,9,38,TRUE,Sad,TRUE,TRUE
2292,23,Nigeria,YouTube Music,Free,Pop,Travis Scott,183,58,11,13.5,TRUE,Party,FALSE,FALSE
2293,19,USA,Spotify,Premium,Afrobeats,BTS,82,30,17,21.9,TRUE,Energetic,TRUE,FALSE
2294,40,Germany,SoundCloud,Family,Rock,Taylor Swift,196,50,8,27.4,FALSE,Chill,TRUE,TRUE
2295,13,India,YouTube Music,Free,Classical,Dua Lipa,192,52,6,15.1,FALSE,Workout,FALSE,TRUE
2296,13,UK,Spotify,Free,Hip-Hop,Travis Scott,156,36,7,41.9,FALSE,Chill,FALSE,FALSE
2297,26,Australia,SoundCloud,Free,EDM,Dua Lipa,104,25,7,22.6,FALSE,Party,TRUE,FALSE
2298,30,UK,Spotify,Free,Pop,SZA,189,66,5,30.6,TRUE,Party,TRUE,FALSE
2299,21,USA,YouTube Music,Student,Pop,Taylor Swift,117,29,10,32.5,TRUE,Sad,FALSE,TRUE
2300,24,France,YouTube Music,Free,Hip-Hop,Dua Lipa,246,63,8,21.1,TRUE,Workout,FALSE,FALSE
2301,33,Canada,Tidal,Premium,Indie,Drake,280,89,7,9.6,FALSE,Sad,FALSE,FALSE
2302,27,Canada,Spotify,Free,Pop,Billie Eilish,154,42,11,22.8,TRUE,Happy,TRUE,TRUE
2303,24,Brazil,Apple Music,Free,R&B,Olivia Rodrigo,234,71,9,24.3,FALSE,Happy,FALSE,TRUE
2304,29,Nigeria,Apple Music,Premium,Indie,Drake,102,24,10,15.5,FALSE,Chill,TRUE,TRUE
2305,13,France,Spotify,Student,Hip-Hop,SZA,317,88,7,27,TRUE,Chill,TRUE,TRUE
2306,33,France,Spotify,Free,K-Pop,Drake,108,31,4,19.6,FALSE,Happy,FALSE,FALSE
2307,17,Australia,Amazon Music,Free,Pop,Drake,124,42,7,26.9,FALSE,Sleep,FALSE,FALSE
2308,34,India,SoundCloud,Free,R&B,Burna Boy,72,27,11,40.2,FALSE,Happy,FALSE,FALSE
2309,24,UK,Spotify,Free,Hip-Hop,The Weeknd,122,34,5,17.1,TRUE,Party,TRUE,TRUE
2310,25,Germany,SoundCloud,Premium,Lo-fi,Bad Bunny,122,31,10,24.4,FALSE,Party,FALSE,TRUE
2311,38,USA,Amazon Music,Family,Country,Burna Boy,112,27,6,31.9,FALSE,Chill,TRUE,FALSE
2312,30,France,Amazon Music,Free,Rock,Ariana Grande,80,33,11,14.3,FALSE,Sad,TRUE,FALSE
2313,38,Australia,Spotify,Free,Pop,Burna Boy,79,27,12,19.9,TRUE,Energetic,FALSE,TRUE
2314,16,Nigeria,Amazon Music,Free,Pop,Bad Bunny,255,77,13,38.5,TRUE,Party,FALSE,FALSE
2315,46,Brazil,Spotify,Free,Hip-Hop,The Weeknd,62,21,8,39.4,FALSE,Workout,FALSE,TRUE
2316,30,Australia,Spotify,Free,R&B,Drake,117,20,6,30.7,TRUE,Energetic,TRUE,FALSE
2317,37,Japan,Spotify,Premium,K-Pop,SZA,75,26,10,32.8,FALSE,Sad,FALSE,FALSE
2318,27,Germany,Apple Music,Family,EDM,Travis Scott,325,97,16,16,FALSE,Chill,TRUE,TRUE
2319,20,Nigeria,YouTube Music,Free,Lo-fi,SZA,217,58,7,16.8,TRUE,Happy,FALSE,TRUE
2320,41,Germany,Spotify,Premium,Indie,Tyler the Creator,325,86,8,11,TRUE,Chill,TRUE,TRUE
2321,25,Japan,Spotify,Free,K-Pop,Tyler the Creator,165,51,8,14.2,FALSE,Happy,TRUE,FALSE
2322,27,France,Tidal,Free,Pop,The Weeknd,156,47,5,25.8,FALSE,Chill,FALSE,FALSE
2323,30,Germany,Amazon Music,Free,Pop,Olivia Rodrigo,280,75,14,24.4,TRUE,Energetic,FALSE,FALSE
2324,40,UK,Amazon Music,Free,EDM,Travis Scott,161,46,4,21.6,FALSE,Happy,FALSE,FALSE
2325,32,UK,Apple Music,Premium,Hip-Hop,Ariana Grande,28,8,9,40.9,TRUE,Focus,FALSE,TRUE
2326,28,Australia,Apple Music,Free,Rock,SZA,129,29,14,20.5,TRUE,Sleep,FALSE,TRUE
2327,40,India,Spotify,Family,Hip-Hop,Billie Eilish,213,68,7,43.7,TRUE,Party,TRUE,FALSE
2328,13,France,Apple Music,Free,Jazz,Burna Boy,101,17,4,29.3,FALSE,Party,FALSE,FALSE
2329,30,India,Amazon Music,Premium,Hip-Hop,Bad Bunny,131,36,11,33.7,TRUE,Sad,FALSE,FALSE
2330,20,Australia,Spotify,Free,Hip-Hop,Taylor Swift,287,78,4,36,TRUE,Workout,FALSE,FALSE
2331,13,USA,Apple Music,Premium,Indie,Kendrick Lamar,130,31,13,12.7,TRUE,Happy,FALSE,FALSE
2332,36,Nigeria,YouTube Music,Free,K-Pop,SZA,112,31,13,26.6,FALSE,Chill,TRUE,FALSE
2333,13,Brazil,SoundCloud,Free,Hip-Hop,Tyler the Creator,189,58,10,22.2,TRUE,Workout,FALSE,TRUE
2334,22,Canada,YouTube Music,Free,R&B,SZA,137,35,17,30.4,FALSE,Happy,FALSE,TRUE
2335,13,Nigeria,Spotify,Premium,Afrobeats,Dua Lipa,140,41,11,35.6,TRUE,Chill,TRUE,TRUE
2336,16,Germany,YouTube Music,Free,Lo-fi,Travis Scott,198,57,3,39.2,FALSE,Sad,FALSE,TRUE
2337,25,Australia,YouTube Music,Student,Hip-Hop,Kendrick Lamar,29,6,14,13.6,TRUE,Chill,FALSE,FALSE
2338,23,Australia,SoundCloud,Free,EDM,Olivia Rodrigo,82,18,6,39.8,TRUE,Happy,FALSE,TRUE
2339,36,USA,Spotify,Family,Hip-Hop,SZA,109,23,6,36.8,FALSE,Sad,TRUE,TRUE
2340,55,Australia,SoundCloud,Family,Hip-Hop,Ariana Grande,261,75,11,28.5,TRUE,Party,TRUE,TRUE
2341,13,France,YouTube Music,Student,Pop,Drake,176,50,10,17,TRUE,Sad,FALSE,FALSE
2342,21,France,Spotify,Premium,Pop,Kendrick Lamar,129,40,13,40.3,TRUE,Party,TRUE,TRUE
2343,20,Nigeria,YouTube Music,Premium,Country,Ariana Grande,239,61,9,35.8,FALSE,Workout,FALSE,FALSE
2344,22,Nigeria,Apple Music,Premium,EDM,Tyler the Creator,305,86,10,29.6,TRUE,Chill,FALSE,FALSE
2345,40,USA,Spotify,Free,EDM,BTS,46,4,9,35.1,TRUE,Chill,FALSE,TRUE
2346,28,Brazil,Spotify,Free,Pop,Olivia Rodrigo,67,27,8,16.5,TRUE,Sad,TRUE,TRUE
2347,33,Brazil,Tidal,Free,Classical,Olivia Rodrigo,334,99,8,26,TRUE,Sleep,FALSE,TRUE
2348,18,Brazil,YouTube Music,Free,Indie,Billie Eilish,20,4,13,11.9,TRUE,Workout,FALSE,TRUE
2349,13,Canada,Apple Music,Premium,R&B,Drake,229,66,8,25.7,TRUE,Sleep,TRUE,FALSE
2350,39,Canada,Apple Music,Free,EDM,Bad Bunny,191,68,11,43.9,TRUE,Focus,FALSE,TRUE
2351,44,Brazil,Apple Music,Free,Hip-Hop,BTS,59,22,7,28,TRUE,Workout,FALSE,FALSE
2352,26,Nigeria,SoundCloud,Student,Hip-Hop,Tyler the Creator,56,18,9,6,FALSE,Sad,TRUE,FALSE
2353,36,India,Spotify,Free,Country,Kendrick Lamar,94,19,10,16.4,TRUE,Party,FALSE,FALSE
2354,34,USA,Spotify,Premium,Hip-Hop,Dua Lipa,64,15,9,11,TRUE,Chill,FALSE,TRUE
2355,35,Canada,Spotify,Free,R&B,The Weeknd,226,64,6,37.4,TRUE,Sad,TRUE,FALSE
2356,21,Germany,Apple Music,Premium,Lo-fi,BTS,42,5,11,30.7,TRUE,Sad,FALSE,TRUE
2357,43,Canada,Spotify,Free,Afrobeats,Drake,273,81,14,19.9,TRUE,Happy,FALSE,FALSE
2358,28,Brazil,Apple Music,Premium,EDM,Tyler the Creator,128,45,9,13.5,FALSE,Sleep,FALSE,FALSE
2359,32,UK,Spotify,Free,R&B,Drake,124,26,15,24.3,TRUE,Energetic,TRUE,FALSE
2360,27,USA,Amazon Music,Premium,K-Pop,Bad Bunny,447,128,6,27.7,FALSE,Sleep,FALSE,FALSE
2361,21,Japan,YouTube Music,Student,Rock,Drake,161,52,9,25.5,FALSE,Chill,TRUE,TRUE
2362,24,Brazil,SoundCloud,Free,Classical,Travis Scott,262,66,9,11.8,FALSE,Sleep,FALSE,FALSE
2363,52,Nigeria,Spotify,Family,K-Pop,Travis Scott,77,28,14,39.7,TRUE,Focus,TRUE,FALSE
2364,25,Japan,Spotify,Free,Hip-Hop,Burna Boy,96,29,7,24,TRUE,Sad,FALSE,TRUE
2365,30,UK,Spotify,Student,Hip-Hop,Billie Eilish,235,59,7,19.2,FALSE,Party,FALSE,TRUE
2366,23,France,Apple Music,Premium,Lo-fi,Billie Eilish,93,26,9,33.1,TRUE,Sad,FALSE,TRUE
2367,32,Brazil,Apple Music,Family,R&B,Kendrick Lamar,49,19,16,35.8,TRUE,Workout,FALSE,TRUE
2368,32,Japan,SoundCloud,Free,Pop,Tyler the Creator,317,95,8,24.9,TRUE,Focus,TRUE,FALSE
2369,26,Nigeria,Spotify,Free,R&B,Drake,67,23,5,26.7,TRUE,Energetic,FALSE,TRUE
2370,13,UK,Tidal,Premium,R&B,Taylor Swift,132,45,11,18.3,TRUE,Energetic,TRUE,FALSE
2371,33,UK,YouTube Music,Premium,Indie,Burna Boy,129,38,9,43.9,FALSE,Energetic,TRUE,FALSE
2372,38,France,Spotify,Free,R&B,Ariana Grande,89,19,9,25.1,TRUE,Happy,TRUE,TRUE
2373,23,Nigeria,Apple Music,Free,Rock,BTS,220,64,9,43.7,TRUE,Focus,FALSE,FALSE
2374,26,Brazil,YouTube Music,Free,Rock,SZA,40,9,6,9.3,FALSE,Sad,TRUE,TRUE
2375,13,France,Apple Music,Free,R&B,BTS,124,34,16,22.8,TRUE,Sad,TRUE,TRUE
2376,15,Nigeria,YouTube Music,Premium,R&B,Olivia Rodrigo,97,28,12,32,FALSE,Sleep,FALSE,TRUE
2377,16,UK,Spotify,Family,Country,Olivia Rodrigo,203,55,9,27.5,TRUE,Energetic,FALSE,FALSE
2378,26,Brazil,Apple Music,Student,Hip-Hop,Burna Boy,138,42,8,18.6,TRUE,Sad,FALSE,FALSE
2379,26,Nigeria,Spotify,Free,Rock,The Weeknd,56,13,8,42.6,FALSE,Sleep,FALSE,FALSE
2380,22,India,YouTube Music,Premium,K-Pop,SZA,90,26,9,57.3,TRUE,Sleep,FALSE,FALSE
2381,17,Brazil,Amazon Music,Free,Classical,Kendrick Lamar,53,14,7,4.5,TRUE,Workout,FALSE,TRUE
2382,17,Brazil,Spotify,Premium,Pop,Olivia Rodrigo,81,18,5,31.6,FALSE,Sleep,FALSE,TRUE
2383,17,Nigeria,Apple Music,Student,EDM,Billie Eilish,185,50,10,25.1,FALSE,Energetic,TRUE,TRUE
2384,25,Brazil,Apple Music,Premium,K-Pop,Travis Scott,57,14,8,31.9,TRUE,Party,FALSE,FALSE
2385,22,Germany,YouTube Music,Premium,Hip-Hop,Tyler the Creator,108,34,4,15,FALSE,Energetic,FALSE,FALSE
2386,25,Japan,Amazon Music,Premium,Indie,SZA,219,58,6,5.6,FALSE,Party,TRUE,TRUE
2387,36,Nigeria,Apple Music,Premium,K-Pop,Olivia Rodrigo,261,73,9,26.7,FALSE,Focus,FALSE,FALSE
2388,29,USA,YouTube Music,Free,Pop,SZA,359,92,10,15.8,FALSE,Focus,FALSE,TRUE
2389,28,Brazil,Spotify,Premium,Afrobeats,Taylor Swift,116,31,12,22.5,FALSE,Focus,FALSE,FALSE
2390,39,Nigeria,Spotify,Free,R&B,The Weeknd,49,5,12,25.2,TRUE,Workout,FALSE,FALSE
2391,23,India,YouTube Music,Premium,Hip-Hop,Olivia Rodrigo,70,19,9,39,TRUE,Workout,FALSE,FALSE
2392,32,Germany,SoundCloud,Free,Classical,Dua Lipa,357,108,9,45.6,TRUE,Focus,FALSE,FALSE
2393,30,USA,Tidal,Free,Jazz,Olivia Rodrigo,55,17,10,28.4,TRUE,Sad,TRUE,TRUE
2394,39,France,Amazon Music,Free,Hip-Hop,BTS,142,33,9,25.6,FALSE,Sad,FALSE,TRUE
2395,28,India,Apple Music,Free,Pop,Taylor Swift,12,7,6,36.8,TRUE,Workout,TRUE,FALSE
2396,38,Canada,YouTube Music,Free,Hip-Hop,SZA,34,11,9,14.2,TRUE,Sleep,FALSE,FALSE
2397,13,France,YouTube Music,Student,K-Pop,Tyler the Creator,99,26,11,32.4,TRUE,Happy,FALSE,TRUE
2398,27,France,Apple Music,Premium,Indie,Taylor Swift,245,75,10,22.4,TRUE,Sleep,FALSE,TRUE
2399,22,India,YouTube Music,Premium,Hip-Hop,Billie Eilish,222,57,8,14.4,TRUE,Energetic,TRUE,FALSE
2400,37,Germany,Spotify,Premium,R&B,The Weeknd,88,26,8,30.4,TRUE,Party,FALSE,FALSE
2401,26,Germany,YouTube Music,Student,Pop,Tyler the Creator,146,43,7,44.3,TRUE,Focus,FALSE,TRUE
2402,19,Brazil,Spotify,Premium,Pop,BTS,102,33,16,17.1,TRUE,Happy,TRUE,TRUE
2403,27,Canada,YouTube Music,Premium,Afrobeats,Burna Boy,292,85,5,27.6,TRUE,Sad,TRUE,FALSE
2404,21,Nigeria,Spotify,Premium,Lo-fi,SZA,33,5,12,20.1,FALSE,Energetic,TRUE,FALSE
2405,17,Japan,Spotify,Free,Pop,Kendrick Lamar,172,52,11,24.6,FALSE,Workout,FALSE,TRUE
2406,33,Japan,YouTube Music,Free,EDM,Dua Lipa,30,1,2,33.6,TRUE,Chill,FALSE,TRUE
2407,34,USA,SoundCloud,Premium,Hip-Hop,Dua Lipa,73,20,11,12.9,TRUE,Sad,FALSE,TRUE
2408,24,France,SoundCloud,Free,Rock,Tyler the Creator,92,27,8,37.4,FALSE,Focus,TRUE,FALSE
2409,26,France,Spotify,Student,EDM,Bad Bunny,91,24,8,21.6,FALSE,Sad,TRUE,TRUE
2410,30,Brazil,Spotify,Family,Hip-Hop,Kendrick Lamar,115,26,8,30.5,TRUE,Workout,FALSE,FALSE
2411,38,Nigeria,YouTube Music,Free,Afrobeats,Billie Eilish,147,40,8,9.9,FALSE,Sad,TRUE,FALSE
2412,21,Australia,Spotify,Premium,EDM,SZA,15,1,7,22.9,TRUE,Sad,FALSE,TRUE
2413,25,France,Spotify,Free,Indie,Taylor Swift,31,2,14,16.1,TRUE,Energetic,FALSE,TRUE
2414,34,France,Apple Music,Free,Lo-fi,BTS,174,42,9,27,FALSE,Workout,TRUE,FALSE
2415,20,Australia,Spotify,Family,Hip-Hop,Tyler the Creator,52,12,8,12,TRUE,Chill,TRUE,FALSE
2416,29,France,SoundCloud,Family,Country,Kendrick Lamar,19,1,10,33.2,TRUE,Energetic,FALSE,FALSE
2417,29,Australia,YouTube Music,Student,Rock,Burna Boy,102,32,9,21.8,TRUE,Sleep,FALSE,FALSE
2418,30,USA,YouTube Music,Free,Rock,Travis Scott,128,44,12,50.7,TRUE,Happy,FALSE,FALSE
2419,29,USA,Spotify,Premium,Lo-fi,Dua Lipa,67,17,9,28.7,TRUE,Workout,TRUE,FALSE
2420,24,Brazil,Tidal,Free,Lo-fi,Burna Boy,88,32,16,30.4,TRUE,Happy,TRUE,FALSE
2421,34,Nigeria,Spotify,Premium,EDM,The Weeknd,238,65,6,35.6,TRUE,Sleep,FALSE,FALSE
2422,17,Brazil,Spotify,Free,Pop,SZA,123,33,12,43,TRUE,Happy,FALSE,TRUE
2423,34,Australia,Spotify,Free,Country,Bad Bunny,67,7,10,29.4,FALSE,Happy,FALSE,FALSE
2424,14,Brazil,Spotify,Student,Country,Kendrick Lamar,183,41,7,20.3,TRUE,Party,TRUE,FALSE
2425,26,India,Apple Music,Premium,Pop,Travis Scott,93,24,8,45.2,FALSE,Focus,TRUE,FALSE
2426,38,Brazil,Spotify,Premium,Rock,Taylor Swift,125,37,10,24.9,FALSE,Focus,FALSE,FALSE
2427,40,UK,Spotify,Family,Classical,SZA,104,25,10,31.1,FALSE,Sad,FALSE,FALSE
2428,36,Japan,Apple Music,Premium,Pop,The Weeknd,370,117,10,10.3,FALSE,Focus,TRUE,TRUE
2429,32,India,Tidal,Student,K-Pop,Taylor Swift,134,36,11,34.4,TRUE,Sleep,TRUE,FALSE
2430,29,UK,Spotify,Free,Hip-Hop,Billie Eilish,98,30,17,23.7,FALSE,Happy,FALSE,FALSE
2431,20,Canada,Spotify,Student,Pop,Kendrick Lamar,181,47,11,25.9,TRUE,Happy,FALSE,TRUE
2432,39,UK,SoundCloud,Premium,Country,Bad Bunny,207,65,4,38.6,FALSE,Workout,FALSE,TRUE
2433,30,France,SoundCloud,Premium,Country,Travis Scott,179,48,9,3.3,FALSE,Sleep,FALSE,FALSE
2434,57,Japan,YouTube Music,Free,Pop,Billie Eilish,102,35,9,48.2,FALSE,Party,FALSE,FALSE
2435,31,Germany,Spotify,Student,EDM,Olivia Rodrigo,87,26,9,27.3,TRUE,Focus,FALSE,FALSE
2436,42,Japan,YouTube Music,Free,Country,Taylor Swift,326,87,5,39.2,TRUE,Party,TRUE,FALSE
2437,36,Canada,YouTube Music,Free,Indie,Burna Boy,155,39,7,20.3,FALSE,Chill,TRUE,TRUE
2438,29,Germany,Apple Music,Family,Hip-Hop,The Weeknd,50,19,15,21.1,FALSE,Focus,TRUE,FALSE
2439,36,France,YouTube Music,Student,Rock,The Weeknd,69,18,6,12.7,TRUE,Happy,TRUE,TRUE
2440,27,Brazil,YouTube Music,Premium,Hip-Hop,Tyler the Creator,83,21,13,30,TRUE,Sleep,TRUE,TRUE
2441,26,India,Apple Music,Free,Jazz,Bad Bunny,46,18,9,50.9,FALSE,Happy,FALSE,TRUE
2442,32,France,Spotify,Student,Lo-fi,Travis Scott,154,39,8,41.6,TRUE,Happy,TRUE,FALSE
2443,36,Germany,Spotify,Student,EDM,Burna Boy,104,36,6,37.6,FALSE,Sad,TRUE,FALSE
2444,22,France,YouTube Music,Free,Pop,Burna Boy,183,52,9,31,FALSE,Chill,FALSE,FALSE
2445,29,Australia,YouTube Music,Free,Lo-fi,BTS,224,64,10,29.3,TRUE,Energetic,TRUE,FALSE
2446,18,Australia,SoundCloud,Family,Lo-fi,Bad Bunny,129,37,8,28.1,FALSE,Energetic,FALSE,TRUE
2447,27,Brazil,Spotify,Premium,R&B,Dua Lipa,160,40,6,16.6,FALSE,Happy,TRUE,FALSE
2448,24,Brazil,Apple Music,Free,Hip-Hop,Travis Scott,118,43,10,9.4,FALSE,Chill,FALSE,TRUE
2449,27,India,Spotify,Free,Indie,Ariana Grande,109,20,5,52.9,TRUE,Happy,FALSE,TRUE
2450,20,USA,SoundCloud,Free,R&B,BTS,105,24,8,29.8,TRUE,Workout,FALSE,TRUE
2451,17,UK,Spotify,Free,Pop,Olivia Rodrigo,195,58,7,41.5,FALSE,Sad,FALSE,TRUE
2452,38,Japan,YouTube Music,Student,Afrobeats,Taylor Swift,43,11,9,21.4,TRUE,Focus,FALSE,FALSE
2453,39,Japan,Spotify,Free,Afrobeats,Ariana Grande,122,20,7,30.3,FALSE,Sleep,FALSE,TRUE
2454,25,Canada,Apple Music,Family,Indie,Travis Scott,89,33,11,31.3,TRUE,Happy,FALSE,FALSE
2455,13,USA,Spotify,Premium,Country,BTS,244,68,7,13.9,FALSE,Sleep,FALSE,TRUE
2456,22,India,Spotify,Free,Hip-Hop,Tyler the Creator,104,30,7,0.3,TRUE,Happy,TRUE,FALSE
2457,29,Japan,Spotify,Free,EDM,BTS,63,13,7,10.3,FALSE,Workout,TRUE,FALSE
2458,42,Japan,YouTube Music,Free,Afrobeats,Kendrick Lamar,47,10,9,32.9,FALSE,Sad,FALSE,FALSE
2459,17,Nigeria,Spotify,Free,Classical,Drake,99,24,5,24,TRUE,Sleep,FALSE,FALSE
2460,20,France,Spotify,Free,Country,Kendrick Lamar,78,26,7,2.6,TRUE,Workout,TRUE,FALSE
2461,18,Canada,Apple Music,Free,EDM,Burna Boy,184,49,5,24.8,TRUE,Workout,TRUE,TRUE
2462,32,Nigeria,Spotify,Student,K-Pop,Tyler the Creator,66,13,5,25.8,TRUE,Focus,FALSE,TRUE
2463,24,France,YouTube Music,Free,Indie,Bad Bunny,37,21,8,24.6,TRUE,Energetic,FALSE,TRUE
2464,14,France,Amazon Music,Free,Country,BTS,70,23,5,36.1,TRUE,Workout,FALSE,FALSE
2465,25,Japan,Apple Music,Premium,Indie,Ariana Grande,43,14,13,27.6,FALSE,Chill,TRUE,TRUE
2466,25,France,Spotify,Free,Pop,Burna Boy,108,34,7,48.9,TRUE,Workout,FALSE,FALSE
2467,30,Brazil,YouTube Music,Free,EDM,Travis Scott,80,14,6,36.8,FALSE,Sad,FALSE,FALSE
2468,27,Japan,Amazon Music,Family,EDM,Ariana Grande,47,12,4,35.8,TRUE,Energetic,TRUE,FALSE
2469,18,Nigeria,Apple Music,Free,Indie,Kendrick Lamar,146,45,11,39.3,TRUE,Chill,FALSE,FALSE
2470,21,Brazil,Amazon Music,Premium,Lo-fi,The Weeknd,144,45,13,10.5,TRUE,Workout,FALSE,TRUE
2471,22,USA,SoundCloud,Family,EDM,Kendrick Lamar,427,121,12,41,FALSE,Party,FALSE,FALSE
2472,30,Nigeria,Spotify,Family,Classical,Olivia Rodrigo,256,73,11,32.9,FALSE,Focus,TRUE,TRUE
2473,15,Brazil,SoundCloud,Family,Hip-Hop,Dua Lipa,25,8,9,28.8,FALSE,Sad,FALSE,FALSE
2474,14,Japan,Spotify,Family,Rock,Travis Scott,70,15,10,25.1,TRUE,Chill,FALSE,TRUE
2475,46,Australia,Spotify,Premium,K-Pop,Olivia Rodrigo,131,30,17,30,FALSE,Happy,TRUE,FALSE
2476,30,USA,Spotify,Premium,Rock,Burna Boy,103,23,9,0.7,FALSE,Sleep,TRUE,FALSE
2477,28,Brazil,Spotify,Premium,Rock,Billie Eilish,60,20,10,45.1,TRUE,Sleep,FALSE,FALSE
2478,13,Canada,YouTube Music,Premium,Pop,The Weeknd,62,15,11,23.8,TRUE,Focus,FALSE,TRUE
2479,30,UK,Amazon Music,Free,Country,Olivia Rodrigo,169,47,11,40.1,FALSE,Happy,FALSE,TRUE
2480,29,Australia,Apple Music,Free,Pop,Dua Lipa,70,16,8,34.6,FALSE,Energetic,FALSE,FALSE
2481,36,Canada,Apple Music,Premium,Hip-Hop,Burna Boy,254,65,10,36.8,FALSE,Party,TRUE,TRUE
2482,32,Brazil,Spotify,Free,EDM,SZA,221,67,13,22.3,TRUE,Party,TRUE,FALSE
2483,37,India,Spotify,Family,Hip-Hop,Travis Scott,121,36,11,32,TRUE,Party,FALSE,FALSE
2484,32,USA,Spotify,Premium,K-Pop,The Weeknd,177,45,7,18,TRUE,Focus,FALSE,FALSE
2485,19,Canada,Spotify,Free,Classical,Tyler the Creator,86,28,8,9.4,FALSE,Sleep,TRUE,FALSE
2486,27,Germany,Apple Music,Free,R&B,Burna Boy,20,2,9,21.2,TRUE,Workout,FALSE,TRUE
2487,24,Nigeria,Spotify,Free,EDM,Taylor Swift,177,47,7,39.3,TRUE,Sleep,FALSE,FALSE
2488,37,India,Apple Music,Free,Lo-fi,Billie Eilish,59,9,3,21.5,TRUE,Focus,FALSE,TRUE
2489,34,Japan,Spotify,Student,Classical,Dua Lipa,123,37,5,9.7,TRUE,Happy,FALSE,TRUE
2490,33,UK,YouTube Music,Free,K-Pop,Billie Eilish,311,86,4,15.2,TRUE,Workout,TRUE,TRUE
2491,35,Canada,Apple Music,Premium,EDM,SZA,389,100,10,50.4,FALSE,Sad,TRUE,FALSE
2492,27,Germany,YouTube Music,Premium,K-Pop,Bad Bunny,83,26,9,17.6,TRUE,Chill,FALSE,FALSE
2493,36,USA,Spotify,Family,EDM,Taylor Swift,72,14,4,32.7,FALSE,Workout,TRUE,TRUE
2494,33,Japan,Spotify,Free,Indie,Taylor Swift,214,63,7,10.9,TRUE,Sad,FALSE,FALSE
2495,26,UK,YouTube Music,Free,Indie,SZA,152,47,13,48.3,FALSE,Sleep,TRUE,TRUE
2496,20,Brazil,Spotify,Free,Pop,Bad Bunny,140,48,9,47.3,TRUE,Happy,TRUE,TRUE
2497,24,India,Tidal,Premium,Rock,Billie Eilish,62,20,10,10.5,FALSE,Sleep,TRUE,FALSE
2498,33,India,Spotify,Premium,Hip-Hop,Travis Scott,125,34,6,39.2,TRUE,Focus,FALSE,FALSE
2499,19,Australia,Apple Music,Free,K-Pop,Travis Scott,120,33,8,30,FALSE,Party,FALSE,TRUE
2500,44,Germany,Apple Music,Free,Jazz,Billie Eilish,143,40,9,33.1,TRUE,Chill,TRUE,TRUE
2501,22,UK,Amazon Music,Premium,Rock,Drake,62,16,6,35.4,TRUE,Energetic,TRUE,TRUE
2502,20,Brazil,Spotify,Free,Pop,Tyler the Creator,200,55,5,21.9,TRUE,Sleep,FALSE,TRUE
2503,25,Australia,Spotify,Premium,Pop,SZA,77,18,10,34.8,TRUE,Workout,TRUE,TRUE
2504,38,India,Spotify,Premium,Lo-fi,Olivia Rodrigo,111,29,8,37.2,FALSE,Happy,TRUE,TRUE
2505,16,USA,Tidal,Family,Pop,SZA,62,16,12,35.1,TRUE,Workout,TRUE,TRUE
2506,41,USA,Tidal,Free,EDM,Tyler the Creator,85,19,6,25.6,TRUE,Party,FALSE,TRUE
2507,37,Japan,Spotify,Premium,R&B,Dua Lipa,81,22,7,52.3,FALSE,Sad,TRUE,FALSE
2508,44,Canada,Apple Music,Free,Hip-Hop,Dua Lipa,183,42,12,46.1,TRUE,Party,FALSE,TRUE
2509,33,Japan,Apple Music,Family,K-Pop,Kendrick Lamar,117,34,8,23,FALSE,Happy,FALSE,FALSE
2510,30,Nigeria,YouTube Music,Free,Rock,Travis Scott,182,52,11,15,FALSE,Party,FALSE,FALSE
2511,13,Australia,Amazon Music,Premium,Pop,Drake,115,29,9,23.2,TRUE,Workout,FALSE,FALSE
2512,29,India,Apple Music,Free,K-Pop,Ariana Grande,152,47,9,57.1,TRUE,Chill,FALSE,FALSE
2513,16,UK,Spotify,Family,EDM,Bad Bunny,74,20,9,0.8,FALSE,Sad,FALSE,FALSE
2514,36,Brazil,Amazon Music,Family,Hip-Hop,Dua Lipa,89,21,20,10.2,FALSE,Chill,FALSE,FALSE
2515,26,Canada,YouTube Music,Free,Pop,Olivia Rodrigo,183,52,9,29.7,FALSE,Focus,FALSE,TRUE
2516,16,Australia,SoundCloud,Free,Hip-Hop,Tyler the Creator,101,30,6,25.8,FALSE,Sleep,TRUE,TRUE
2517,31,Brazil,Spotify,Premium,R&B,Dua Lipa,242,69,13,57.8,TRUE,Workout,TRUE,FALSE
2518,24,India,YouTube Music,Premium,Classical,Olivia Rodrigo,124,33,14,29.6,TRUE,Energetic,FALSE,TRUE
2519,37,Germany,Tidal,Premium,Lo-fi,Olivia Rodrigo,173,54,11,33.8,FALSE,Party,TRUE,TRUE
2520,25,France,Apple Music,Free,Pop,Olivia Rodrigo,71,16,8,43,TRUE,Party,FALSE,FALSE
2521,13,UK,Apple Music,Free,Hip-Hop,Billie Eilish,134,34,8,28.1,FALSE,Party,FALSE,FALSE
2522,22,Canada,Spotify,Premium,Pop,Kendrick Lamar,205,53,8,22.1,TRUE,Sleep,FALSE,TRUE
2523,27,UK,Apple Music,Premium,R&B,Travis Scott,195,48,5,26.6,FALSE,Chill,FALSE,FALSE
2524,39,UK,Apple Music,Free,EDM,Billie Eilish,155,36,9,15.5,FALSE,Sad,FALSE,FALSE
2525,29,Canada,Spotify,Free,Pop,Bad Bunny,85,26,7,23.1,FALSE,Party,FALSE,FALSE
2526,26,Japan,Apple Music,Free,Rock,Kendrick Lamar,55,3,14,41.7,TRUE,Workout,TRUE,TRUE
2527,28,USA,Tidal,Free,Country,Ariana Grande,218,59,10,37.5,FALSE,Sleep,TRUE,TRUE
2528,40,Germany,Spotify,Free,K-Pop,Burna Boy,149,38,8,35.2,TRUE,Sleep,TRUE,FALSE
2529,34,France,Apple Music,Free,Hip-Hop,Drake,103,26,21,12.9,FALSE,Sleep,FALSE,FALSE
2530,36,Canada,Spotify,Free,Pop,Ariana Grande,39,4,8,45.1,TRUE,Happy,FALSE,FALSE
2531,33,Nigeria,Spotify,Free,Jazz,Taylor Swift,43,21,6,38.7,TRUE,Energetic,TRUE,FALSE
2532,27,France,Apple Music,Premium,Rock,SZA,148,38,8,24.8,TRUE,Sleep,TRUE,FALSE
2533,30,France,Spotify,Premium,Hip-Hop,Kendrick Lamar,181,47,3,40.2,FALSE,Happy,TRUE,FALSE
2534,27,France,Amazon Music,Premium,R&B,Travis Scott,234,66,8,33.7,TRUE,Sad,TRUE,TRUE
2535,27,Brazil,Apple Music,Student,Indie,Travis Scott,161,43,11,29.4,TRUE,Focus,FALSE,TRUE
2536,18,UK,Spotify,Premium,Pop,Olivia Rodrigo,245,63,11,31.6,TRUE,Workout,FALSE,FALSE
2537,13,Germany,YouTube Music,Family,Rock,Billie Eilish,112,39,5,51.1,TRUE,Sad,FALSE,TRUE
2538,16,India,Spotify,Free,K-Pop,Olivia Rodrigo,174,44,7,33.9,TRUE,Party,FALSE,TRUE
2539,25,Japan,Spotify,Family,Pop,Olivia Rodrigo,47,14,3,43.7,TRUE,Happy,FALSE,TRUE
2540,29,Germany,Apple Music,Student,Rock,Ariana Grande,85,18,7,40.2,TRUE,Energetic,FALSE,FALSE
2541,24,Nigeria,SoundCloud,Free,Rock,Tyler the Creator,162,37,10,23.5,TRUE,Happy,FALSE,FALSE
2542,42,Canada,Apple Music,Family,Pop,Dua Lipa,24,5,10,38.2,TRUE,Energetic,FALSE,FALSE
2543,27,Australia,Apple Music,Family,Pop,Ariana Grande,161,46,3,33.7,FALSE,Happy,TRUE,TRUE
2544,13,Brazil,Spotify,Free,Hip-Hop,Drake,131,32,7,25.3,TRUE,Happy,FALSE,FALSE
2545,23,Canada,SoundCloud,Premium,EDM,Burna Boy,188,51,4,16.5,FALSE,Focus,FALSE,TRUE
2546,37,UK,Spotify,Premium,EDM,The Weeknd,233,69,10,21.9,TRUE,Workout,TRUE,TRUE
2547,35,India,YouTube Music,Premium,EDM,Ariana Grande,59,13,12,22.1,FALSE,Happy,TRUE,TRUE
2548,22,Australia,Apple Music,Premium,K-Pop,Tyler the Creator,164,43,13,20.3,TRUE,Chill,FALSE,TRUE
2549,51,India,Spotify,Premium,Rock,Taylor Swift,37,12,5,32.1,FALSE,Sleep,FALSE,FALSE
2550,25,Brazil,YouTube Music,Free,Afrobeats,Bad Bunny,180,46,10,29.1,FALSE,Chill,FALSE,TRUE
2551,32,France,Apple Music,Premium,R&B,Tyler the Creator,115,36,12,20.5,FALSE,Happy,TRUE,FALSE
2552,41,France,Spotify,Premium,Lo-fi,The Weeknd,91,21,13,39.3,TRUE,Workout,TRUE,TRUE
2553,27,Japan,Spotify,Family,K-Pop,Travis Scott,65,14,11,33.3,TRUE,Sleep,FALSE,FALSE
2554,27,Canada,Spotify,Premium,Hip-Hop,Travis Scott,154,50,7,27.3,FALSE,Sad,FALSE,FALSE
2555,26,Germany,Apple Music,Free,Jazz,Taylor Swift,72,15,11,30.5,TRUE,Focus,TRUE,FALSE
2556,32,Brazil,SoundCloud,Premium,Rock,Bad Bunny,135,38,7,27,FALSE,Party,FALSE,FALSE
2557,28,France,Spotify,Family,Pop,Ariana Grande,101,33,8,33.8,TRUE,Party,TRUE,TRUE
2558,18,Japan,YouTube Music,Premium,Jazz,Bad Bunny,8,1,3,65,FALSE,Sad,TRUE,FALSE
2559,32,Australia,Spotify,Premium,Rock,Taylor Swift,240,62,11,11.9,TRUE,Focus,TRUE,TRUE
2560,22,Germany,YouTube Music,Student,Rock,Burna Boy,168,50,12,26.2,FALSE,Workout,TRUE,TRUE
2561,28,India,SoundCloud,Free,Classical,Billie Eilish,392,114,14,24.7,FALSE,Party,FALSE,FALSE
2562,35,Nigeria,Spotify,Premium,Pop,Bad Bunny,148,36,8,29.8,FALSE,Chill,FALSE,FALSE
2563,27,Brazil,Spotify,Free,Indie,Ariana Grande,96,28,5,15,TRUE,Sad,TRUE,FALSE
2564,24,Brazil,Spotify,Free,Hip-Hop,Drake,83,31,7,24.4,FALSE,Sad,TRUE,FALSE
2565,40,USA,Spotify,Premium,Pop,Tyler the Creator,82,18,9,45.4,TRUE,Party,TRUE,TRUE
2566,21,Germany,Spotify,Free,Rock,Olivia Rodrigo,46,9,7,32,TRUE,Energetic,FALSE,FALSE
2567,36,France,Apple Music,Premium,EDM,Kendrick Lamar,39,13,11,36.5,TRUE,Party,FALSE,TRUE
2568,30,Nigeria,Apple Music,Free,R&B,Bad Bunny,308,94,10,50.5,TRUE,Energetic,FALSE,FALSE
2569,23,Germany,SoundCloud,Free,Rock,Dua Lipa,47,22,5,20.6,FALSE,Energetic,FALSE,TRUE
2570,28,USA,Tidal,Premium,EDM,BTS,376,107,5,24.6,FALSE,Workout,TRUE,FALSE
2571,28,UK,Apple Music,Free,Rock,BTS,80,23,10,32.3,FALSE,Workout,FALSE,FALSE
2572,34,Japan,YouTube Music,Free,R&B,The Weeknd,57,14,10,18.6,TRUE,Sleep,TRUE,TRUE
2573,47,Germany,Apple Music,Premium,K-Pop,Tyler the Creator,92,35,14,44.9,TRUE,Party,TRUE,FALSE
2574,33,Nigeria,SoundCloud,Free,Afrobeats,BTS,171,43,10,25.6,FALSE,Sleep,FALSE,TRUE
2575,22,UK,Spotify,Premium,Hip-Hop,Tyler the Creator,147,44,11,32.5,TRUE,Chill,TRUE,FALSE
2576,24,Canada,Apple Music,Student,Rock,Travis Scott,259,69,3,13.1,TRUE,Sleep,FALSE,TRUE
2577,41,Japan,Apple Music,Free,R&B,Taylor Swift,100,24,10,18.4,TRUE,Chill,TRUE,FALSE
2578,13,Brazil,Apple Music,Free,Indie,Burna Boy,50,15,5,29.8,TRUE,Workout,FALSE,FALSE
2579,30,Canada,Apple Music,Family,Pop,Kendrick Lamar,269,71,14,30.4,FALSE,Workout,FALSE,FALSE
2580,29,Brazil,YouTube Music,Family,R&B,Tyler the Creator,135,41,8,25.9,TRUE,Sad,FALSE,FALSE
2581,14,Nigeria,Spotify,Free,Rock,Taylor Swift,26,2,11,41.2,FALSE,Sad,TRUE,TRUE
2582,29,USA,Apple Music,Free,Pop,SZA,55,13,12,17.9,TRUE,Sad,FALSE,FALSE
2583,22,Canada,Apple Music,Premium,R&B,Billie Eilish,9,1,11,4,TRUE,Workout,TRUE,FALSE
2584,29,Nigeria,Spotify,Premium,Indie,The Weeknd,242,70,5,25.8,TRUE,Sleep,FALSE,TRUE
2585,37,Nigeria,Spotify,Free,EDM,Burna Boy,151,40,8,4.7,FALSE,Energetic,TRUE,FALSE
2586,20,Nigeria,Spotify,Free,Country,SZA,126,43,5,44.2,TRUE,Focus,TRUE,FALSE
2587,29,Nigeria,YouTube Music,Free,Afrobeats,Taylor Swift,89,21,13,24.6,TRUE,Sad,FALSE,FALSE
2588,23,Japan,SoundCloud,Free,Jazz,Travis Scott,46,3,10,33.9,FALSE,Party,FALSE,TRUE
2589,32,USA,Tidal,Free,Jazz,Travis Scott,90,36,9,31.4,FALSE,Focus,FALSE,TRUE
2590,23,France,Spotify,Premium,Pop,Travis Scott,113,34,13,2.8,TRUE,Workout,TRUE,TRUE
2591,22,India,Apple Music,Free,EDM,Burna Boy,69,24,11,22.7,TRUE,Energetic,FALSE,FALSE
2592,25,USA,Spotify,Free,K-Pop,Bad Bunny,96,25,13,16.6,TRUE,Energetic,FALSE,FALSE
2593,34,Germany,SoundCloud,Premium,Hip-Hop,Dua Lipa,83,30,13,27.4,FALSE,Chill,FALSE,TRUE
2594,32,Brazil,Apple Music,Free,EDM,Ariana Grande,142,37,8,30.5,TRUE,Sleep,FALSE,FALSE
2595,41,Brazil,Spotify,Free,Indie,Tyler the Creator,222,74,8,44.2,FALSE,Party,FALSE,TRUE
2596,28,Canada,Spotify,Student,Afrobeats,SZA,136,36,4,16.9,TRUE,Sad,TRUE,FALSE
2597,31,Australia,SoundCloud,Premium,R&B,SZA,116,43,8,53.5,FALSE,Focus,FALSE,FALSE
2598,29,Germany,Tidal,Free,K-Pop,Burna Boy,150,44,5,23.1,FALSE,Focus,FALSE,FALSE
2599,17,Germany,YouTube Music,Premium,K-Pop,Drake,99,24,7,38.1,TRUE,Focus,FALSE,TRUE
2600,34,Australia,Tidal,Free,Hip-Hop,BTS,138,34,5,26.4,TRUE,Energetic,FALSE,FALSE
2601,37,UK,YouTube Music,Free,Pop,The Weeknd,193,51,13,33.6,FALSE,Focus,FALSE,FALSE
2602,32,Australia,Spotify,Free,R&B,Ariana Grande,203,61,6,9.5,TRUE,Sleep,FALSE,TRUE
2603,27,Canada,Apple Music,Student,K-Pop,Olivia Rodrigo,152,49,5,13.2,FALSE,Focus,TRUE,TRUE
2604,38,Canada,Apple Music,Free,Rock,Burna Boy,247,64,8,22.8,FALSE,Sad,FALSE,FALSE
2605,32,India,Tidal,Premium,Country,Burna Boy,152,44,14,27.3,TRUE,Sad,FALSE,FALSE
2606,44,Australia,SoundCloud,Family,Hip-Hop,Taylor Swift,233,68,10,24.7,FALSE,Focus,FALSE,FALSE
2607,31,Brazil,Spotify,Premium,Pop,Tyler the Creator,216,66,5,4,FALSE,Party,FALSE,FALSE
2608,30,Canada,Spotify,Student,Country,BTS,191,46,9,32.5,TRUE,Chill,FALSE,TRUE
2609,36,Nigeria,Amazon Music,Premium,Rock,Tyler the Creator,58,10,10,24.9,FALSE,Focus,TRUE,FALSE
2610,41,USA,Spotify,Free,Afrobeats,Dua Lipa,133,41,6,39,TRUE,Sleep,FALSE,FALSE
2611,28,Canada,Amazon Music,Free,Hip-Hop,Ariana Grande,188,49,14,48.5,FALSE,Energetic,FALSE,TRUE
2612,26,Brazil,Amazon Music,Family,Hip-Hop,Ariana Grande,143,46,9,0.3,TRUE,Party,TRUE,FALSE
2613,32,Nigeria,Spotify,Premium,Afrobeats,Bad Bunny,357,92,11,21.9,TRUE,Workout,FALSE,FALSE
2614,31,USA,SoundCloud,Free,Rock,Drake,160,41,10,37,TRUE,Sleep,FALSE,TRUE
2615,33,Brazil,YouTube Music,Family,Hip-Hop,Taylor Swift,80,26,9,39.1,TRUE,Sleep,TRUE,TRUE
2616,18,USA,Spotify,Student,Pop,Billie Eilish,18,3,9,28.6,TRUE,Workout,FALSE,TRUE
2617,17,India,YouTube Music,Premium,Indie,Drake,183,48,7,17.4,FALSE,Sleep,FALSE,FALSE
2618,15,Canada,Spotify,Free,Pop,Bad Bunny,103,26,8,33.6,FALSE,Sleep,TRUE,TRUE
2619,15,Brazil,Amazon Music,Premium,Hip-Hop,SZA,45,13,12,12.3,TRUE,Party,TRUE,TRUE
2620,35,Japan,Amazon Music,Free,EDM,Travis Scott,205,51,9,32.3,FALSE,Workout,TRUE,FALSE
2621,47,Australia,YouTube Music,Free,Rock,Burna Boy,244,71,5,29.2,TRUE,Sad,FALSE,FALSE
2622,18,France,Amazon Music,Free,R&B,Bad Bunny,266,80,7,36.3,TRUE,Energetic,FALSE,FALSE
2623,20,Brazil,YouTube Music,Family,K-Pop,Kendrick Lamar,72,23,7,22,TRUE,Sleep,TRUE,FALSE
2624,41,Canada,Amazon Music,Free,Rock,Burna Boy,119,33,4,41.1,FALSE,Chill,FALSE,TRUE
2625,34,Japan,Spotify,Family,Pop,SZA,114,33,8,41.7,TRUE,Energetic,FALSE,TRUE
2626,22,Canada,Tidal,Family,R&B,Tyler the Creator,127,29,8,43,FALSE,Sad,TRUE,TRUE
2627,20,USA,YouTube Music,Free,Pop,Travis Scott,153,43,12,13.9,TRUE,Energetic,TRUE,FALSE
2628,38,UK,Spotify,Free,Rock,Olivia Rodrigo,194,56,15,32,FALSE,Focus,FALSE,TRUE
2629,15,India,SoundCloud,Student,EDM,SZA,32,13,6,30.3,TRUE,Workout,TRUE,TRUE
2630,28,USA,Apple Music,Premium,Indie,Bad Bunny,242,72,10,16.6,TRUE,Sad,TRUE,FALSE
2631,33,USA,Spotify,Free,Jazz,Taylor Swift,355,99,9,24,FALSE,Workout,TRUE,FALSE
2632,28,Germany,Spotify,Free,Pop,Bad Bunny,39,12,9,9.8,TRUE,Sad,FALSE,TRUE
2633,25,India,Amazon Music,Free,Indie,Travis Scott,46,17,4,8.2,TRUE,Party,FALSE,TRUE
2634,29,India,Amazon Music,Family,Rock,Drake,244,66,9,39.7,TRUE,Chill,TRUE,FALSE
2635,35,UK,YouTube Music,Free,Indie,BTS,230,68,12,37.7,FALSE,Sleep,TRUE,TRUE
2636,41,Canada,Tidal,Free,Pop,Kendrick Lamar,97,35,8,35.7,TRUE,Chill,FALSE,FALSE
2637,14,UK,Spotify,Premium,Afrobeats,Dua Lipa,79,26,5,35.6,FALSE,Workout,TRUE,TRUE
2638,23,Canada,Apple Music,Premium,Rock,BTS,41,9,14,36.6,TRUE,Workout,FALSE,TRUE
2639,41,India,Tidal,Student,Rock,Bad Bunny,52,20,8,32.7,TRUE,Sad,TRUE,TRUE
2640,42,India,SoundCloud,Free,Rock,Dua Lipa,274,84,10,26.5,FALSE,Energetic,TRUE,TRUE
2641,35,Nigeria,Amazon Music,Free,Hip-Hop,Drake,54,18,17,20.5,FALSE,Happy,FALSE,TRUE
2642,18,Japan,Apple Music,Free,Hip-Hop,Bad Bunny,80,18,16,3.1,TRUE,Party,TRUE,TRUE
2643,20,Nigeria,Apple Music,Premium,Rock,Travis Scott,189,58,14,9.9,TRUE,Happy,FALSE,TRUE
2644,28,Japan,Spotify,Free,Rock,Tyler the Creator,199,57,10,22.5,TRUE,Workout,FALSE,FALSE
2645,31,India,YouTube Music,Free,Pop,Tyler the Creator,220,61,8,20.4,TRUE,Party,FALSE,FALSE
2646,33,Australia,Spotify,Premium,Classical,Billie Eilish,30,1,8,30.6,FALSE,Focus,FALSE,FALSE
2647,15,Australia,Spotify,Premium,Afrobeats,Taylor Swift,49,11,15,63.1,TRUE,Sad,FALSE,FALSE
2648,33,Nigeria,Spotify,Premium,Hip-Hop,Ariana Grande,110,34,5,18.9,FALSE,Party,TRUE,TRUE
2649,29,UK,YouTube Music,Free,Jazz,Dua Lipa,88,35,7,37.3,FALSE,Focus,FALSE,TRUE
2650,28,Canada,Apple Music,Family,Hip-Hop,SZA,122,34,8,25.5,TRUE,Sleep,TRUE,FALSE
2651,32,Brazil,Spotify,Student,EDM,Bad Bunny,113,22,10,34.2,TRUE,Energetic,FALSE,TRUE
2652,29,Germany,Spotify,Free,Country,SZA,78,12,12,28.7,TRUE,Chill,TRUE,FALSE
2653,20,Canada,Spotify,Premium,Classical,Kendrick Lamar,113,34,8,48.9,FALSE,Energetic,FALSE,FALSE
2654,39,Nigeria,Spotify,Premium,Indie,Olivia Rodrigo,149,35,11,27.4,FALSE,Focus,FALSE,FALSE
2655,16,Australia,Tidal,Family,Hip-Hop,Bad Bunny,127,32,5,15.3,TRUE,Sad,FALSE,FALSE
2656,27,USA,Spotify,Premium,R&B,Taylor Swift,195,48,8,17.4,TRUE,Sad,FALSE,TRUE
2657,13,Brazil,YouTube Music,Free,Pop,BTS,128,39,10,0,TRUE,Workout,FALSE,FALSE
2658,32,USA,Tidal,Free,Afrobeats,Olivia Rodrigo,228,67,12,27.4,TRUE,Happy,TRUE,FALSE
2659,32,Japan,Spotify,Student,Hip-Hop,Tyler the Creator,29,4,7,25.7,FALSE,Workout,TRUE,FALSE
2660,21,USA,SoundCloud,Premium,Classical,Dua Lipa,59,23,13,21.8,FALSE,Sleep,TRUE,FALSE
2661,26,India,Spotify,Free,Lo-fi,SZA,48,7,5,39.6,FALSE,Party,FALSE,FALSE
2662,36,France,Amazon Music,Student,Hip-Hop,Drake,93,29,5,33.7,TRUE,Focus,TRUE,TRUE
2663,23,France,Apple Music,Student,Rock,BTS,246,64,7,18.7,TRUE,Happy,FALSE,FALSE
2664,13,France,Spotify,Family,Classical,Bad Bunny,64,15,17,20.6,TRUE,Workout,TRUE,TRUE
2665,13,Nigeria,Apple Music,Premium,Afrobeats,Olivia Rodrigo,73,14,8,30.6,FALSE,Party,TRUE,TRUE
2666,17,USA,Spotify,Family,EDM,Kendrick Lamar,133,37,10,37.6,TRUE,Workout,FALSE,TRUE
2667,46,Germany,Apple Music,Free,Pop,The Weeknd,162,48,10,11.2,FALSE,Happy,TRUE,FALSE
2668,38,Australia,YouTube Music,Free,Rock,Dua Lipa,51,14,7,38.2,FALSE,Workout,FALSE,TRUE
2669,18,USA,Spotify,Free,Pop,Dua Lipa,46,13,13,18.1,TRUE,Sad,FALSE,FALSE
2670,14,Japan,SoundCloud,Free,Hip-Hop,Ariana Grande,229,65,6,38.4,TRUE,Happy,FALSE,TRUE
2671,35,India,Spotify,Premium,EDM,SZA,9,1,4,31.6,TRUE,Party,TRUE,FALSE
2672,18,Australia,YouTube Music,Family,Rock,Olivia Rodrigo,64,29,7,11.3,FALSE,Workout,TRUE,FALSE
2673,24,Canada,YouTube Music,Free,Pop,BTS,348,94,5,22.7,TRUE,Sleep,TRUE,FALSE
2674,30,France,Apple Music,Free,Afrobeats,Travis Scott,135,35,6,32.9,TRUE,Chill,FALSE,TRUE
2675,31,USA,Tidal,Free,Pop,Olivia Rodrigo,208,54,12,14,TRUE,Workout,FALSE,TRUE
2676,19,France,Spotify,Premium,Pop,Olivia Rodrigo,74,15,9,13.5,TRUE,Chill,FALSE,FALSE
2677,25,Japan,Spotify,Premium,Pop,The Weeknd,356,97,11,23.6,TRUE,Chill,FALSE,TRUE
2678,31,Canada,Amazon Music,Free,Pop,Kendrick Lamar,190,52,4,30.2,TRUE,Sad,TRUE,TRUE
2679,13,Japan,Spotify,Premium,Rock,The Weeknd,39,17,7,48.1,TRUE,Sleep,FALSE,TRUE
2680,26,Canada,Spotify,Free,Indie,BTS,242,76,9,38.4,FALSE,Energetic,TRUE,FALSE
2681,40,Australia,Apple Music,Free,EDM,Kendrick Lamar,153,39,10,26.4,FALSE,Party,FALSE,FALSE
2682,31,India,Spotify,Free,Pop,Travis Scott,116,36,7,34.3,TRUE,Workout,FALSE,FALSE
2683,20,UK,Spotify,Premium,Indie,The Weeknd,216,65,10,47.2,FALSE,Chill,FALSE,TRUE
2684,24,Japan,Apple Music,Free,K-Pop,Burna Boy,153,49,10,30.5,TRUE,Focus,FALSE,FALSE
2685,34,UK,Spotify,Premium,R&B,BTS,26,1,7,7.1,TRUE,Sleep,FALSE,TRUE
2686,37,UK,Spotify,Family,Pop,The Weeknd,91,30,10,40.7,FALSE,Happy,TRUE,FALSE
2687,26,Brazil,SoundCloud,Premium,K-Pop,Billie Eilish,31,6,8,48.3,FALSE,Chill,TRUE,TRUE
2688,17,Canada,YouTube Music,Free,R&B,Tyler the Creator,102,35,11,34.3,FALSE,Focus,FALSE,FALSE
2689,33,France,Spotify,Free,EDM,Bad Bunny,118,32,2,39.3,TRUE,Happy,FALSE,FALSE
2690,34,Canada,Apple Music,Free,Hip-Hop,Billie Eilish,116,36,11,26.1,TRUE,Workout,TRUE,TRUE
2691,13,Japan,YouTube Music,Premium,Rock,Billie Eilish,35,8,13,31.9,TRUE,Energetic,TRUE,FALSE
2692,34,Brazil,Tidal,Free,Indie,Ariana Grande,46,7,8,21.1,FALSE,Focus,FALSE,FALSE
2693,26,France,Apple Music,Free,Lo-fi,Taylor Swift,131,35,14,28,TRUE,Party,FALSE,FALSE
2694,21,Australia,Spotify,Free,Pop,Billie Eilish,161,47,5,12.6,TRUE,Sleep,TRUE,TRUE
2695,28,Nigeria,Spotify,Family,Lo-fi,SZA,15,1,11,45.8,TRUE,Sleep,FALSE,FALSE
2696,19,UK,Apple Music,Free,Rock,Bad Bunny,76,21,11,0,TRUE,Focus,FALSE,TRUE
2697,33,Australia,Tidal,Free,Hip-Hop,BTS,117,32,10,33.2,FALSE,Party,TRUE,TRUE
2698,24,Brazil,Spotify,Free,Lo-fi,Ariana Grande,45,13,6,22.4,TRUE,Party,FALSE,FALSE
2699,57,USA,Spotify,Premium,Jazz,Taylor Swift,35,11,9,18.7,FALSE,Party,TRUE,TRUE
2700,43,Canada,YouTube Music,Free,Hip-Hop,Dua Lipa,82,26,6,27.9,FALSE,Workout,TRUE,TRUE
2701,20,Brazil,Spotify,Free,Indie,The Weeknd,164,48,9,17.4,TRUE,Focus,TRUE,TRUE
2702,39,Germany,YouTube Music,Free,Jazz,Tyler the Creator,113,34,8,3.7,TRUE,Sad,FALSE,TRUE
2703,22,Germany,YouTube Music,Student,Rock,Bad Bunny,206,50,8,29.2,TRUE,Sleep,TRUE,TRUE
2704,16,Australia,Tidal,Premium,Indie,The Weeknd,235,60,8,33.7,TRUE,Focus,TRUE,TRUE
2705,16,Canada,Tidal,Free,R&B,Dua Lipa,163,33,14,27.6,FALSE,Sleep,FALSE,TRUE
2706,38,Canada,Apple Music,Premium,Classical,SZA,151,45,10,41.8,TRUE,Workout,TRUE,FALSE
2707,16,India,SoundCloud,Free,Rock,Tyler the Creator,224,60,12,13,TRUE,Happy,FALSE,FALSE
2708,32,Nigeria,Spotify,Premium,Jazz,Ariana Grande,184,49,10,14.7,FALSE,Chill,TRUE,TRUE
2709,18,USA,Apple Music,Free,R&B,Bad Bunny,20,7,8,32.3,FALSE,Happy,TRUE,FALSE
2710,29,USA,Amazon Music,Premium,Pop,Burna Boy,271,79,5,22.4,TRUE,Energetic,TRUE,FALSE
2711,20,Germany,YouTube Music,Free,Rock,Travis Scott,236,74,9,40.4,FALSE,Focus,FALSE,TRUE
2712,36,Brazil,Apple Music,Free,K-Pop,Drake,171,52,5,36.8,TRUE,Chill,FALSE,FALSE
2713,28,Japan,Apple Music,Free,K-Pop,SZA,102,26,8,13.7,FALSE,Sad,FALSE,TRUE
2714,25,Canada,Spotify,Free,Rock,Travis Scott,176,50,7,30.6,TRUE,Happy,FALSE,FALSE
2715,28,Japan,Spotify,Free,Country,Travis Scott,184,53,9,38.2,FALSE,Workout,TRUE,FALSE
2716,18,Canada,Spotify,Family,Indie,SZA,87,23,9,11.8,TRUE,Sad,TRUE,FALSE
2717,27,Japan,Apple Music,Family,Pop,Olivia Rodrigo,84,17,9,41.9,TRUE,Sad,FALSE,FALSE
2718,19,Germany,Spotify,Family,Pop,Bad Bunny,144,47,8,26.8,TRUE,Workout,FALSE,FALSE
2719,22,Germany,Spotify,Free,Hip-Hop,Drake,50,15,11,6.8,FALSE,Chill,TRUE,TRUE
2720,29,Brazil,Spotify,Premium,Pop,Ariana Grande,69,22,9,31.1,TRUE,Focus,TRUE,TRUE
2721,25,Canada,SoundCloud,Free,K-Pop,Bad Bunny,152,48,6,30.8,FALSE,Chill,TRUE,TRUE
2722,39,Japan,Tidal,Free,Classical,Ariana Grande,85,23,3,59.2,TRUE,Happy,TRUE,FALSE
2723,25,Nigeria,Spotify,Family,Hip-Hop,Ariana Grande,89,17,16,36,FALSE,Sleep,FALSE,TRUE
2724,32,Brazil,Spotify,Premium,Country,Drake,466,130,11,37.7,TRUE,Sleep,FALSE,TRUE
2725,22,Germany,Apple Music,Free,Rock,Olivia Rodrigo,58,13,14,25.7,TRUE,Sad,FALSE,TRUE
2726,33,UK,Apple Music,Premium,Lo-fi,Bad Bunny,72,24,5,34.5,FALSE,Chill,FALSE,TRUE
2727,21,Australia,Spotify,Free,R&B,Kendrick Lamar,146,46,9,10.4,TRUE,Sad,TRUE,TRUE
2728,23,USA,YouTube Music,Free,Lo-fi,Dua Lipa,197,55,13,31.1,TRUE,Sad,FALSE,TRUE
2729,40,USA,SoundCloud,Premium,EDM,Billie Eilish,200,66,8,27.5,FALSE,Happy,FALSE,FALSE
2730,30,USA,Amazon Music,Premium,EDM,Olivia Rodrigo,352,101,14,35.2,FALSE,Happy,FALSE,FALSE
2731,13,Australia,YouTube Music,Free,Jazz,Taylor Swift,129,31,11,31.4,TRUE,Happy,FALSE,FALSE
2732,41,India,Apple Music,Free,EDM,Bad Bunny,191,46,12,13.5,FALSE,Party,FALSE,TRUE
2733,23,UK,Spotify,Premium,Pop,The Weeknd,61,15,9,29.2,FALSE,Energetic,FALSE,TRUE
2734,26,Nigeria,Amazon Music,Free,EDM,SZA,47,14,6,47.8,TRUE,Party,FALSE,FALSE
2735,33,Nigeria,Apple Music,Student,Pop,Dua Lipa,35,8,11,37.8,TRUE,Energetic,FALSE,FALSE
2736,29,USA,SoundCloud,Free,Indie,Ariana Grande,112,31,9,18.5,TRUE,Happy,TRUE,TRUE
2737,21,Japan,Amazon Music,Student,K-Pop,Drake,189,42,4,0,TRUE,Focus,FALSE,FALSE
2738,15,Canada,Spotify,Free,Hip-Hop,Bad Bunny,217,62,11,40,TRUE,Party,TRUE,FALSE
2739,13,Brazil,Spotify,Family,Hip-Hop,Tyler the Creator,39,15,8,28.3,TRUE,Workout,FALSE,FALSE
2740,29,Japan,Apple Music,Free,Classical,Olivia Rodrigo,193,51,9,6.5,TRUE,Energetic,FALSE,FALSE
2741,23,Australia,YouTube Music,Family,Jazz,Drake,70,18,10,30.7,TRUE,Focus,TRUE,TRUE
2742,35,Canada,YouTube Music,Family,K-Pop,Billie Eilish,214,59,9,28.9,TRUE,Workout,FALSE,TRUE
2743,17,Japan,Apple Music,Family,Hip-Hop,Travis Scott,158,45,11,24.9,FALSE,Sleep,FALSE,TRUE
2744,16,Canada,Spotify,Free,Lo-fi,Burna Boy,198,57,10,17.1,TRUE,Focus,FALSE,FALSE
2745,13,Nigeria,Spotify,Premium,EDM,The Weeknd,122,30,5,30.4,TRUE,Party,FALSE,TRUE
2746,24,Canada,Amazon Music,Free,EDM,Burna Boy,160,33,10,20,TRUE,Workout,TRUE,TRUE
2747,38,Japan,Spotify,Free,Hip-Hop,The Weeknd,108,40,4,42.1,TRUE,Chill,FALSE,TRUE
2748,32,USA,Spotify,Premium,K-Pop,Drake,74,27,7,27,FALSE,Workout,FALSE,TRUE
2749,33,Germany,YouTube Music,Free,R&B,Bad Bunny,182,48,3,6.6,TRUE,Energetic,TRUE,TRUE
2750,30,Brazil,Apple Music,Family,Hip-Hop,Kendrick Lamar,84,25,11,38.9,TRUE,Focus,FALSE,TRUE
2751,13,Nigeria,Spotify,Premium,Indie,The Weeknd,182,52,15,27.4,TRUE,Focus,TRUE,FALSE
2752,13,France,Apple Music,Free,Lo-fi,Olivia Rodrigo,66,17,3,34.8,FALSE,Party,TRUE,TRUE
2753,22,USA,Apple Music,Free,R&B,Burna Boy,185,61,8,38.9,TRUE,Sad,FALSE,FALSE
2754,37,UK,Spotify,Family,K-Pop,SZA,27,14,7,26.5,TRUE,Chill,TRUE,FALSE
2755,31,Canada,YouTube Music,Student,Indie,BTS,75,20,10,37.1,FALSE,Sad,FALSE,FALSE
2756,26,Japan,Spotify,Family,Rock,Burna Boy,161,44,9,21.1,FALSE,Workout,TRUE,TRUE
2757,24,Canada,YouTube Music,Student,Pop,Olivia Rodrigo,294,72,4,22,FALSE,Happy,TRUE,FALSE
2758,33,Japan,SoundCloud,Free,Rock,Billie Eilish,149,47,9,14.1,TRUE,Happy,FALSE,FALSE
2759,25,Nigeria,YouTube Music,Premium,Classical,Olivia Rodrigo,200,66,9,38.8,FALSE,Energetic,FALSE,FALSE
2760,39,Japan,Apple Music,Premium,Classical,Tyler the Creator,161,46,11,18,TRUE,Sad,FALSE,FALSE
2761,32,Nigeria,Spotify,Free,EDM,The Weeknd,141,41,8,24.3,FALSE,Workout,TRUE,FALSE
2762,39,Australia,Spotify,Family,Jazz,SZA,141,36,5,29.4,TRUE,Happy,FALSE,TRUE
2763,34,India,Apple Music,Free,Lo-fi,Burna Boy,109,18,3,40.4,FALSE,Focus,TRUE,FALSE
2764,32,Brazil,Spotify,Free,Pop,SZA,48,14,9,25.8,FALSE,Party,FALSE,FALSE
2765,39,France,Apple Music,Free,EDM,Travis Scott,132,30,17,25.4,TRUE,Chill,FALSE,FALSE
2766,27,Japan,Spotify,Free,Classical,Drake,174,45,11,7.5,TRUE,Party,TRUE,FALSE
2767,13,Australia,Amazon Music,Free,Jazz,Billie Eilish,176,49,8,48.3,TRUE,Chill,TRUE,FALSE
2768,22,USA,Spotify,Free,Lo-fi,Travis Scott,57,25,11,34.7,FALSE,Sleep,FALSE,FALSE
2769,32,USA,Apple Music,Premium,Indie,BTS,76,18,14,28.4,TRUE,Sleep,FALSE,TRUE
2770,22,Japan,Spotify,Free,EDM,Travis Scott,262,80,9,20.2,TRUE,Energetic,TRUE,FALSE
2771,26,Japan,Spotify,Premium,Hip-Hop,Bad Bunny,69,21,15,38.5,FALSE,Energetic,FALSE,FALSE
2772,13,Japan,Apple Music,Premium,EDM,BTS,107,25,14,42.4,FALSE,Workout,FALSE,TRUE
2773,53,Australia,Spotify,Student,R&B,SZA,69,13,9,23.1,TRUE,Sleep,TRUE,FALSE
2774,33,Brazil,YouTube Music,Premium,K-Pop,BTS,250,71,8,26.6,TRUE,Chill,FALSE,FALSE
2775,37,Nigeria,Spotify,Premium,Afrobeats,The Weeknd,161,47,7,36.7,FALSE,Sleep,FALSE,FALSE
2776,43,UK,YouTube Music,Student,R&B,Kendrick Lamar,103,38,5,20.5,FALSE,Party,FALSE,FALSE
2777,13,Canada,Amazon Music,Family,Classical,Olivia Rodrigo,117,29,5,10,TRUE,Happy,FALSE,TRUE
2778,30,Australia,YouTube Music,Free,Jazz,The Weeknd,49,23,9,21.3,TRUE,Workout,FALSE,TRUE
2779,25,France,Spotify,Family,K-Pop,Kendrick Lamar,179,51,9,40.6,TRUE,Sleep,TRUE,FALSE
2780,26,India,Tidal,Free,Hip-Hop,Ariana Grande,28,13,13,18.3,TRUE,Sad,FALSE,FALSE
2781,24,Canada,YouTube Music,Student,Hip-Hop,Kendrick Lamar,74,21,16,21.9,FALSE,Chill,FALSE,TRUE
2782,27,Canada,Amazon Music,Premium,Rock,SZA,156,45,9,19.4,FALSE,Happy,FALSE,TRUE
2783,25,Japan,Spotify,Free,Rock,Taylor Swift,36,1,12,14.1,FALSE,Sleep,FALSE,TRUE
2784,35,Japan,SoundCloud,Free,EDM,Burna Boy,43,16,13,24.2,TRUE,Sad,FALSE,TRUE
2785,24,France,SoundCloud,Free,Pop,Kendrick Lamar,286,71,10,12.9,TRUE,Focus,FALSE,FALSE
2786,23,France,Spotify,Premium,Hip-Hop,The Weeknd,90,36,7,42.3,TRUE,Focus,TRUE,TRUE
2787,13,Japan,SoundCloud,Free,Pop,Burna Boy,228,65,5,25.3,TRUE,Chill,FALSE,TRUE
2788,33,USA,Spotify,Free,Pop,Travis Scott,116,32,7,15.1,TRUE,Energetic,TRUE,TRUE
2789,27,France,SoundCloud,Premium,Rock,Dua Lipa,57,15,11,18.5,FALSE,Party,TRUE,TRUE
2790,17,Canada,Spotify,Free,R&B,Drake,71,23,15,15.8,FALSE,Happy,TRUE,TRUE
2791,38,Brazil,YouTube Music,Free,Afrobeats,SZA,35,1,13,11.5,TRUE,Sad,FALSE,TRUE
2792,13,India,Amazon Music,Premium,Rock,Bad Bunny,63,13,11,55.6,TRUE,Sad,FALSE,FALSE
2793,46,France,Spotify,Free,Pop,Dua Lipa,96,26,6,5.5,FALSE,Focus,FALSE,TRUE
2794,22,Japan,Amazon Music,Free,Pop,The Weeknd,173,46,6,25.5,TRUE,Sad,FALSE,FALSE
2795,36,Germany,Apple Music,Free,Pop,Taylor Swift,140,37,10,38.4,TRUE,Chill,TRUE,FALSE
2796,33,Canada,Spotify,Premium,Pop,Billie Eilish,62,10,10,37.1,TRUE,Focus,FALSE,FALSE
2797,25,France,Apple Music,Family,Rock,Billie Eilish,226,65,10,43.7,TRUE,Energetic,FALSE,FALSE
2798,19,Nigeria,Spotify,Family,Hip-Hop,Drake,49,18,9,23.5,TRUE,Chill,TRUE,TRUE
2799,34,India,SoundCloud,Free,Classical,BTS,47,18,11,16.2,TRUE,Happy,FALSE,TRUE
2800,29,Australia,Apple Music,Free,Afrobeats,Billie Eilish,96,33,10,20.3,FALSE,Energetic,FALSE,FALSE
2801,23,Brazil,Apple Music,Free,EDM,SZA,226,60,1,17.1,TRUE,Happy,TRUE,TRUE
2802,29,Germany,YouTube Music,Premium,Hip-Hop,Ariana Grande,95,35,9,18.1,FALSE,Workout,FALSE,FALSE
2803,31,Germany,Spotify,Student,Classical,BTS,149,37,8,44.9,TRUE,Sad,TRUE,TRUE
2804,39,Japan,Apple Music,Free,EDM,The Weeknd,82,21,15,16.2,TRUE,Energetic,TRUE,FALSE
2805,26,India,Spotify,Free,R&B,Tyler the Creator,138,28,6,16,FALSE,Chill,FALSE,TRUE
2806,32,India,Apple Music,Free,K-Pop,Burna Boy,194,55,8,23.3,TRUE,Sad,TRUE,TRUE
2807,29,Germany,Spotify,Premium,Hip-Hop,Drake,125,39,12,41.1,TRUE,Energetic,FALSE,TRUE
2808,26,Nigeria,YouTube Music,Student,R&B,SZA,188,51,12,37.1,TRUE,Party,TRUE,TRUE
2809,37,Brazil,Spotify,Free,EDM,Dua Lipa,42,11,8,33.3,TRUE,Happy,FALSE,FALSE
2810,27,France,Spotify,Free,Lo-fi,BTS,78,25,10,20.1,TRUE,Party,TRUE,TRUE
2811,22,Nigeria,YouTube Music,Free,Rock,BTS,98,27,6,8.2,TRUE,Party,FALSE,FALSE
2812,18,Australia,Spotify,Family,Rock,BTS,150,44,10,15.5,TRUE,Chill,FALSE,TRUE
2813,24,Canada,YouTube Music,Free,Hip-Hop,Kendrick Lamar,64,25,14,29,FALSE,Energetic,TRUE,FALSE
2814,27,France,Apple Music,Free,Country,Taylor Swift,200,60,14,17.2,TRUE,Workout,TRUE,FALSE
2815,32,India,Spotify,Family,Pop,Tyler the Creator,56,14,10,39.7,TRUE,Party,TRUE,FALSE
2816,21,UK,Apple Music,Free,Pop,Burna Boy,359,101,9,27.6,FALSE,Sleep,TRUE,TRUE
2817,36,Canada,Spotify,Free,Rock,The Weeknd,192,58,7,36.8,TRUE,Sad,FALSE,TRUE
2818,25,USA,Apple Music,Free,Hip-Hop,SZA,427,118,6,26.2,FALSE,Sleep,FALSE,FALSE
2819,32,Australia,YouTube Music,Family,Classical,Dua Lipa,200,57,8,14.6,FALSE,Focus,TRUE,FALSE
2820,16,Japan,Apple Music,Free,Pop,Bad Bunny,90,27,13,17.6,FALSE,Party,FALSE,TRUE
2821,22,Brazil,Apple Music,Student,R&B,Taylor Swift,36,16,8,13.3,FALSE,Workout,FALSE,FALSE
2822,16,France,YouTube Music,Free,Indie,Olivia Rodrigo,124,36,13,6.4,TRUE,Chill,FALSE,TRUE
2823,37,UK,Spotify,Premium,K-Pop,Billie Eilish,107,35,9,19.7,TRUE,Party,TRUE,FALSE
2824,21,Nigeria,Apple Music,Premium,K-Pop,Olivia Rodrigo,127,34,4,14.5,TRUE,Sad,FALSE,FALSE
2825,28,Japan,Apple Music,Premium,EDM,Taylor Swift,46,14,11,18.6,TRUE,Chill,TRUE,FALSE
2826,32,Nigeria,Apple Music,Free,Rock,Kendrick Lamar,130,35,7,11.2,FALSE,Sad,TRUE,FALSE
2827,18,USA,Amazon Music,Family,Hip-Hop,Billie Eilish,85,24,8,39.3,TRUE,Focus,FALSE,FALSE
2828,13,Nigeria,SoundCloud,Premium,Pop,Tyler the Creator,138,39,10,30.1,FALSE,Chill,FALSE,FALSE
2829,26,Japan,Spotify,Premium,Rock,Tyler the Creator,33,14,5,33.5,TRUE,Happy,TRUE,TRUE
2830,16,Australia,Apple Music,Free,Hip-Hop,Dua Lipa,38,14,9,15.5,FALSE,Party,FALSE,TRUE
2831,27,Canada,SoundCloud,Free,EDM,Dua Lipa,342,96,10,19.5,TRUE,Focus,FALSE,FALSE
2832,24,Nigeria,YouTube Music,Free,Hip-Hop,The Weeknd,96,17,9,21.7,TRUE,Workout,FALSE,FALSE
2833,27,Canada,YouTube Music,Student,Lo-fi,The Weeknd,52,21,5,26.8,TRUE,Focus,FALSE,FALSE
2834,29,Japan,Tidal,Free,Afrobeats,SZA,91,16,7,39.5,TRUE,Sad,FALSE,FALSE
2835,34,Australia,Apple Music,Free,R&B,SZA,331,93,12,15.3,TRUE,Energetic,FALSE,FALSE
2836,27,USA,Amazon Music,Free,Afrobeats,Ariana Grande,93,25,14,41.7,TRUE,Happy,FALSE,TRUE
2837,40,USA,Amazon Music,Student,Indie,Billie Eilish,255,77,8,25.8,TRUE,Workout,FALSE,TRUE
2838,35,India,Spotify,Student,Pop,Travis Scott,285,86,8,19.7,TRUE,Sleep,TRUE,FALSE
2839,35,Nigeria,Spotify,Free,Lo-fi,Burna Boy,94,22,8,33.4,TRUE,Focus,FALSE,FALSE
2840,27,Germany,Apple Music,Free,Pop,Kendrick Lamar,94,27,8,41.7,FALSE,Focus,TRUE,TRUE
2841,29,Japan,Tidal,Family,Country,Drake,186,51,8,6.8,FALSE,Chill,FALSE,FALSE
2842,22,Nigeria,Spotify,Student,Indie,SZA,182,48,9,26.8,TRUE,Energetic,TRUE,FALSE
2843,35,Canada,Amazon Music,Family,K-Pop,The Weeknd,73,16,10,14.7,TRUE,Focus,FALSE,FALSE
2844,26,USA,YouTube Music,Premium,EDM,Bad Bunny,135,36,12,12.9,TRUE,Chill,TRUE,FALSE
2845,22,Brazil,Spotify,Family,Pop,Dua Lipa,152,41,8,34.7,FALSE,Energetic,FALSE,FALSE
2846,22,France,Spotify,Premium,Rock,Bad Bunny,103,37,8,36.2,TRUE,Chill,TRUE,FALSE
2847,20,UK,Spotify,Family,Pop,Travis Scott,35,19,16,23.8,TRUE,Party,TRUE,FALSE
2848,26,India,Spotify,Free,Indie,Dua Lipa,76,15,9,30.1,TRUE,Workout,TRUE,FALSE
2849,27,UK,YouTube Music,Premium,Rock,The Weeknd,137,39,9,15.9,FALSE,Chill,TRUE,FALSE
2850,20,USA,Apple Music,Family,Pop,Ariana Grande,57,14,8,31.6,FALSE,Focus,FALSE,TRUE
2851,41,France,Apple Music,Premium,Indie,Drake,21,3,9,37.7,TRUE,Party,TRUE,FALSE
2852,18,Nigeria,Spotify,Student,R&B,The Weeknd,224,71,5,17.2,TRUE,Sleep,FALSE,FALSE
2853,20,France,Spotify,Student,Country,Ariana Grande,90,29,8,22.8,TRUE,Chill,FALSE,FALSE
2854,26,France,YouTube Music,Premium,Afrobeats,Ariana Grande,151,44,7,17.7,TRUE,Workout,FALSE,FALSE
2855,22,Brazil,Spotify,Free,Lo-fi,Olivia Rodrigo,118,31,11,53.8,TRUE,Sad,FALSE,FALSE
2856,26,India,SoundCloud,Free,Rock,Tyler the Creator,87,30,14,12.8,TRUE,Workout,FALSE,TRUE
2857,25,Australia,Spotify,Family,Hip-Hop,The Weeknd,275,80,6,26.9,FALSE,Chill,FALSE,TRUE
2858,37,Brazil,YouTube Music,Premium,Pop,BTS,123,36,7,21.3,TRUE,Happy,TRUE,TRUE
2859,17,Germany,SoundCloud,Family,Hip-Hop,The Weeknd,80,16,9,24,FALSE,Party,FALSE,TRUE
2860,27,India,Spotify,Free,R&B,Bad Bunny,120,32,2,52.6,FALSE,Workout,FALSE,FALSE
2861,43,Germany,Spotify,Family,Pop,Burna Boy,69,17,14,20.5,TRUE,Sad,FALSE,TRUE
2862,35,UK,Apple Music,Free,EDM,Ariana Grande,68,14,12,19.1,TRUE,Workout,TRUE,FALSE
2863,20,India,SoundCloud,Premium,Lo-fi,Tyler the Creator,117,45,10,19.2,FALSE,Workout,FALSE,TRUE
2864,38,Japan,Spotify,Premium,Classical,Taylor Swift,148,36,9,50.6,FALSE,Workout,TRUE,FALSE
2865,36,France,Tidal,Free,Afrobeats,Taylor Swift,143,48,9,34.6,TRUE,Chill,TRUE,TRUE
2866,27,Canada,Spotify,Premium,Indie,Travis Scott,250,68,8,14.1,FALSE,Sleep,FALSE,FALSE
2867,34,Australia,Spotify,Student,R&B,BTS,117,29,9,30,FALSE,Focus,FALSE,TRUE
2868,28,Germany,Spotify,Free,Rock,Travis Scott,89,27,13,20.8,FALSE,Sleep,FALSE,FALSE
2869,29,Nigeria,Spotify,Free,Hip-Hop,Ariana Grande,153,41,10,35.3,TRUE,Sad,FALSE,FALSE
2870,45,France,Amazon Music,Free,Pop,SZA,87,31,6,22.9,FALSE,Happy,FALSE,FALSE
2871,35,Japan,Apple Music,Premium,Pop,Ariana Grande,53,14,7,26.2,TRUE,Party,TRUE,TRUE
2872,31,UK,Apple Music,Premium,Hip-Hop,Burna Boy,26,1,3,19.5,TRUE,Happy,TRUE,TRUE
2873,30,Nigeria,YouTube Music,Student,Hip-Hop,Drake,250,69,11,45.2,FALSE,Sad,FALSE,TRUE
2874,13,Australia,Spotify,Family,Pop,Kendrick Lamar,150,45,9,21.7,FALSE,Sleep,FALSE,FALSE
2875,23,India,YouTube Music,Free,Pop,Taylor Swift,192,50,7,16.6,TRUE,Happy,FALSE,FALSE
2876,14,USA,Amazon Music,Family,EDM,Ariana Grande,140,45,11,47,TRUE,Energetic,FALSE,FALSE
2877,32,UK,Spotify,Family,EDM,Kendrick Lamar,95,25,6,29.8,FALSE,Focus,FALSE,TRUE
2878,38,UK,Apple Music,Premium,Lo-fi,Dua Lipa,145,30,8,3.8,TRUE,Workout,FALSE,TRUE
2879,34,Nigeria,Spotify,Student,EDM,SZA,88,31,14,32.7,TRUE,Workout,FALSE,TRUE
2880,37,India,Spotify,Free,Rock,Olivia Rodrigo,67,16,6,27.8,FALSE,Sleep,TRUE,FALSE
2881,25,Germany,Spotify,Premium,Hip-Hop,Burna Boy,66,12,14,32.3,FALSE,Chill,FALSE,TRUE
2882,23,UK,Spotify,Student,Indie,Taylor Swift,119,26,9,22.7,TRUE,Party,FALSE,FALSE
2883,49,Germany,Spotify,Free,Rock,Travis Scott,83,24,7,17.9,TRUE,Energetic,FALSE,TRUE
2884,15,Brazil,YouTube Music,Premium,R&B,Kendrick Lamar,24,11,5,19.4,TRUE,Sad,FALSE,TRUE
2885,25,Germany,YouTube Music,Premium,Hip-Hop,Kendrick Lamar,293,77,9,13.9,TRUE,Party,FALSE,FALSE
2886,22,Nigeria,Tidal,Student,Hip-Hop,Olivia Rodrigo,131,36,11,34,TRUE,Sad,FALSE,TRUE
2887,17,Germany,Amazon Music,Free,Indie,Dua Lipa,100,24,9,12.8,FALSE,Happy,FALSE,TRUE
2888,29,France,Spotify,Free,Pop,Drake,86,29,9,30.2,FALSE,Energetic,TRUE,TRUE
2889,13,USA,Spotify,Premium,Hip-Hop,Billie Eilish,19,1,6,27.6,TRUE,Energetic,FALSE,FALSE
2890,19,Nigeria,YouTube Music,Free,Jazz,Bad Bunny,268,77,9,9,FALSE,Sleep,TRUE,TRUE
2891,34,France,Apple Music,Premium,K-Pop,Billie Eilish,48,15,10,31.8,TRUE,Chill,TRUE,FALSE
2892,30,UK,Amazon Music,Premium,Afrobeats,Taylor Swift,142,38,11,22.5,FALSE,Chill,TRUE,FALSE
2893,20,Nigeria,Spotify,Family,EDM,Travis Scott,217,57,7,28.9,FALSE,Chill,TRUE,TRUE
2894,25,Germany,Amazon Music,Premium,Pop,Kendrick Lamar,168,44,17,17,TRUE,Sad,FALSE,FALSE
2895,44,UK,SoundCloud,Free,Jazz,Burna Boy,109,33,7,27.5,FALSE,Chill,TRUE,TRUE
2896,42,Australia,Tidal,Premium,R&B,The Weeknd,44,8,8,42.7,TRUE,Sad,TRUE,TRUE
2897,34,Japan,Apple Music,Free,Indie,Billie Eilish,222,64,7,22.1,TRUE,Happy,FALSE,FALSE
2898,21,Nigeria,Apple Music,Free,Pop,The Weeknd,223,65,6,32.9,FALSE,Happy,TRUE,TRUE
2899,33,Canada,Amazon Music,Free,Pop,BTS,96,30,7,42.7,TRUE,Party,FALSE,TRUE
2900,34,USA,YouTube Music,Premium,Afrobeats,BTS,228,65,10,27.9,FALSE,Sad,TRUE,FALSE
2901,23,Australia,Spotify,Free,Afrobeats,Kendrick Lamar,223,61,7,25.3,FALSE,Happy,FALSE,TRUE
2902,37,Canada,YouTube Music,Premium,Hip-Hop,Olivia Rodrigo,33,9,7,52.5,TRUE,Happy,FALSE,TRUE
2903,21,Germany,SoundCloud,Family,Pop,Olivia Rodrigo,115,33,12,37.6,TRUE,Party,TRUE,TRUE
2904,34,UK,Tidal,Family,Indie,SZA,183,43,9,31,FALSE,Focus,FALSE,FALSE
2905,27,India,SoundCloud,Premium,Hip-Hop,Tyler the Creator,97,32,4,12.7,TRUE,Chill,FALSE,TRUE
2906,31,India,Spotify,Free,Indie,Burna Boy,47,13,8,27.5,FALSE,Happy,FALSE,FALSE
2907,34,Brazil,Tidal,Free,Hip-Hop,BTS,21,10,7,23.6,TRUE,Happy,FALSE,TRUE
2908,28,Nigeria,Apple Music,Family,Classical,Travis Scott,230,74,8,38.6,FALSE,Focus,FALSE,TRUE
2909,39,Japan,Tidal,Free,Classical,Dua Lipa,123,38,4,34.3,FALSE,Sad,TRUE,TRUE
2910,52,Australia,Amazon Music,Free,Indie,Billie Eilish,55,14,13,17.3,TRUE,Focus,FALSE,TRUE
2911,35,USA,Spotify,Free,Rock,Bad Bunny,83,23,9,11.8,FALSE,Party,FALSE,TRUE
2912,20,USA,YouTube Music,Free,Rock,Billie Eilish,297,88,7,26.9,TRUE,Workout,FALSE,TRUE
2913,17,Nigeria,Spotify,Free,Lo-fi,Taylor Swift,108,26,7,26.9,FALSE,Workout,FALSE,TRUE
2914,13,USA,YouTube Music,Free,R&B,Bad Bunny,171,50,13,33.4,TRUE,Sad,FALSE,TRUE
2915,33,India,Spotify,Premium,R&B,Bad Bunny,95,21,9,24,TRUE,Happy,TRUE,FALSE
2916,30,Nigeria,YouTube Music,Free,Country,Ariana Grande,308,84,9,24.9,TRUE,Chill,TRUE,FALSE
2917,42,France,Spotify,Premium,Hip-Hop,Olivia Rodrigo,87,18,8,16.5,TRUE,Focus,FALSE,TRUE
2918,13,Canada,Spotify,Premium,R&B,Tyler the Creator,196,56,9,23.7,FALSE,Workout,FALSE,TRUE
2919,20,Australia,Spotify,Premium,Lo-fi,SZA,73,25,11,31.1,FALSE,Energetic,TRUE,FALSE
2920,20,Brazil,YouTube Music,Free,Pop,Burna Boy,167,42,6,25.5,FALSE,Workout,TRUE,FALSE
2921,41,UK,YouTube Music,Student,Classical,Olivia Rodrigo,61,18,8,32.8,FALSE,Sleep,FALSE,FALSE
2922,31,Canada,Apple Music,Student,EDM,BTS,122,28,7,35.7,TRUE,Workout,TRUE,TRUE
2923,13,USA,YouTube Music,Premium,Jazz,Taylor Swift,291,79,7,23.5,FALSE,Sleep,TRUE,TRUE
2924,21,Nigeria,Spotify,Family,Indie,Taylor Swift,198,50,6,37.5,TRUE,Chill,FALSE,TRUE
2925,22,Australia,Tidal,Premium,Indie,Burna Boy,32,17,9,45.3,FALSE,Chill,FALSE,TRUE
2926,43,Japan,Spotify,Family,R&B,Bad Bunny,211,58,10,21.9,TRUE,Party,FALSE,TRUE
2927,36,Australia,Apple Music,Family,EDM,Kendrick Lamar,25,5,5,27.8,FALSE,Party,TRUE,FALSE
2928,27,USA,YouTube Music,Free,Rock,BTS,106,32,14,31.7,FALSE,Energetic,FALSE,TRUE
2929,30,UK,Spotify,Family,Hip-Hop,BTS,85,21,16,45.1,FALSE,Party,TRUE,TRUE
2930,16,UK,Amazon Music,Free,Lo-fi,The Weeknd,38,12,5,19.5,TRUE,Energetic,FALSE,TRUE
2931,29,Brazil,Spotify,Premium,Hip-Hop,Dua Lipa,177,44,6,30.3,TRUE,Sleep,TRUE,TRUE
2932,26,Canada,Spotify,Free,Country,Ariana Grande,162,39,10,33.8,TRUE,Focus,TRUE,FALSE
2933,43,Canada,Spotify,Premium,EDM,Tyler the Creator,110,23,8,16.8,TRUE,Sad,TRUE,TRUE
2934,27,Australia,Apple Music,Free,Indie,Billie Eilish,145,39,11,15.6,TRUE,Focus,FALSE,FALSE
2935,27,USA,Apple Music,Premium,R&B,Ariana Grande,330,103,8,18.4,TRUE,Focus,FALSE,FALSE
2936,17,USA,Spotify,Student,Hip-Hop,Bad Bunny,197,53,10,40.7,FALSE,Sad,FALSE,FALSE
2937,13,Nigeria,Apple Music,Premium,EDM,Olivia Rodrigo,212,55,11,30.1,FALSE,Sleep,FALSE,FALSE
2938,20,Brazil,Spotify,Free,R&B,Burna Boy,182,55,11,16,TRUE,Chill,TRUE,TRUE
2939,26,USA,Spotify,Premium,R&B,Dua Lipa,74,20,14,26.9,FALSE,Workout,FALSE,TRUE
2940,23,USA,Apple Music,Premium,Pop,Burna Boy,102,31,9,16.3,TRUE,Chill,TRUE,TRUE
2941,35,Brazil,YouTube Music,Premium,Jazz,Tyler the Creator,112,33,10,14.8,TRUE,Focus,FALSE,TRUE
2942,21,Australia,Spotify,Premium,Country,Ariana Grande,121,34,15,39,FALSE,Sleep,TRUE,FALSE
2943,29,Germany,Apple Music,Premium,Pop,Ariana Grande,57,17,6,24.8,TRUE,Sad,TRUE,FALSE
2944,29,UK,YouTube Music,Free,R&B,Kendrick Lamar,123,32,7,29.7,TRUE,Energetic,FALSE,TRUE
2945,31,Brazil,Spotify,Premium,R&B,Olivia Rodrigo,20,8,2,41.9,FALSE,Chill,TRUE,TRUE
2946,24,India,Amazon Music,Premium,Rock,Drake,126,41,8,7.8,TRUE,Happy,TRUE,FALSE
2947,40,Brazil,Spotify,Premium,Indie,Dua Lipa,73,22,7,36.3,TRUE,Sad,FALSE,TRUE
2948,27,France,Apple Music,Free,R&B,Ariana Grande,69,33,12,33.3,TRUE,Energetic,FALSE,FALSE
2949,33,Brazil,Spotify,Premium,Pop,Billie Eilish,9,1,13,12.1,FALSE,Sleep,TRUE,TRUE
2950,49,Japan,Spotify,Free,Afrobeats,SZA,103,27,12,17.7,TRUE,Sleep,FALSE,TRUE
2951,20,Nigeria,Spotify,Free,R&B,Olivia Rodrigo,183,44,13,8.7,FALSE,Focus,TRUE,FALSE
2952,24,UK,Spotify,Student,Hip-Hop,Taylor Swift,78,25,11,28.6,TRUE,Sad,TRUE,FALSE
2953,17,India,Amazon Music,Free,EDM,The Weeknd,241,70,6,44.4,TRUE,Workout,TRUE,FALSE
2954,27,Nigeria,Amazon Music,Free,Classical,BTS,24,6,9,29.8,TRUE,Happy,FALSE,TRUE
2955,34,Nigeria,Spotify,Free,EDM,SZA,27,14,7,29.2,FALSE,Focus,FALSE,TRUE
2956,17,Brazil,Spotify,Premium,Rock,Kendrick Lamar,172,46,17,26.2,TRUE,Party,FALSE,TRUE
2957,30,Germany,SoundCloud,Premium,EDM,Tyler the Creator,39,14,6,53.8,TRUE,Energetic,TRUE,FALSE
2958,40,Canada,Spotify,Premium,Indie,Taylor Swift,250,69,8,13.2,TRUE,Sad,TRUE,FALSE
2959,36,Nigeria,YouTube Music,Free,Rock,SZA,87,18,5,36.9,TRUE,Happy,TRUE,TRUE
2960,44,France,Spotify,Free,Rock,Taylor Swift,128,44,13,39.9,FALSE,Sad,FALSE,TRUE
2961,14,France,Spotify,Free,Hip-Hop,Burna Boy,53,20,17,30.5,TRUE,Workout,FALSE,TRUE
2962,34,Brazil,Apple Music,Free,Afrobeats,Dua Lipa,293,91,6,7.5,FALSE,Sad,FALSE,FALSE
2963,25,Japan,Spotify,Free,Pop,Travis Scott,84,30,10,9.2,TRUE,Happy,FALSE,TRUE
2964,25,UK,SoundCloud,Free,R&B,Drake,68,26,3,32.5,TRUE,Chill,TRUE,TRUE
2965,22,France,Spotify,Premium,R&B,Billie Eilish,151,46,8,28.8,TRUE,Chill,FALSE,TRUE
2966,30,Brazil,SoundCloud,Student,Indie,Drake,63,15,6,38.6,TRUE,Energetic,FALSE,FALSE
2967,30,Brazil,Spotify,Free,Pop,Bad Bunny,67,37,11,23.4,TRUE,Focus,FALSE,FALSE
2968,26,Canada,Spotify,Free,EDM,The Weeknd,360,100,9,36.3,FALSE,Sleep,TRUE,FALSE
2969,14,Nigeria,Spotify,Free,R&B,Travis Scott,63,22,10,36.3,TRUE,Party,FALSE,TRUE
2970,35,Nigeria,Spotify,Free,Country,Taylor Swift,287,77,7,24,FALSE,Happy,FALSE,TRUE
2971,29,India,Apple Music,Premium,Hip-Hop,Ariana Grande,244,65,9,13.3,FALSE,Energetic,FALSE,TRUE
2972,21,India,Spotify,Premium,Indie,Bad Bunny,113,33,9,36,FALSE,Happy,TRUE,TRUE
2973,29,USA,Spotify,Premium,Pop,Drake,78,10,4,24.3,TRUE,Sad,FALSE,FALSE
2974,23,Australia,Spotify,Free,Indie,Tyler the Creator,246,66,6,26.4,FALSE,Happy,FALSE,FALSE
2975,18,Germany,Spotify,Free,K-Pop,Olivia Rodrigo,181,48,3,0.2,FALSE,Workout,TRUE,TRUE
2976,37,India,Apple Music,Premium,Rock,Dua Lipa,18,7,13,30.5,FALSE,Sad,TRUE,TRUE
2977,16,Japan,Apple Music,Free,Lo-fi,The Weeknd,188,60,17,13,TRUE,Chill,TRUE,FALSE
2978,36,Japan,Apple Music,Free,Rock,Travis Scott,61,24,5,26,FALSE,Party,FALSE,FALSE
2979,28,Canada,Apple Music,Free,Rock,Burna Boy,122,42,9,36.1,TRUE,Energetic,FALSE,FALSE
2980,25,India,Tidal,Family,Hip-Hop,Ariana Grande,60,23,8,20.6,TRUE,Sad,FALSE,TRUE
2981,27,Nigeria,Amazon Music,Family,Country,Travis Scott,25,11,10,32.9,FALSE,Chill,TRUE,TRUE
2982,24,USA,YouTube Music,Free,Pop,Drake,42,12,8,37.7,TRUE,Sleep,TRUE,FALSE
2983,28,Nigeria,YouTube Music,Family,Pop,The Weeknd,66,23,9,20.1,FALSE,Sad,TRUE,FALSE
2984,13,Brazil,YouTube Music,Student,Pop,Olivia Rodrigo,243,71,9,0,FALSE,Chill,TRUE,FALSE
2985,35,India,Spotify,Student,Rock,Ariana Grande,177,47,9,24.2,TRUE,Happy,FALSE,FALSE
2986,45,USA,Spotify,Free,Classical,Billie Eilish,355,97,11,28.6,FALSE,Happy,TRUE,TRUE
2987,25,Germany,Spotify,Premium,K-Pop,Ariana Grande,175,54,10,39.9,TRUE,Sad,FALSE,TRUE
2988,25,Canada,YouTube Music,Premium,EDM,Drake,145,41,5,21.5,FALSE,Focus,TRUE,FALSE
2989,27,Japan,Spotify,Student,Lo-fi,The Weeknd,89,25,8,45.6,TRUE,Chill,FALSE,FALSE
2990,28,UK,Spotify,Premium,Lo-fi,Kendrick Lamar,51,20,7,25.3,TRUE,Energetic,TRUE,TRUE
2991,20,UK,Spotify,Free,Pop,The Weeknd,25,11,4,24.4,FALSE,Energetic,FALSE,FALSE
2992,23,UK,Apple Music,Free,Hip-Hop,Olivia Rodrigo,127,32,4,16.8,FALSE,Sleep,FALSE,TRUE
2993,34,Japan,Apple Music,Family,Hip-Hop,Travis Scott,203,61,8,40.3,FALSE,Workout,FALSE,TRUE
2994,29,India,Tidal,Family,Classical,Travis Scott,122,30,10,22.4,FALSE,Focus,TRUE,FALSE
2995,29,Australia,Apple Music,Premium,Rock,BTS,83,27,4,30.3,TRUE,Party,FALSE,TRUE
2996,32,Canada,Spotify,Family,Rock,Bad Bunny,20,3,7,36.2,FALSE,Sleep,FALSE,FALSE
2997,35,Canada,SoundCloud,Free,Pop,Olivia Rodrigo,27,12,9,39.1,TRUE,Chill,FALSE,TRUE
2998,19,Germany,Spotify,Free,Hip-Hop,Billie Eilish,18,1,6,21,TRUE,Focus,FALSE,FALSE
2999,27,Nigeria,Spotify,Family,Pop,SZA,238,70,10,15.6,TRUE,Party,TRUE,TRUE
3000,41,India,Apple Music,Free,Hip-Hop,Tyler the Creator,90,16,6,15.9,FALSE,Party,FALSE,TRUE
3001,27,Brazil,YouTube Music,Free,Hip-Hop,Burna Boy,35,14,18,26.4,FALSE,Energetic,FALSE,TRUE
3002,36,Australia,Spotify,Premium,Indie,Ariana Grande,77,12,16,37.1,TRUE,Energetic,TRUE,TRUE
3003,52,USA,Spotify,Student,Pop,Drake,97,32,11,36.2,TRUE,Happy,FALSE,TRUE
3004,24,Canada,Spotify,Premium,Lo-fi,Tyler the Creator,51,11,7,53.8,TRUE,Sleep,TRUE,FALSE
3005,23,Nigeria,Apple Music,Free,Rock,SZA,177,52,10,31.4,TRUE,Energetic,FALSE,TRUE
3006,34,Canada,YouTube Music,Free,R&B,SZA,148,42,7,30.7,TRUE,Focus,FALSE,FALSE
3007,17,UK,YouTube Music,Premium,Rock,Taylor Swift,155,43,8,40.2,FALSE,Chill,FALSE,TRUE
3008,37,Australia,Spotify,Free,R&B,Dua Lipa,217,56,6,26.5,TRUE,Party,FALSE,FALSE
3009,45,USA,Amazon Music,Free,Rock,Ariana Grande,128,41,12,40.1,FALSE,Party,FALSE,TRUE
3010,42,France,Apple Music,Free,Hip-Hop,Bad Bunny,117,28,9,35.6,FALSE,Happy,FALSE,FALSE
3011,27,France,YouTube Music,Premium,EDM,Taylor Swift,124,31,13,37.8,TRUE,Happy,TRUE,TRUE
3012,37,Nigeria,Tidal,Free,Jazz,BTS,87,31,10,11.3,FALSE,Energetic,FALSE,TRUE
3013,35,USA,Amazon Music,Free,Rock,Billie Eilish,127,38,12,35.3,TRUE,Party,FALSE,TRUE
3014,22,Nigeria,Spotify,Student,Hip-Hop,SZA,125,33,13,19.8,TRUE,Happy,FALSE,FALSE
3015,23,Brazil,YouTube Music,Free,Hip-Hop,BTS,160,49,9,39.1,FALSE,Sleep,FALSE,FALSE
3016,43,Germany,Spotify,Family,Hip-Hop,The Weeknd,170,45,8,15.8,TRUE,Happy,FALSE,FALSE
3017,23,Australia,Amazon Music,Premium,Classical,Dua Lipa,264,70,12,26.9,TRUE,Workout,FALSE,FALSE
3018,22,Brazil,YouTube Music,Premium,Lo-fi,Ariana Grande,49,9,13,20.1,TRUE,Sleep,TRUE,TRUE
3019,40,Brazil,Spotify,Premium,EDM,Olivia Rodrigo,125,37,8,30.9,TRUE,Sad,FALSE,TRUE
3020,21,UK,YouTube Music,Premium,Pop,Kendrick Lamar,188,62,8,35.2,TRUE,Sleep,TRUE,FALSE
3021,37,Germany,Spotify,Premium,Pop,Olivia Rodrigo,90,24,11,43.3,FALSE,Energetic,TRUE,TRUE
3022,35,Canada,Apple Music,Family,Lo-fi,Travis Scott,59,17,10,19.1,FALSE,Energetic,FALSE,FALSE
3023,37,France,Amazon Music,Free,Pop,The Weeknd,151,45,11,24.6,TRUE,Workout,FALSE,TRUE
3024,34,Brazil,Apple Music,Free,K-Pop,Ariana Grande,61,10,11,44.3,FALSE,Chill,FALSE,TRUE
3025,31,Japan,Amazon Music,Free,Afrobeats,Taylor Swift,11,1,6,39.1,FALSE,Sad,TRUE,FALSE
3026,43,Brazil,Spotify,Free,Hip-Hop,Olivia Rodrigo,212,62,10,48.1,TRUE,Focus,FALSE,FALSE
3027,21,India,Spotify,Premium,Hip-Hop,Burna Boy,24,1,5,42.6,TRUE,Party,TRUE,TRUE
3028,30,UK,SoundCloud,Free,Afrobeats,Kendrick Lamar,150,42,8,14.5,TRUE,Workout,FALSE,TRUE
3029,27,Brazil,Apple Music,Free,Rock,Drake,30,5,8,20.2,TRUE,Sad,TRUE,FALSE
3030,30,India,SoundCloud,Free,Hip-Hop,Tyler the Creator,54,20,13,10.3,TRUE,Sad,TRUE,FALSE
3031,32,Germany,Tidal,Family,Pop,Ariana Grande,141,42,9,24.7,TRUE,Sleep,FALSE,FALSE
3032,18,Canada,Spotify,Free,Hip-Hop,Billie Eilish,103,34,8,42.4,TRUE,Sad,TRUE,FALSE
3033,27,USA,Apple Music,Premium,K-Pop,Olivia Rodrigo,294,80,5,20.4,FALSE,Energetic,FALSE,FALSE
3034,45,India,Tidal,Family,Pop,Travis Scott,134,32,8,34,TRUE,Happy,FALSE,FALSE
3035,40,Germany,YouTube Music,Student,Hip-Hop,The Weeknd,232,66,4,15.7,FALSE,Chill,TRUE,TRUE
3036,23,Germany,Amazon Music,Free,Indie,Bad Bunny,100,28,8,37.3,FALSE,Chill,FALSE,FALSE
3037,34,Australia,Spotify,Free,Indie,BTS,68,18,5,42.5,TRUE,Sad,FALSE,FALSE
3038,30,Australia,Amazon Music,Free,Hip-Hop,Billie Eilish,30,1,7,17.7,TRUE,Workout,FALSE,TRUE
3039,37,UK,Amazon Music,Free,Hip-Hop,Bad Bunny,152,44,12,0.2,TRUE,Party,TRUE,FALSE
3040,31,Canada,YouTube Music,Premium,Pop,Burna Boy,114,32,11,23.2,TRUE,Chill,TRUE,TRUE
3041,27,France,Tidal,Premium,Indie,Drake,157,44,6,0,TRUE,Sad,FALSE,TRUE
3042,21,Australia,Spotify,Premium,K-Pop,Bad Bunny,98,32,10,39.6,TRUE,Sad,FALSE,FALSE
3043,35,Canada,Apple Music,Free,Rock,Burna Boy,229,60,8,40.1,FALSE,Party,FALSE,TRUE
3044,32,Germany,Amazon Music,Free,Hip-Hop,SZA,234,71,11,36.6,TRUE,Chill,FALSE,TRUE
3045,31,Nigeria,Spotify,Free,Country,Billie Eilish,121,38,11,19.3,TRUE,Sleep,FALSE,TRUE
3046,25,Germany,YouTube Music,Premium,R&B,Tyler the Creator,87,24,11,39.1,FALSE,Focus,FALSE,FALSE
3047,30,Canada,Spotify,Student,Classical,Burna Boy,43,12,7,13.8,TRUE,Chill,TRUE,FALSE
3048,34,UK,Spotify,Premium,Hip-Hop,Olivia Rodrigo,42,10,4,8,TRUE,Party,TRUE,FALSE
3049,35,Japan,YouTube Music,Free,K-Pop,Taylor Swift,138,44,7,27.5,FALSE,Happy,TRUE,TRUE
3050,18,UK,YouTube Music,Free,Country,Tyler the Creator,128,32,8,11.5,TRUE,Focus,FALSE,FALSE
3051,21,UK,Apple Music,Premium,Indie,Travis Scott,83,31,10,32,TRUE,Party,FALSE,FALSE
3052,42,Brazil,Spotify,Premium,Hip-Hop,Tyler the Creator,57,1,12,40.2,FALSE,Workout,FALSE,FALSE
3053,25,Germany,YouTube Music,Free,Hip-Hop,Bad Bunny,345,95,11,25.9,TRUE,Party,FALSE,TRUE
3054,15,USA,Spotify,Premium,Country,Drake,255,72,7,28.1,FALSE,Party,TRUE,FALSE
3055,13,Brazil,Spotify,Free,Country,Burna Boy,107,30,9,14.3,FALSE,Chill,TRUE,TRUE
3056,32,Canada,Apple Music,Premium,Pop,Bad Bunny,264,86,11,0,TRUE,Focus,FALSE,TRUE
3057,19,France,Spotify,Free,Hip-Hop,Dua Lipa,232,61,9,21.5,FALSE,Sad,FALSE,FALSE
3058,20,India,Spotify,Free,Hip-Hop,BTS,55,19,11,16.7,FALSE,Party,TRUE,TRUE
3059,21,France,YouTube Music,Free,Classical,Taylor Swift,210,48,8,43.5,TRUE,Sad,TRUE,FALSE
3060,13,Germany,Amazon Music,Premium,Pop,Dua Lipa,185,52,7,39.8,TRUE,Workout,FALSE,TRUE
3061,34,Australia,Spotify,Premium,Hip-Hop,Tyler the Creator,225,60,8,14.2,FALSE,Energetic,FALSE,FALSE
3062,46,Australia,Apple Music,Free,Rock,Ariana Grande,183,56,11,18.7,TRUE,Workout,FALSE,TRUE
3063,13,Canada,Spotify,Free,EDM,Tyler the Creator,30,4,13,48.3,FALSE,Happy,TRUE,TRUE
3064,30,UK,Spotify,Free,Indie,Billie Eilish,66,23,4,15.7,FALSE,Happy,TRUE,TRUE
3065,26,Nigeria,Spotify,Free,Indie,BTS,150,46,13,27.7,TRUE,Focus,TRUE,FALSE
3066,38,USA,Spotify,Free,Pop,Bad Bunny,76,32,8,9.5,TRUE,Energetic,TRUE,FALSE
3067,34,France,Spotify,Student,Country,SZA,178,46,12,29.6,TRUE,Chill,TRUE,TRUE
3068,35,Japan,Apple Music,Free,Indie,Drake,84,21,12,47,FALSE,Happy,TRUE,FALSE
3069,15,Nigeria,Tidal,Free,EDM,Taylor Swift,209,54,9,50.2,TRUE,Sad,FALSE,FALSE
3070,28,UK,Amazon Music,Free,Pop,BTS,49,9,10,26.5,FALSE,Sad,FALSE,FALSE
3071,22,Japan,Spotify,Premium,Jazz,Billie Eilish,81,30,9,34.7,TRUE,Sad,FALSE,FALSE
3072,21,India,SoundCloud,Family,Pop,Taylor Swift,22,2,5,43.5,TRUE,Party,TRUE,FALSE
3073,28,Australia,YouTube Music,Premium,R&B,BTS,381,109,11,11.4,TRUE,Energetic,TRUE,TRUE
3074,30,Canada,YouTube Music,Free,Hip-Hop,Billie Eilish,78,25,8,27.8,TRUE,Happy,TRUE,TRUE
3075,38,India,YouTube Music,Student,Lo-fi,SZA,157,42,10,23,TRUE,Workout,TRUE,TRUE
3076,23,India,Apple Music,Premium,Pop,BTS,219,62,8,25.7,TRUE,Happy,FALSE,FALSE
3077,20,USA,Spotify,Free,Lo-fi,Dua Lipa,79,18,10,33.9,FALSE,Focus,TRUE,FALSE
3078,25,UK,Spotify,Free,Hip-Hop,Taylor Swift,129,29,8,22.6,FALSE,Happy,FALSE,TRUE
3079,33,USA,Tidal,Premium,Rock,Burna Boy,77,24,8,45.8,TRUE,Sad,FALSE,TRUE
3080,31,UK,Spotify,Student,Afrobeats,Drake,102,29,8,41.5,FALSE,Workout,TRUE,TRUE
3081,25,Germany,Tidal,Premium,Lo-fi,Dua Lipa,113,35,8,14.3,TRUE,Chill,FALSE,TRUE
3082,28,Canada,Tidal,Free,Lo-fi,Billie Eilish,63,16,7,31.3,FALSE,Workout,FALSE,FALSE
3083,21,Canada,YouTube Music,Free,Indie,Tyler the Creator,61,16,10,29.6,FALSE,Workout,FALSE,FALSE
3084,24,Canada,YouTube Music,Family,Pop,Kendrick Lamar,89,19,7,46.1,TRUE,Party,TRUE,FALSE
3085,26,Nigeria,Spotify,Premium,Pop,Ariana Grande,116,38,10,33.2,TRUE,Sad,FALSE,TRUE
3086,13,Germany,Apple Music,Free,Jazz,Dua Lipa,256,79,10,2.8,FALSE,Happy,TRUE,TRUE
3087,23,Nigeria,Spotify,Free,Rock,Travis Scott,20,5,9,24,FALSE,Happy,TRUE,FALSE
3088,18,France,Spotify,Free,Rock,BTS,411,114,9,0,FALSE,Workout,FALSE,FALSE
3089,22,UK,Amazon Music,Premium,Indie,Billie Eilish,173,60,2,17.5,TRUE,Chill,TRUE,TRUE
3090,35,Australia,YouTube Music,Premium,R&B,Tyler the Creator,263,69,6,11.8,TRUE,Sleep,TRUE,FALSE
3091,30,France,Spotify,Free,Jazz,Tyler the Creator,52,13,12,16,FALSE,Sleep,FALSE,TRUE
3092,23,USA,Apple Music,Free,Pop,Burna Boy,129,35,9,44.4,TRUE,Sad,TRUE,TRUE
3093,27,Australia,Spotify,Free,Jazz,BTS,125,29,7,36.3,FALSE,Sad,TRUE,TRUE
3094,14,France,YouTube Music,Free,Rock,Tyler the Creator,127,34,8,19.2,FALSE,Workout,FALSE,FALSE
3095,27,Nigeria,Spotify,Premium,R&B,Kendrick Lamar,66,14,10,30.8,TRUE,Happy,FALSE,TRUE
3096,26,USA,Apple Music,Premium,Hip-Hop,BTS,142,42,18,25.5,TRUE,Sad,FALSE,TRUE
3097,25,Germany,Spotify,Premium,R&B,SZA,50,9,7,26.7,FALSE,Workout,TRUE,FALSE
3098,27,Nigeria,Spotify,Free,Afrobeats,Dua Lipa,86,27,6,18.6,FALSE,Workout,FALSE,TRUE
3099,36,Germany,Amazon Music,Free,Hip-Hop,BTS,189,51,7,35.3,TRUE,Sleep,FALSE,FALSE
3100,27,India,Spotify,Premium,Lo-fi,Dua Lipa,73,29,7,33,TRUE,Energetic,FALSE,TRUE
3101,36,USA,YouTube Music,Student,Indie,Billie Eilish,12,2,11,18.7,FALSE,Chill,FALSE,FALSE
3102,36,France,Spotify,Free,Indie,Travis Scott,276,78,10,24.6,TRUE,Workout,TRUE,FALSE
3103,17,UK,Spotify,Student,R&B,Billie Eilish,88,30,6,28.3,TRUE,Sad,FALSE,FALSE
3104,36,Brazil,YouTube Music,Student,Afrobeats,The Weeknd,41,1,8,15.8,TRUE,Workout,FALSE,FALSE
3105,30,Nigeria,Apple Music,Free,EDM,Travis Scott,106,39,5,43.9,TRUE,Happy,FALSE,TRUE
3106,24,Germany,Spotify,Premium,Jazz,Olivia Rodrigo,133,34,6,41.7,TRUE,Focus,TRUE,FALSE
3107,26,France,Spotify,Free,Rock,Dua Lipa,120,40,6,27.5,TRUE,Happy,FALSE,FALSE
3108,36,Canada,Spotify,Family,R&B,Ariana Grande,35,11,13,27.8,FALSE,Energetic,TRUE,TRUE
3109,33,Germany,Spotify,Free,Hip-Hop,SZA,163,44,6,21.9,FALSE,Sleep,TRUE,FALSE
3110,15,UK,YouTube Music,Free,Pop,Kendrick Lamar,387,113,14,35.6,FALSE,Sleep,FALSE,FALSE
3111,22,Australia,Spotify,Free,R&B,Burna Boy,119,35,13,13.3,TRUE,Happy,TRUE,TRUE
3112,19,USA,Apple Music,Family,R&B,Dua Lipa,132,37,10,24.8,TRUE,Party,TRUE,TRUE
3113,19,Australia,Spotify,Premium,EDM,The Weeknd,160,44,9,27.9,TRUE,Party,TRUE,TRUE
3114,20,France,Apple Music,Family,Pop,Drake,123,31,16,38.3,TRUE,Party,FALSE,TRUE
3115,28,Japan,Amazon Music,Free,Rock,Billie Eilish,136,41,9,12.4,FALSE,Energetic,FALSE,FALSE
3116,39,India,Spotify,Free,EDM,Tyler the Creator,122,36,4,34.8,FALSE,Focus,FALSE,FALSE
3117,34,Germany,Spotify,Free,Jazz,Travis Scott,79,25,5,27.8,TRUE,Sad,FALSE,TRUE
3118,30,Germany,Spotify,Free,Jazz,Ariana Grande,43,20,4,2.5,FALSE,Energetic,TRUE,TRUE
3119,26,Australia,SoundCloud,Family,R&B,The Weeknd,107,29,8,32.3,TRUE,Happy,FALSE,FALSE
3120,28,Nigeria,Apple Music,Student,Pop,Travis Scott,173,46,11,37.1,TRUE,Sad,TRUE,FALSE
3121,28,Nigeria,Apple Music,Family,Pop,The Weeknd,295,81,4,42.7,FALSE,Happy,FALSE,FALSE
3122,33,Nigeria,Spotify,Premium,Hip-Hop,Kendrick Lamar,136,32,6,30.1,TRUE,Sleep,FALSE,FALSE
3123,34,France,YouTube Music,Premium,K-Pop,Bad Bunny,96,34,14,14.3,FALSE,Party,TRUE,TRUE
3124,36,India,Tidal,Free,EDM,Dua Lipa,10,3,8,30.4,FALSE,Chill,TRUE,FALSE
3125,27,Canada,SoundCloud,Free,EDM,BTS,176,49,10,18.5,TRUE,Happy,FALSE,FALSE
3126,17,Australia,Spotify,Premium,R&B,Taylor Swift,13,1,8,28.7,TRUE,Workout,FALSE,TRUE
3127,25,Germany,YouTube Music,Free,Indie,Travis Scott,304,82,11,17.3,TRUE,Sad,FALSE,FALSE
3128,28,Brazil,Tidal,Free,Pop,Kendrick Lamar,18,5,8,49.7,FALSE,Party,TRUE,FALSE
3129,13,Japan,Apple Music,Free,Pop,Bad Bunny,64,16,7,46,TRUE,Happy,TRUE,TRUE
3130,13,Canada,Spotify,Free,Hip-Hop,Olivia Rodrigo,185,58,8,23.1,FALSE,Party,TRUE,TRUE
3131,19,Japan,Spotify,Free,Rock,Travis Scott,28,5,7,34.4,TRUE,Focus,TRUE,TRUE
3132,26,UK,Spotify,Free,Indie,Dua Lipa,208,55,10,5,TRUE,Focus,FALSE,FALSE
3133,19,USA,Spotify,Free,Pop,Kendrick Lamar,113,38,10,30.2,TRUE,Chill,FALSE,FALSE
3134,20,Brazil,YouTube Music,Free,Rock,The Weeknd,30,1,5,13,TRUE,Chill,TRUE,TRUE
3135,13,Australia,Spotify,Free,Lo-fi,Olivia Rodrigo,113,28,1,27.2,FALSE,Chill,FALSE,FALSE
3136,25,Australia,YouTube Music,Free,Indie,Ariana Grande,139,38,8,34,TRUE,Party,TRUE,FALSE
3137,29,Nigeria,Apple Music,Premium,R&B,Billie Eilish,183,56,10,23,TRUE,Workout,TRUE,TRUE
3138,28,UK,Spotify,Free,Indie,Dua Lipa,116,37,11,12,FALSE,Workout,TRUE,TRUE
3139,26,Germany,Tidal,Premium,Pop,Bad Bunny,73,26,13,42.1,TRUE,Sad,TRUE,TRUE
3140,13,Canada,YouTube Music,Premium,Pop,Tyler the Creator,58,12,8,24.5,TRUE,Focus,FALSE,TRUE
3141,34,Brazil,Spotify,Free,Indie,BTS,60,20,8,43.8,FALSE,Party,TRUE,FALSE
3142,32,Nigeria,Apple Music,Free,Afrobeats,SZA,89,26,11,47.5,TRUE,Happy,TRUE,FALSE
3143,26,Brazil,SoundCloud,Premium,Indie,Olivia Rodrigo,127,31,10,44.1,FALSE,Sleep,FALSE,TRUE
3144,22,India,Apple Music,Free,R&B,Billie Eilish,107,35,14,25.4,TRUE,Focus,FALSE,FALSE
3145,21,Canada,Spotify,Free,Hip-Hop,Drake,207,60,9,9.1,FALSE,Sleep,TRUE,FALSE
3146,18,Australia,SoundCloud,Family,K-Pop,Drake,72,21,9,44.8,FALSE,Sleep,FALSE,FALSE
3147,24,Nigeria,Amazon Music,Free,K-Pop,Olivia Rodrigo,47,12,8,44.8,TRUE,Chill,FALSE,TRUE
3148,14,Japan,Amazon Music,Family,Pop,Tyler the Creator,71,21,16,32.7,FALSE,Party,FALSE,FALSE
3149,42,India,YouTube Music,Free,K-Pop,Kendrick Lamar,379,105,10,46.2,FALSE,Happy,FALSE,TRUE
3150,29,Germany,YouTube Music,Free,Pop,Billie Eilish,229,65,9,16.5,TRUE,Energetic,FALSE,FALSE
3151,34,Japan,YouTube Music,Premium,K-Pop,Dua Lipa,111,33,7,28.8,FALSE,Energetic,TRUE,TRUE
3152,28,Brazil,Apple Music,Free,Indie,Ariana Grande,371,99,10,19.1,FALSE,Party,FALSE,TRUE
3153,26,Germany,Spotify,Free,Lo-fi,Olivia Rodrigo,222,53,14,20.1,TRUE,Focus,FALSE,TRUE
3154,29,France,Spotify,Premium,Classical,Tyler the Creator,232,65,13,55.9,FALSE,Sad,FALSE,TRUE
3155,45,Australia,Spotify,Premium,Rock,Burna Boy,146,37,12,32.9,FALSE,Happy,FALSE,FALSE
3156,26,Japan,SoundCloud,Premium,R&B,Ariana Grande,150,46,12,43.3,FALSE,Focus,FALSE,TRUE
3157,13,Australia,Spotify,Free,Lo-fi,Travis Scott,246,73,10,21.5,TRUE,Sleep,TRUE,FALSE
3158,36,Brazil,YouTube Music,Premium,Rock,The Weeknd,140,39,6,28.2,FALSE,Sleep,TRUE,FALSE
3159,17,Brazil,Apple Music,Student,Hip-Hop,Kendrick Lamar,289,80,16,30.7,TRUE,Happy,TRUE,FALSE
3160,33,USA,Spotify,Free,Hip-Hop,Billie Eilish,139,40,10,32.3,TRUE,Sleep,FALSE,TRUE
3161,13,Canada,YouTube Music,Free,Lo-fi,Bad Bunny,177,45,10,23.7,TRUE,Sad,FALSE,TRUE
3162,13,Australia,Apple Music,Free,Rock,Taylor Swift,263,81,9,18.5,TRUE,Happy,TRUE,FALSE
3163,32,Japan,Tidal,Premium,Pop,Ariana Grande,101,28,4,32.1,FALSE,Focus,TRUE,TRUE
3164,30,UK,Spotify,Student,EDM,Billie Eilish,88,22,7,17.3,TRUE,Sleep,FALSE,FALSE
3165,24,Nigeria,Apple Music,Free,Country,Tyler the Creator,234,59,6,30.6,TRUE,Sad,TRUE,TRUE
3166,22,Nigeria,Spotify,Family,Rock,BTS,74,20,9,56.7,FALSE,Focus,FALSE,TRUE
3167,19,India,YouTube Music,Family,Pop,Taylor Swift,53,21,7,25.1,TRUE,Sad,TRUE,FALSE
3168,23,India,YouTube Music,Free,R&B,Kendrick Lamar,73,19,9,11.6,FALSE,Focus,FALSE,TRUE
3169,30,India,Spotify,Free,Indie,Travis Scott,93,30,5,34,TRUE,Chill,TRUE,TRUE
3170,15,UK,Spotify,Family,Pop,Taylor Swift,297,78,11,31.6,TRUE,Chill,FALSE,FALSE
3171,14,Canada,Spotify,Premium,Hip-Hop,Tyler the Creator,413,114,8,33.3,TRUE,Party,FALSE,FALSE
3172,38,Japan,Spotify,Family,Jazz,Olivia Rodrigo,62,24,13,26.7,FALSE,Sad,TRUE,TRUE
3173,20,Canada,Spotify,Student,Pop,Kendrick Lamar,36,13,8,44.6,TRUE,Energetic,TRUE,TRUE
3174,32,India,Spotify,Premium,R&B,Billie Eilish,91,26,17,21.7,FALSE,Energetic,FALSE,TRUE
3175,23,Brazil,Apple Music,Free,Indie,Bad Bunny,75,18,10,26.3,TRUE,Happy,TRUE,TRUE
3176,23,UK,SoundCloud,Premium,Afrobeats,Travis Scott,81,26,9,12,FALSE,Happy,FALSE,TRUE
3177,13,Germany,Spotify,Free,Pop,Bad Bunny,221,63,8,31.4,TRUE,Party,FALSE,FALSE
3178,31,India,Spotify,Premium,Pop,Burna Boy,51,16,14,24.5,TRUE,Chill,FALSE,FALSE
3179,22,USA,SoundCloud,Free,Rock,BTS,270,88,6,37.7,TRUE,Sleep,FALSE,TRUE
3180,31,Japan,Apple Music,Free,K-Pop,Travis Scott,296,84,7,27.3,TRUE,Party,TRUE,FALSE
3181,35,UK,SoundCloud,Student,Hip-Hop,Olivia Rodrigo,102,17,11,33.8,TRUE,Focus,FALSE,TRUE
3182,34,UK,Tidal,Premium,R&B,Drake,80,23,8,38.8,TRUE,Energetic,FALSE,TRUE
3183,37,Japan,YouTube Music,Free,Rock,Ariana Grande,54,13,7,42.2,FALSE,Sad,FALSE,FALSE
3184,31,USA,Spotify,Premium,Hip-Hop,Taylor Swift,187,42,4,52.6,TRUE,Energetic,FALSE,FALSE
3185,33,Nigeria,Tidal,Free,Afrobeats,Olivia Rodrigo,242,63,6,30.4,TRUE,Sad,FALSE,TRUE
3186,17,USA,Apple Music,Free,Rock,Olivia Rodrigo,82,39,7,25.5,TRUE,Sleep,FALSE,FALSE
3187,32,USA,Spotify,Premium,Pop,Tyler the Creator,129,30,5,30.3,TRUE,Party,TRUE,FALSE
3188,28,Brazil,Spotify,Free,Hip-Hop,Tyler the Creator,107,35,8,38.9,TRUE,Workout,TRUE,FALSE
3189,29,Nigeria,Spotify,Premium,Pop,Taylor Swift,166,48,10,33.8,FALSE,Focus,TRUE,TRUE
3190,35,Australia,YouTube Music,Free,Pop,SZA,104,29,4,10.3,FALSE,Focus,FALSE,TRUE
3191,34,Canada,Spotify,Family,Classical,Burna Boy,183,56,14,45.7,TRUE,Sleep,FALSE,TRUE
3192,17,Australia,Apple Music,Free,Rock,Bad Bunny,185,48,14,26.8,TRUE,Happy,TRUE,FALSE
3193,25,Canada,Spotify,Family,Pop,Ariana Grande,125,33,11,26.8,FALSE,Sleep,TRUE,FALSE
3194,44,USA,Apple Music,Free,EDM,SZA,228,61,6,32.7,TRUE,Party,FALSE,TRUE
3195,20,Brazil,Spotify,Free,Hip-Hop,Bad Bunny,51,18,11,12.7,FALSE,Sleep,TRUE,TRUE
3196,26,France,Amazon Music,Premium,Pop,BTS,147,33,8,28,FALSE,Party,TRUE,FALSE
3197,27,Canada,YouTube Music,Free,Rock,Travis Scott,81,30,9,16,TRUE,Chill,FALSE,TRUE
3198,30,Australia,Apple Music,Family,R&B,Billie Eilish,103,35,9,29.3,TRUE,Sad,TRUE,FALSE
3199,40,Japan,Tidal,Family,EDM,The Weeknd,245,69,13,31.9,TRUE,Chill,TRUE,TRUE
3200,24,Brazil,YouTube Music,Premium,Indie,Olivia Rodrigo,248,73,13,27.3,FALSE,Chill,FALSE,TRUE
3201,42,Canada,YouTube Music,Premium,Hip-Hop,The Weeknd,225,55,8,25.2,FALSE,Chill,FALSE,TRUE
3202,31,UK,Apple Music,Free,Indie,Dua Lipa,291,85,14,17.4,FALSE,Chill,TRUE,TRUE
3203,28,Australia,Apple Music,Family,Pop,SZA,156,60,9,44.7,TRUE,Energetic,FALSE,FALSE
3204,26,USA,Spotify,Free,Pop,Olivia Rodrigo,159,48,19,5.8,TRUE,Focus,FALSE,FALSE
3205,33,USA,Apple Music,Free,Rock,Dua Lipa,80,24,7,19,FALSE,Workout,TRUE,TRUE
3206,31,Nigeria,Amazon Music,Premium,Afrobeats,Drake,138,42,6,26.4,TRUE,Energetic,TRUE,TRUE
3207,17,Canada,Spotify,Free,R&B,Billie Eilish,168,52,8,38,FALSE,Sleep,TRUE,TRUE
3208,17,Nigeria,YouTube Music,Family,Pop,Billie Eilish,144,45,7,29.2,TRUE,Happy,FALSE,TRUE
3209,40,UK,Spotify,Premium,EDM,Billie Eilish,83,21,12,31.4,TRUE,Party,FALSE,TRUE
3210,42,Japan,Apple Music,Premium,Lo-fi,Billie Eilish,221,65,4,29.4,FALSE,Happy,FALSE,TRUE
3211,13,India,Apple Music,Free,Country,Ariana Grande,45,10,10,21.9,TRUE,Sleep,FALSE,FALSE
3212,23,Nigeria,YouTube Music,Free,R&B,SZA,235,76,7,28.5,TRUE,Energetic,FALSE,TRUE
3213,37,India,SoundCloud,Free,K-Pop,BTS,176,47,5,30.9,TRUE,Focus,TRUE,TRUE
3214,17,Brazil,YouTube Music,Free,K-Pop,Drake,145,33,11,16.5,FALSE,Sad,TRUE,FALSE
3215,30,Australia,YouTube Music,Free,Hip-Hop,Drake,89,25,7,24.5,TRUE,Workout,FALSE,FALSE
3216,32,UK,Apple Music,Premium,EDM,Dua Lipa,137,51,4,38.7,FALSE,Party,TRUE,FALSE
3217,31,France,Spotify,Premium,Pop,Drake,418,115,12,40.7,FALSE,Sad,TRUE,TRUE
3218,26,UK,Tidal,Student,Hip-Hop,Dua Lipa,77,25,6,26.3,FALSE,Party,TRUE,TRUE
3219,24,France,Apple Music,Premium,Hip-Hop,Kendrick Lamar,199,56,5,19,TRUE,Party,TRUE,FALSE
3220,23,Germany,YouTube Music,Family,Lo-fi,Dua Lipa,123,22,3,19.4,FALSE,Focus,TRUE,TRUE
3221,38,Canada,Amazon Music,Free,Rock,The Weeknd,118,26,7,19.1,FALSE,Sad,FALSE,FALSE
3222,31,Germany,YouTube Music,Free,EDM,BTS,69,23,9,30.5,FALSE,Sad,TRUE,FALSE
3223,20,France,Spotify,Premium,Hip-Hop,BTS,96,25,11,47.6,FALSE,Workout,FALSE,FALSE
3224,25,Australia,YouTube Music,Premium,Hip-Hop,Kendrick Lamar,57,10,11,34.1,TRUE,Sad,FALSE,TRUE
3225,28,France,Spotify,Free,Afrobeats,Olivia Rodrigo,112,27,8,35.8,FALSE,Chill,FALSE,FALSE
3226,27,Brazil,Spotify,Premium,Hip-Hop,Dua Lipa,111,34,6,2.7,TRUE,Energetic,FALSE,TRUE
3227,25,India,Apple Music,Free,Country,Ariana Grande,198,61,5,37.8,TRUE,Sad,TRUE,TRUE
3228,27,Japan,Apple Music,Free,Pop,BTS,234,73,6,27.6,FALSE,Party,TRUE,FALSE
3229,29,France,Apple Music,Student,Hip-Hop,Dua Lipa,245,68,6,37.2,FALSE,Chill,FALSE,FALSE
3230,36,USA,Spotify,Premium,Rock,Drake,54,11,11,41.8,TRUE,Focus,TRUE,FALSE
3231,16,Australia,YouTube Music,Premium,Country,Dua Lipa,123,38,16,34.9,FALSE,Happy,TRUE,FALSE
3232,29,Germany,Apple Music,Premium,Indie,Drake,150,49,8,26,FALSE,Focus,TRUE,TRUE
3233,28,UK,Spotify,Premium,Rock,Billie Eilish,311,93,7,30.3,TRUE,Sleep,FALSE,TRUE
3234,39,Australia,YouTube Music,Premium,Pop,Bad Bunny,185,54,6,30.8,TRUE,Energetic,TRUE,TRUE
3235,33,UK,Tidal,Free,Country,Dua Lipa,90,26,5,18,TRUE,Focus,TRUE,FALSE
3236,36,Australia,Apple Music,Premium,Pop,Dua Lipa,22,5,12,38.4,TRUE,Sad,TRUE,FALSE
3237,33,Brazil,Apple Music,Family,Pop,Burna Boy,335,94,15,11.7,FALSE,Happy,TRUE,TRUE
3238,24,France,Spotify,Free,EDM,Bad Bunny,180,57,9,40.5,FALSE,Workout,TRUE,FALSE
3239,26,UK,Apple Music,Premium,Rock,Taylor Swift,356,106,8,29.1,TRUE,Chill,FALSE,TRUE
3240,33,India,Spotify,Free,R&B,Travis Scott,208,58,13,47.1,TRUE,Party,TRUE,FALSE
3241,42,India,Spotify,Free,Pop,SZA,74,28,13,45.3,FALSE,Sleep,FALSE,FALSE
3242,33,Brazil,YouTube Music,Premium,Pop,The Weeknd,69,14,6,26.9,TRUE,Chill,TRUE,FALSE
3243,31,USA,Tidal,Premium,R&B,SZA,154,43,11,21.6,TRUE,Energetic,TRUE,FALSE
3244,39,Nigeria,Spotify,Student,EDM,The Weeknd,60,16,11,31.7,FALSE,Sleep,FALSE,FALSE
3245,31,France,SoundCloud,Free,Hip-Hop,Burna Boy,84,23,15,29.7,TRUE,Energetic,FALSE,TRUE
3246,13,Germany,Amazon Music,Free,R&B,Tyler the Creator,157,46,7,36,TRUE,Chill,FALSE,FALSE
3247,14,Nigeria,Apple Music,Family,Classical,Tyler the Creator,107,29,4,16.7,FALSE,Happy,FALSE,FALSE
3248,18,India,Spotify,Family,Rock,Bad Bunny,134,39,11,27.9,FALSE,Energetic,TRUE,FALSE
3249,24,Germany,Spotify,Family,Pop,Tyler the Creator,167,40,11,20.6,FALSE,Energetic,FALSE,FALSE
3250,38,Canada,YouTube Music,Premium,Hip-Hop,Drake,126,35,6,38.2,FALSE,Energetic,FALSE,FALSE
3251,47,USA,Spotify,Free,Pop,Dua Lipa,210,59,9,16.8,TRUE,Focus,TRUE,FALSE
3252,31,UK,Amazon Music,Free,Afrobeats,Kendrick Lamar,93,26,7,5.4,TRUE,Workout,TRUE,FALSE
3253,29,Germany,Spotify,Free,Jazz,Tyler the Creator,21,13,14,16.7,TRUE,Energetic,FALSE,TRUE
3254,22,Australia,Spotify,Free,Pop,BTS,60,13,7,17.5,TRUE,Energetic,FALSE,FALSE
3255,30,USA,Tidal,Free,Country,The Weeknd,324,90,15,2.8,TRUE,Sleep,TRUE,FALSE
3256,40,USA,YouTube Music,Free,R&B,BTS,393,111,13,30.1,TRUE,Chill,TRUE,TRUE
3257,21,USA,Spotify,Family,Rock,Kendrick Lamar,70,22,9,33.3,TRUE,Workout,TRUE,TRUE
3258,25,UK,YouTube Music,Free,EDM,Olivia Rodrigo,101,26,10,15,TRUE,Sleep,TRUE,TRUE
3259,13,India,Apple Music,Free,Indie,Tyler the Creator,11,4,13,37.8,FALSE,Focus,FALSE,TRUE
3260,36,Nigeria,Amazon Music,Premium,K-Pop,Kendrick Lamar,115,33,13,31.7,TRUE,Sleep,TRUE,FALSE
3261,22,USA,Spotify,Free,Hip-Hop,Olivia Rodrigo,44,12,5,44.1,TRUE,Sad,TRUE,TRUE
3262,18,Nigeria,YouTube Music,Free,Rock,Bad Bunny,250,68,3,39.6,FALSE,Workout,TRUE,FALSE
3263,13,Nigeria,Spotify,Family,Afrobeats,SZA,218,71,10,9.4,TRUE,Sad,TRUE,TRUE
3264,23,USA,Amazon Music,Free,Pop,SZA,94,38,12,38.8,TRUE,Focus,FALSE,FALSE
3265,36,Nigeria,Apple Music,Free,Afrobeats,Drake,155,52,9,13.2,FALSE,Workout,FALSE,FALSE
3266,37,Germany,Amazon Music,Free,Pop,Kendrick Lamar,78,13,5,35,TRUE,Sad,FALSE,TRUE
3267,26,Nigeria,Apple Music,Free,Pop,Drake,251,73,9,35.4,FALSE,Workout,TRUE,FALSE
3268,13,India,Tidal,Free,Rock,Drake,174,47,7,11.7,TRUE,Workout,FALSE,TRUE
3269,26,Australia,Spotify,Premium,EDM,The Weeknd,145,47,8,31.1,TRUE,Workout,FALSE,TRUE
3270,37,Japan,Apple Music,Free,Pop,Bad Bunny,79,30,6,48.3,TRUE,Energetic,TRUE,TRUE
3271,13,Australia,Apple Music,Student,Rock,Drake,159,46,7,26.2,FALSE,Workout,FALSE,TRUE
3272,30,Japan,Amazon Music,Free,Hip-Hop,Travis Scott,42,12,8,13.3,TRUE,Chill,TRUE,FALSE
3273,34,Japan,Spotify,Premium,R&B,The Weeknd,237,61,4,29.7,FALSE,Sad,TRUE,TRUE
3274,40,Germany,YouTube Music,Free,Afrobeats,Bad Bunny,395,104,4,12.7,TRUE,Chill,FALSE,TRUE
3275,36,Germany,Spotify,Premium,R&B,SZA,164,50,9,30,TRUE,Sleep,TRUE,FALSE
3276,39,Brazil,Spotify,Free,Hip-Hop,Ariana Grande,172,49,10,22.9,FALSE,Energetic,TRUE,TRUE
3277,23,USA,Apple Music,Premium,Pop,Tyler the Creator,111,31,8,27.7,FALSE,Chill,FALSE,TRUE
3278,37,India,YouTube Music,Free,Lo-fi,Olivia Rodrigo,62,21,6,10.1,TRUE,Focus,FALSE,TRUE
3279,13,Brazil,Spotify,Family,EDM,Olivia Rodrigo,338,99,15,9.9,TRUE,Chill,FALSE,TRUE
3280,25,Germany,Spotify,Premium,K-Pop,Olivia Rodrigo,104,24,7,40.6,FALSE,Party,FALSE,FALSE
3281,46,India,YouTube Music,Student,Rock,Dua Lipa,15,2,6,32.2,TRUE,Sad,TRUE,FALSE
3282,30,USA,Spotify,Premium,Hip-Hop,Drake,145,45,14,36.1,FALSE,Party,FALSE,TRUE
3283,19,Germany,Spotify,Student,Jazz,The Weeknd,307,78,10,27.3,FALSE,Energetic,TRUE,FALSE
3284,48,Brazil,Apple Music,Free,Lo-fi,Bad Bunny,381,110,14,17.9,FALSE,Happy,FALSE,FALSE
3285,31,USA,Apple Music,Premium,EDM,Drake,192,57,11,32.9,FALSE,Energetic,TRUE,TRUE
3286,38,USA,Spotify,Free,K-Pop,Billie Eilish,56,14,7,37.3,FALSE,Focus,FALSE,TRUE
3287,25,USA,Apple Music,Family,Rock,Taylor Swift,134,32,7,28.8,FALSE,Focus,FALSE,FALSE
3288,15,Australia,Spotify,Family,Hip-Hop,The Weeknd,31,10,9,5.6,FALSE,Sad,FALSE,FALSE
3289,26,Germany,Apple Music,Family,Pop,Kendrick Lamar,46,20,10,44,FALSE,Focus,FALSE,TRUE
3290,32,Germany,YouTube Music,Premium,Indie,Dua Lipa,220,59,9,4.4,TRUE,Happy,FALSE,FALSE
3291,13,France,YouTube Music,Free,R&B,Olivia Rodrigo,167,50,7,17.2,FALSE,Energetic,FALSE,FALSE
3292,13,Japan,Apple Music,Free,Pop,Dua Lipa,54,2,13,32.2,TRUE,Chill,TRUE,TRUE
3293,41,Japan,SoundCloud,Premium,Country,Dua Lipa,135,47,10,48.1,FALSE,Energetic,FALSE,TRUE
3294,44,France,Spotify,Free,Afrobeats,Dua Lipa,34,1,15,40.6,FALSE,Sleep,FALSE,FALSE
3295,24,Brazil,Amazon Music,Free,Indie,Bad Bunny,218,73,9,17.2,FALSE,Workout,TRUE,FALSE
3296,28,Canada,Spotify,Free,Hip-Hop,Drake,81,19,5,30.5,TRUE,Party,FALSE,FALSE
3297,19,Canada,Apple Music,Free,Afrobeats,The Weeknd,57,6,10,5.4,TRUE,Party,FALSE,TRUE
3298,31,UK,Apple Music,Premium,Classical,Dua Lipa,189,56,6,34.7,TRUE,Energetic,TRUE,TRUE
3299,38,Japan,Spotify,Free,EDM,Travis Scott,74,26,6,20.6,TRUE,Focus,FALSE,TRUE
3300,34,France,Spotify,Free,Pop,Burna Boy,103,24,7,15.5,TRUE,Sleep,FALSE,FALSE
3301,35,Japan,Apple Music,Family,Indie,Bad Bunny,196,52,9,14.3,FALSE,Sleep,TRUE,TRUE
3302,14,France,Spotify,Family,Hip-Hop,Travis Scott,207,52,9,28.1,FALSE,Chill,FALSE,FALSE
3303,22,Nigeria,Spotify,Free,Pop,Dua Lipa,47,12,14,38.8,TRUE,Energetic,FALSE,TRUE
3304,20,UK,Spotify,Free,EDM,Taylor Swift,181,53,7,25.5,TRUE,Party,FALSE,FALSE
3305,21,Nigeria,Spotify,Free,Hip-Hop,Tyler the Creator,131,46,15,42.5,FALSE,Sad,FALSE,TRUE
3306,39,India,Spotify,Premium,K-Pop,Travis Scott,64,25,11,22.3,FALSE,Chill,FALSE,TRUE
3307,28,Canada,Spotify,Premium,Hip-Hop,Bad Bunny,212,62,12,43.7,FALSE,Sad,FALSE,TRUE
3308,20,India,SoundCloud,Free,EDM,BTS,184,51,8,35.7,TRUE,Happy,TRUE,FALSE
3309,20,Brazil,Apple Music,Free,Afrobeats,Bad Bunny,320,86,13,22.2,TRUE,Party,TRUE,TRUE
3310,22,Nigeria,Spotify,Free,K-Pop,The Weeknd,173,54,6,21.2,FALSE,Party,TRUE,TRUE
3311,28,France,Spotify,Free,Indie,Ariana Grande,57,16,14,36.4,FALSE,Chill,FALSE,FALSE
3312,19,Canada,Spotify,Free,Pop,Billie Eilish,195,51,3,0,TRUE,Happy,FALSE,TRUE
3313,23,Canada,Spotify,Free,Pop,Taylor Swift,29,11,11,26.7,FALSE,Workout,TRUE,TRUE
3314,22,USA,Spotify,Premium,Pop,Tyler the Creator,102,20,10,48.1,FALSE,Workout,FALSE,FALSE
3315,29,Australia,Spotify,Free,Rock,Ariana Grande,162,43,6,17.1,TRUE,Sad,FALSE,FALSE
3316,36,Japan,SoundCloud,Free,Rock,Ariana Grande,98,29,6,4.8,TRUE,Party,FALSE,FALSE
3317,34,Canada,Spotify,Family,Lo-fi,SZA,70,16,8,32.6,TRUE,Energetic,FALSE,FALSE
3318,31,Germany,YouTube Music,Free,Indie,Kendrick Lamar,63,24,9,25.8,TRUE,Happy,TRUE,FALSE
3319,24,USA,Amazon Music,Student,Rock,Olivia Rodrigo,135,37,16,38.8,FALSE,Happy,FALSE,TRUE
3320,19,Brazil,Apple Music,Premium,Rock,Bad Bunny,168,45,3,24.7,TRUE,Energetic,TRUE,FALSE
3321,24,France,Spotify,Premium,R&B,Ariana Grande,39,7,6,25.7,TRUE,Sad,FALSE,TRUE
3322,31,France,Spotify,Premium,R&B,Ariana Grande,343,102,7,25,TRUE,Sleep,TRUE,TRUE
3323,34,USA,YouTube Music,Premium,Rock,Bad Bunny,97,30,8,2.4,FALSE,Chill,FALSE,FALSE
3324,24,Japan,YouTube Music,Free,EDM,Billie Eilish,229,62,6,59,TRUE,Focus,TRUE,FALSE
3325,32,Canada,Tidal,Premium,Pop,The Weeknd,146,43,6,46.6,TRUE,Party,FALSE,FALSE
3326,29,Japan,Tidal,Student,R&B,The Weeknd,92,28,13,27.4,TRUE,Chill,FALSE,FALSE
3327,28,Brazil,Spotify,Free,Rock,The Weeknd,315,84,10,25.7,TRUE,Chill,FALSE,TRUE
3328,34,Japan,Apple Music,Free,R&B,Tyler the Creator,63,22,6,40.4,TRUE,Workout,FALSE,TRUE
3329,38,Germany,Apple Music,Student,Hip-Hop,BTS,84,31,15,28.2,FALSE,Focus,TRUE,FALSE
3330,35,Brazil,YouTube Music,Free,Pop,Bad Bunny,441,123,11,25.7,TRUE,Focus,FALSE,TRUE
3331,14,Germany,YouTube Music,Free,R&B,Drake,62,20,8,34,FALSE,Chill,TRUE,TRUE
3332,24,Japan,YouTube Music,Free,Hip-Hop,Bad Bunny,262,77,16,21,TRUE,Happy,FALSE,FALSE
3333,49,UK,SoundCloud,Free,K-Pop,Tyler the Creator,114,27,5,33.1,TRUE,Sad,FALSE,TRUE
3334,28,Australia,YouTube Music,Free,Pop,Burna Boy,220,59,4,32.1,TRUE,Energetic,FALSE,FALSE
3335,35,Australia,Spotify,Free,Pop,Billie Eilish,133,34,4,29.2,FALSE,Focus,FALSE,FALSE
3336,21,Nigeria,Spotify,Premium,R&B,Burna Boy,15,14,9,28.7,TRUE,Energetic,FALSE,FALSE
3337,31,France,YouTube Music,Free,Rock,Olivia Rodrigo,57,5,9,33.3,FALSE,Happy,FALSE,TRUE
3338,17,Nigeria,Spotify,Family,Pop,Kendrick Lamar,18,5,6,37.8,TRUE,Chill,FALSE,FALSE
3339,22,Australia,Spotify,Free,R&B,Travis Scott,68,28,9,11.1,TRUE,Happy,FALSE,TRUE
3340,15,USA,YouTube Music,Free,Pop,Bad Bunny,241,72,13,24.3,FALSE,Workout,TRUE,TRUE
3341,16,Brazil,Apple Music,Premium,Lo-fi,The Weeknd,87,33,7,12.8,FALSE,Focus,FALSE,FALSE
3342,13,India,YouTube Music,Free,R&B,Kendrick Lamar,250,67,3,20.5,FALSE,Energetic,TRUE,FALSE
3343,18,Germany,Apple Music,Premium,EDM,Tyler the Creator,319,94,10,28.7,FALSE,Focus,FALSE,TRUE
3344,15,Japan,Apple Music,Premium,R&B,Billie Eilish,127,36,7,21.4,TRUE,Energetic,TRUE,FALSE
3345,18,USA,Amazon Music,Free,Pop,Burna Boy,204,58,10,34.8,FALSE,Sleep,FALSE,FALSE
3346,29,Brazil,Apple Music,Free,Pop,Billie Eilish,338,93,9,36.7,TRUE,Sleep,TRUE,FALSE
3347,31,UK,Spotify,Free,Hip-Hop,Bad Bunny,263,75,11,24.1,TRUE,Workout,FALSE,TRUE
3348,21,USA,Apple Music,Free,Indie,Kendrick Lamar,89,29,11,16.9,TRUE,Happy,TRUE,TRUE
3349,21,Australia,Amazon Music,Premium,Country,Billie Eilish,115,28,5,25.4,TRUE,Party,FALSE,TRUE
3350,30,USA,Spotify,Free,Pop,The Weeknd,46,4,14,24,FALSE,Sad,TRUE,FALSE
3351,26,Brazil,Tidal,Premium,R&B,SZA,71,21,5,33.6,FALSE,Party,TRUE,TRUE
3352,31,Australia,YouTube Music,Free,R&B,Bad Bunny,207,57,11,27,TRUE,Happy,FALSE,TRUE
3353,34,Japan,YouTube Music,Student,Jazz,Kendrick Lamar,255,74,7,35,TRUE,Sad,FALSE,FALSE
3354,28,Canada,YouTube Music,Student,Hip-Hop,Taylor Swift,178,60,7,22,FALSE,Sleep,FALSE,FALSE
3355,26,Japan,YouTube Music,Premium,Lo-fi,The Weeknd,22,6,6,41.1,TRUE,Happy,TRUE,FALSE
3356,37,USA,SoundCloud,Free,Hip-Hop,Billie Eilish,249,76,10,35.8,TRUE,Party,TRUE,TRUE
3357,15,Germany,Spotify,Free,Afrobeats,Dua Lipa,124,30,9,19.7,FALSE,Focus,FALSE,FALSE
3358,44,UK,Spotify,Free,Country,Drake,158,33,11,39.1,TRUE,Sleep,FALSE,TRUE
3359,29,USA,Spotify,Premium,Country,Burna Boy,85,29,2,42.2,FALSE,Happy,TRUE,TRUE
3360,23,UK,YouTube Music,Family,Afrobeats,SZA,59,9,7,40.6,TRUE,Energetic,FALSE,FALSE
3361,28,Australia,Spotify,Premium,Country,Ariana Grande,95,32,14,37.2,TRUE,Chill,TRUE,FALSE
3362,29,Canada,Tidal,Family,K-Pop,Dua Lipa,80,23,11,12.4,FALSE,Chill,FALSE,FALSE
3363,31,Canada,Apple Music,Free,EDM,Bad Bunny,85,28,13,15.7,TRUE,Sad,FALSE,FALSE
3364,29,France,YouTube Music,Free,Hip-Hop,Drake,194,53,9,26.2,TRUE,Happy,FALSE,FALSE
3365,46,Australia,Spotify,Premium,Afrobeats,Tyler the Creator,237,68,6,30.6,TRUE,Focus,FALSE,FALSE
3366,23,Brazil,YouTube Music,Free,Afrobeats,The Weeknd,167,48,8,16.5,TRUE,Energetic,TRUE,TRUE
3367,27,Brazil,Apple Music,Premium,Hip-Hop,Burna Boy,301,86,17,20.3,TRUE,Party,TRUE,FALSE
3368,13,Brazil,Apple Music,Free,R&B,Billie Eilish,168,55,11,16.8,FALSE,Sleep,TRUE,TRUE
3369,53,USA,Spotify,Premium,Pop,Tyler the Creator,43,12,9,34,FALSE,Chill,FALSE,TRUE
3370,28,USA,Apple Music,Family,Pop,Drake,207,60,6,3.3,FALSE,Sleep,TRUE,TRUE
3371,27,Nigeria,Apple Music,Free,Pop,Drake,336,89,13,20.6,TRUE,Focus,FALSE,FALSE
3372,35,Nigeria,Apple Music,Free,Pop,Ariana Grande,68,31,10,34.6,TRUE,Chill,TRUE,FALSE
3373,34,France,Spotify,Free,Country,Dua Lipa,237,68,11,27.9,TRUE,Chill,TRUE,TRUE
3374,18,UK,Spotify,Free,K-Pop,Bad Bunny,124,33,14,30.8,FALSE,Workout,TRUE,TRUE
3375,37,Australia,Spotify,Premium,Rock,Bad Bunny,127,38,6,13.2,TRUE,Sleep,TRUE,FALSE
3376,22,Japan,Tidal,Family,Afrobeats,Travis Scott,67,30,12,41.7,TRUE,Workout,FALSE,TRUE
3377,14,Japan,Spotify,Free,EDM,Travis Scott,164,45,11,23.8,FALSE,Chill,FALSE,FALSE
3378,21,Brazil,Apple Music,Premium,Hip-Hop,Dua Lipa,85,28,5,4.5,TRUE,Sleep,FALSE,FALSE
3379,27,Australia,SoundCloud,Premium,Hip-Hop,BTS,83,16,11,28,TRUE,Chill,FALSE,TRUE
3380,27,Nigeria,SoundCloud,Free,EDM,SZA,142,37,6,4,TRUE,Chill,FALSE,TRUE
3381,19,Germany,Apple Music,Premium,Hip-Hop,Bad Bunny,119,36,9,44,TRUE,Party,TRUE,TRUE
3382,24,Brazil,Spotify,Premium,Hip-Hop,Travis Scott,132,39,11,30.1,FALSE,Energetic,FALSE,FALSE
3383,28,UK,Spotify,Premium,Hip-Hop,Billie Eilish,87,24,9,37.2,TRUE,Workout,FALSE,FALSE
3384,18,UK,Spotify,Family,Rock,Dua Lipa,204,45,12,36.5,FALSE,Energetic,TRUE,FALSE
3385,25,Canada,Apple Music,Student,Classical,Tyler the Creator,302,87,7,23.1,TRUE,Sad,FALSE,TRUE
3386,25,Nigeria,SoundCloud,Premium,Pop,Dua Lipa,98,18,10,35.4,FALSE,Energetic,FALSE,FALSE
3387,13,India,Apple Music,Free,Jazz,Taylor Swift,212,54,12,10.7,TRUE,Sad,TRUE,FALSE
3388,22,Canada,Spotify,Premium,Afrobeats,The Weeknd,113,29,13,25.6,TRUE,Party,FALSE,FALSE
3389,20,Nigeria,Spotify,Free,Classical,Drake,160,46,6,6.2,TRUE,Focus,TRUE,TRUE
3390,23,Japan,YouTube Music,Family,Pop,Burna Boy,62,21,8,42.3,TRUE,Chill,FALSE,TRUE
3391,18,Germany,Apple Music,Premium,Indie,Kendrick Lamar,125,33,8,49.1,TRUE,Happy,TRUE,FALSE
3392,29,India,Spotify,Family,Hip-Hop,Billie Eilish,144,43,13,12.6,FALSE,Chill,FALSE,FALSE
3393,27,UK,Apple Music,Free,K-Pop,BTS,157,40,6,19.1,TRUE,Sleep,TRUE,TRUE
3394,28,Australia,Apple Music,Premium,Pop,Travis Scott,138,43,11,12.6,FALSE,Energetic,TRUE,FALSE
3395,30,Germany,Amazon Music,Family,Rock,Drake,207,62,5,59.4,FALSE,Workout,FALSE,FALSE
3396,27,USA,Apple Music,Free,R&B,Kendrick Lamar,237,68,11,35.1,TRUE,Chill,FALSE,TRUE
3397,36,UK,Apple Music,Premium,Hip-Hop,Burna Boy,26,7,10,36.7,TRUE,Focus,TRUE,FALSE
3398,15,USA,YouTube Music,Family,Afrobeats,BTS,223,66,11,9.3,FALSE,Happy,FALSE,TRUE
3399,20,Canada,Spotify,Premium,Indie,Kendrick Lamar,27,7,9,14.9,FALSE,Chill,TRUE,TRUE
3400,33,Canada,Apple Music,Free,Hip-Hop,SZA,160,51,13,18.6,TRUE,Sad,TRUE,TRUE
3401,33,Germany,Spotify,Free,Hip-Hop,Dua Lipa,71,17,4,47.7,TRUE,Workout,FALSE,TRUE
3402,44,Nigeria,SoundCloud,Free,Rock,Drake,129,34,12,30,TRUE,Sad,TRUE,FALSE
3403,13,Japan,YouTube Music,Free,K-Pop,Travis Scott,65,22,6,29.4,FALSE,Focus,FALSE,TRUE
3404,14,France,Amazon Music,Student,Rock,Dua Lipa,144,41,4,30.5,TRUE,Chill,FALSE,TRUE
3405,29,India,YouTube Music,Free,Country,Drake,83,28,8,42.4,TRUE,Sad,FALSE,FALSE
3406,13,Brazil,Spotify,Family,K-Pop,Bad Bunny,92,27,6,33.5,FALSE,Workout,FALSE,TRUE
3407,20,India,Amazon Music,Free,Rock,Travis Scott,33,7,12,44.1,TRUE,Party,FALSE,TRUE
3408,27,Canada,Spotify,Free,Classical,Olivia Rodrigo,173,45,5,28.4,FALSE,Focus,TRUE,FALSE
3409,24,Australia,Spotify,Free,Rock,Drake,68,15,5,28,TRUE,Energetic,TRUE,TRUE
3410,37,Germany,Spotify,Free,Indie,SZA,74,21,11,27.2,FALSE,Energetic,TRUE,TRUE
3411,39,Germany,Apple Music,Free,EDM,Ariana Grande,64,23,11,22.5,TRUE,Party,FALSE,TRUE
3412,22,India,SoundCloud,Free,Pop,Billie Eilish,54,16,8,19.8,TRUE,Energetic,FALSE,FALSE
3413,17,Brazil,Tidal,Free,Hip-Hop,Dua Lipa,47,15,10,27.2,FALSE,Energetic,FALSE,FALSE
3414,21,India,Apple Music,Free,EDM,Dua Lipa,44,1,5,25.1,FALSE,Happy,TRUE,FALSE
3415,25,India,YouTube Music,Free,Hip-Hop,Kendrick Lamar,36,16,11,12.7,TRUE,Focus,FALSE,FALSE
3416,48,India,Spotify,Free,Pop,Taylor Swift,77,25,10,33.7,TRUE,Focus,FALSE,FALSE
3417,39,Canada,Apple Music,Free,Afrobeats,BTS,129,37,10,37.7,TRUE,Sad,TRUE,FALSE
3418,15,Japan,Spotify,Premium,Country,SZA,174,49,9,15.8,FALSE,Sad,TRUE,FALSE
3419,31,Brazil,Apple Music,Free,K-Pop,Kendrick Lamar,112,24,7,27.8,TRUE,Chill,FALSE,TRUE
3420,28,Canada,Spotify,Free,Pop,Tyler the Creator,205,58,7,21.5,FALSE,Energetic,FALSE,TRUE
3421,24,Australia,YouTube Music,Family,Indie,The Weeknd,241,70,9,44,TRUE,Sad,FALSE,TRUE
3422,41,Canada,Apple Music,Family,Lo-fi,BTS,69,18,10,30.9,FALSE,Sleep,FALSE,FALSE
3423,20,Nigeria,YouTube Music,Premium,Afrobeats,Taylor Swift,63,25,12,17.3,FALSE,Focus,TRUE,FALSE
3424,23,Germany,Spotify,Student,Rock,BTS,289,86,12,29.8,FALSE,Sad,FALSE,TRUE
3425,29,India,YouTube Music,Free,Hip-Hop,Burna Boy,140,35,11,32.8,FALSE,Party,TRUE,FALSE
3426,36,France,Apple Music,Family,EDM,Billie Eilish,100,27,12,9.4,FALSE,Sleep,FALSE,FALSE
3427,13,UK,Amazon Music,Premium,EDM,SZA,409,119,11,38.4,TRUE,Happy,TRUE,FALSE
3428,27,Brazil,Spotify,Free,R&B,Bad Bunny,113,35,4,13.9,FALSE,Party,TRUE,TRUE
3429,37,Australia,YouTube Music,Student,Country,Bad Bunny,152,42,10,26.7,TRUE,Energetic,TRUE,FALSE
3430,35,Canada,SoundCloud,Student,K-Pop,Travis Scott,95,27,6,17.9,TRUE,Sleep,FALSE,TRUE
3431,41,Nigeria,Spotify,Free,Hip-Hop,Olivia Rodrigo,249,63,6,26.8,TRUE,Energetic,TRUE,FALSE
3432,17,Canada,Spotify,Free,K-Pop,Drake,106,33,11,25.7,TRUE,Focus,TRUE,TRUE
3433,26,Brazil,Apple Music,Premium,EDM,Travis Scott,159,46,10,31.5,TRUE,Workout,FALSE,FALSE
3434,27,UK,Apple Music,Free,Pop,SZA,70,10,17,20.8,FALSE,Workout,FALSE,FALSE
3435,39,Canada,Spotify,Premium,Country,Travis Scott,65,17,9,32.7,FALSE,Workout,TRUE,FALSE
3436,27,Australia,Spotify,Family,Pop,Dua Lipa,169,55,6,33.5,FALSE,Sleep,TRUE,FALSE
3437,33,Germany,Apple Music,Premium,R&B,Kendrick Lamar,98,24,3,31.2,TRUE,Workout,FALSE,TRUE
3438,30,Australia,YouTube Music,Family,EDM,Kendrick Lamar,139,46,10,36.6,FALSE,Workout,TRUE,FALSE
3439,41,India,Spotify,Premium,Indie,Drake,107,24,9,48.1,TRUE,Happy,FALSE,TRUE
3440,31,Australia,Spotify,Student,Hip-Hop,Burna Boy,133,39,10,19.6,FALSE,Chill,TRUE,TRUE
3441,29,Australia,Apple Music,Family,Pop,Dua Lipa,126,33,9,30.8,TRUE,Energetic,TRUE,TRUE
3442,27,India,Apple Music,Free,Classical,BTS,178,48,7,14.8,TRUE,Energetic,FALSE,FALSE
3443,23,USA,Apple Music,Family,Jazz,SZA,91,30,6,29.1,TRUE,Party,FALSE,TRUE
3444,43,Australia,Apple Music,Free,R&B,Billie Eilish,61,21,16,31.4,TRUE,Chill,FALSE,FALSE
3445,27,Japan,Spotify,Free,Afrobeats,SZA,66,19,12,50.7,FALSE,Happy,FALSE,TRUE
3446,22,Japan,Apple Music,Free,Hip-Hop,Kendrick Lamar,206,61,11,36.9,TRUE,Party,TRUE,TRUE
3447,40,Japan,Spotify,Free,Jazz,BTS,122,21,7,32.8,FALSE,Workout,TRUE,FALSE
3448,19,Nigeria,Spotify,Free,Hip-Hop,BTS,61,15,8,11.2,TRUE,Party,FALSE,TRUE
3449,27,India,Apple Music,Free,EDM,Olivia Rodrigo,10,5,9,41.6,FALSE,Sad,FALSE,FALSE
3450,26,Nigeria,Tidal,Free,Pop,Drake,41,16,8,46,FALSE,Sad,FALSE,TRUE
3451,25,USA,Spotify,Premium,Classical,Olivia Rodrigo,229,73,7,24.4,TRUE,Sleep,TRUE,TRUE
3452,28,Germany,Tidal,Free,Hip-Hop,Olivia Rodrigo,74,23,16,23.8,FALSE,Focus,FALSE,FALSE
3453,33,UK,SoundCloud,Free,Jazz,Olivia Rodrigo,73,17,6,22.5,TRUE,Sad,FALSE,TRUE
3454,22,Brazil,Spotify,Free,K-Pop,Bad Bunny,207,55,9,19.6,TRUE,Chill,TRUE,FALSE
3455,25,Brazil,YouTube Music,Student,K-Pop,Olivia Rodrigo,111,30,7,20.1,FALSE,Energetic,FALSE,TRUE
3456,25,Australia,Spotify,Premium,K-Pop,Ariana Grande,101,32,10,46.9,TRUE,Sad,FALSE,TRUE
3457,41,Nigeria,Spotify,Free,Pop,Bad Bunny,205,52,7,25.4,FALSE,Sleep,TRUE,FALSE
3458,27,Nigeria,Spotify,Free,Pop,Bad Bunny,80,15,10,26.5,FALSE,Party,FALSE,FALSE
3459,27,USA,YouTube Music,Free,Rock,BTS,67,24,6,17.6,TRUE,Workout,FALSE,TRUE
3460,26,UK,Spotify,Family,Hip-Hop,Olivia Rodrigo,168,52,9,20.1,TRUE,Sleep,TRUE,FALSE
3461,38,Nigeria,YouTube Music,Free,Pop,SZA,29,10,10,27.9,FALSE,Chill,TRUE,FALSE
3462,31,UK,Apple Music,Premium,Pop,Taylor Swift,100,28,9,32,FALSE,Sad,TRUE,FALSE
3463,24,Australia,Apple Music,Free,Afrobeats,Dua Lipa,44,5,9,38.5,TRUE,Chill,FALSE,FALSE
3464,41,France,YouTube Music,Free,Pop,Travis Scott,87,22,10,27,TRUE,Energetic,TRUE,FALSE
3465,33,Germany,Apple Music,Family,Hip-Hop,Dua Lipa,65,18,6,31,FALSE,Party,FALSE,TRUE
3466,43,Australia,Apple Music,Free,R&B,BTS,249,69,6,31.5,TRUE,Focus,FALSE,TRUE
3467,26,Brazil,Spotify,Free,EDM,Dua Lipa,139,45,4,22.8,TRUE,Energetic,TRUE,TRUE
3468,23,Australia,Spotify,Family,Rock,Kendrick Lamar,90,18,8,22.1,TRUE,Chill,FALSE,TRUE
3469,29,France,SoundCloud,Free,R&B,Burna Boy,37,5,8,39.5,TRUE,Workout,TRUE,FALSE
3470,13,Australia,Spotify,Free,Rock,The Weeknd,70,20,11,38.4,TRUE,Workout,FALSE,TRUE
3471,17,USA,Apple Music,Premium,Rock,BTS,144,41,5,29.2,FALSE,Chill,FALSE,TRUE
3472,27,USA,Apple Music,Premium,Hip-Hop,SZA,38,14,8,21.2,FALSE,Sad,FALSE,TRUE
3473,32,UK,Spotify,Student,Pop,Burna Boy,89,38,10,45.5,FALSE,Workout,TRUE,FALSE
3474,31,USA,YouTube Music,Student,Afrobeats,The Weeknd,98,31,13,0,TRUE,Sleep,TRUE,TRUE
3475,26,India,Spotify,Student,Lo-fi,Billie Eilish,57,14,5,21.8,TRUE,Workout,TRUE,FALSE
3476,31,Australia,Apple Music,Premium,Country,Drake,118,25,6,24.3,TRUE,Workout,FALSE,FALSE
3477,18,UK,Apple Music,Free,Pop,Olivia Rodrigo,176,50,5,29,FALSE,Workout,FALSE,TRUE
3478,39,Japan,Spotify,Family,Afrobeats,Olivia Rodrigo,146,33,8,18.6,TRUE,Sad,FALSE,FALSE
3479,20,Nigeria,YouTube Music,Premium,Country,Taylor Swift,110,34,9,48.3,TRUE,Focus,FALSE,FALSE
3480,31,UK,YouTube Music,Premium,Lo-fi,Billie Eilish,216,56,9,15.1,FALSE,Workout,FALSE,TRUE
3481,42,France,Spotify,Family,Pop,Kendrick Lamar,147,39,8,5.1,TRUE,Happy,FALSE,FALSE
3482,33,USA,YouTube Music,Free,Hip-Hop,Burna Boy,130,28,12,32,TRUE,Sad,FALSE,FALSE
3483,46,Japan,YouTube Music,Family,EDM,SZA,98,33,2,11.1,FALSE,Focus,FALSE,TRUE
3484,21,USA,Apple Music,Student,Hip-Hop,The Weeknd,116,47,11,26.2,TRUE,Energetic,TRUE,FALSE
3485,13,Japan,Tidal,Free,R&B,The Weeknd,128,38,15,34,FALSE,Party,FALSE,TRUE
3486,40,France,Apple Music,Premium,Pop,Olivia Rodrigo,71,6,10,15.1,TRUE,Sad,TRUE,FALSE
3487,27,UK,Tidal,Family,Hip-Hop,Tyler the Creator,58,9,10,35.2,FALSE,Energetic,FALSE,FALSE
3488,26,Brazil,Spotify,Premium,Pop,Kendrick Lamar,128,27,8,19.5,TRUE,Sleep,FALSE,TRUE
3489,31,Nigeria,YouTube Music,Free,Pop,Bad Bunny,281,74,11,29.2,TRUE,Chill,FALSE,TRUE
3490,36,Germany,Apple Music,Free,Jazz,Dua Lipa,104,32,9,34.7,TRUE,Chill,FALSE,FALSE
3491,30,Australia,Spotify,Family,Indie,Ariana Grande,182,46,9,33.5,TRUE,Happy,TRUE,FALSE
3492,22,Canada,YouTube Music,Family,Country,Bad Bunny,92,21,8,2.3,FALSE,Sleep,FALSE,TRUE
3493,32,USA,Apple Music,Free,Indie,SZA,294,82,7,29.7,FALSE,Sleep,TRUE,TRUE
3494,19,Japan,Spotify,Premium,Indie,The Weeknd,200,59,6,8.6,TRUE,Sleep,TRUE,TRUE
3495,13,USA,Amazon Music,Student,K-Pop,Travis Scott,61,14,6,45.5,FALSE,Chill,FALSE,FALSE
3496,30,Nigeria,Spotify,Premium,Rock,The Weeknd,119,34,11,36.8,TRUE,Workout,TRUE,FALSE
3497,21,Canada,YouTube Music,Student,Indie,Burna Boy,93,27,8,42.9,FALSE,Happy,FALSE,FALSE
3498,27,USA,Spotify,Premium,EDM,The Weeknd,137,40,8,19.3,TRUE,Focus,TRUE,TRUE
3499,18,Brazil,Tidal,Premium,Hip-Hop,SZA,215,57,6,45.3,TRUE,Chill,TRUE,TRUE
3500,37,Brazil,YouTube Music,Free,Afrobeats,Dua Lipa,140,42,11,18.6,TRUE,Workout,FALSE,TRUE
3501,20,Brazil,Amazon Music,Free,Pop,Kendrick Lamar,53,15,6,47.9,TRUE,Chill,TRUE,FALSE
3502,28,Nigeria,YouTube Music,Family,R&B,Bad Bunny,158,48,9,19.5,FALSE,Focus,TRUE,TRUE
3503,33,Canada,SoundCloud,Free,EDM,Travis Scott,25,6,12,14.5,FALSE,Workout,FALSE,FALSE
3504,27,UK,Amazon Music,Free,Indie,Burna Boy,127,39,9,50.4,FALSE,Workout,FALSE,TRUE
3505,24,India,Amazon Music,Free,Lo-fi,Billie Eilish,111,37,14,7.1,FALSE,Chill,FALSE,TRUE
3506,40,Canada,YouTube Music,Free,Jazz,SZA,373,103,11,35.5,FALSE,Happy,FALSE,FALSE
3507,37,Japan,Spotify,Family,Pop,The Weeknd,154,44,6,41.1,TRUE,Chill,FALSE,TRUE
3508,45,Nigeria,Spotify,Free,EDM,Bad Bunny,51,20,6,29,FALSE,Happy,TRUE,TRUE
3509,20,USA,SoundCloud,Free,R&B,Kendrick Lamar,180,55,9,36.5,TRUE,Focus,FALSE,TRUE
3510,22,Brazil,Spotify,Free,Pop,Kendrick Lamar,116,33,9,35.1,FALSE,Party,FALSE,TRUE
3511,30,Japan,Spotify,Free,R&B,Olivia Rodrigo,63,23,8,43.5,TRUE,Focus,FALSE,FALSE
3512,37,France,Spotify,Free,K-Pop,The Weeknd,79,23,12,0,FALSE,Focus,FALSE,FALSE
3513,21,France,Apple Music,Premium,Hip-Hop,The Weeknd,19,6,6,27,TRUE,Focus,FALSE,FALSE
3514,46,Nigeria,Spotify,Premium,Pop,Tyler the Creator,18,9,13,25.3,FALSE,Chill,FALSE,FALSE
3515,25,UK,YouTube Music,Premium,Hip-Hop,Tyler the Creator,20,8,11,19.5,TRUE,Chill,FALSE,FALSE
3516,31,Nigeria,Spotify,Free,Hip-Hop,Taylor Swift,85,28,9,6.1,FALSE,Chill,TRUE,FALSE
3517,38,Canada,Spotify,Student,Afrobeats,Drake,189,53,14,26.4,TRUE,Chill,FALSE,FALSE
3518,23,France,Spotify,Premium,EDM,Travis Scott,46,13,5,36.4,FALSE,Chill,FALSE,FALSE
3519,17,India,YouTube Music,Free,Rock,Taylor Swift,88,29,8,27.9,FALSE,Party,TRUE,FALSE
3520,44,France,Apple Music,Free,K-Pop,Kendrick Lamar,179,54,10,23,TRUE,Sleep,TRUE,FALSE
3521,32,Germany,Spotify,Free,R&B,Olivia Rodrigo,71,14,6,51.2,TRUE,Energetic,TRUE,TRUE
3522,36,India,Apple Music,Free,EDM,Burna Boy,43,11,6,28.9,TRUE,Workout,FALSE,FALSE
3523,29,Canada,Spotify,Free,Rock,Burna Boy,143,46,9,19.2,TRUE,Sad,TRUE,TRUE
3524,48,Canada,YouTube Music,Free,Classical,Kendrick Lamar,210,60,6,30.1,TRUE,Sad,TRUE,TRUE
3525,16,USA,Spotify,Student,EDM,The Weeknd,68,16,3,18.7,TRUE,Party,TRUE,FALSE
3526,21,UK,SoundCloud,Family,Country,Tyler the Creator,239,71,9,30.3,TRUE,Happy,FALSE,FALSE
3527,33,UK,Spotify,Premium,Rock,The Weeknd,91,27,11,16,FALSE,Sleep,TRUE,FALSE
3528,16,Brazil,Apple Music,Premium,Classical,SZA,112,34,10,11.1,TRUE,Focus,FALSE,FALSE
3529,23,India,Apple Music,Premium,Pop,Ariana Grande,105,28,11,33.4,TRUE,Sleep,TRUE,FALSE
3530,29,USA,Amazon Music,Family,Pop,Olivia Rodrigo,57,17,8,22.1,TRUE,Sleep,TRUE,TRUE
3531,18,India,SoundCloud,Free,Pop,Drake,270,79,11,8.8,TRUE,Sleep,FALSE,FALSE
3532,24,Germany,YouTube Music,Free,Afrobeats,Tyler the Creator,29,11,9,21.2,TRUE,Chill,FALSE,FALSE
3533,13,Australia,Spotify,Premium,R&B,Billie Eilish,63,24,7,32.8,FALSE,Focus,FALSE,FALSE
3534,29,Australia,Spotify,Premium,Rock,BTS,137,39,7,7.5,TRUE,Energetic,TRUE,FALSE
3535,31,Brazil,YouTube Music,Student,Pop,Travis Scott,184,51,5,33.9,TRUE,Party,FALSE,TRUE
3536,27,USA,SoundCloud,Premium,Pop,Ariana Grande,102,41,9,45,FALSE,Workout,FALSE,TRUE
3537,36,Nigeria,Spotify,Free,EDM,Dua Lipa,55,23,10,41.9,TRUE,Chill,TRUE,FALSE
3538,39,Japan,YouTube Music,Family,Indie,Tyler the Creator,34,12,6,47.2,TRUE,Sad,TRUE,TRUE
3539,17,Canada,YouTube Music,Premium,Classical,Bad Bunny,118,27,8,2,TRUE,Party,FALSE,FALSE
3540,34,Germany,Amazon Music,Premium,Indie,Tyler the Creator,64,16,13,38,FALSE,Workout,FALSE,FALSE
3541,34,Japan,Spotify,Premium,Hip-Hop,Dua Lipa,194,55,7,24.9,TRUE,Party,TRUE,FALSE
3542,42,Japan,YouTube Music,Premium,Pop,Drake,64,19,9,32,TRUE,Workout,FALSE,TRUE
3543,25,Brazil,Amazon Music,Free,Classical,Ariana Grande,333,85,13,27.8,TRUE,Sleep,FALSE,FALSE
3544,30,Japan,Spotify,Free,Rock,Kendrick Lamar,246,73,9,18.1,TRUE,Chill,TRUE,TRUE
3545,28,UK,Amazon Music,Free,Rock,Burna Boy,274,80,10,39.3,TRUE,Sad,FALSE,TRUE
3546,29,France,SoundCloud,Free,Pop,Ariana Grande,203,64,9,29.7,FALSE,Energetic,TRUE,TRUE
3547,20,Brazil,Apple Music,Premium,Indie,The Weeknd,161,46,6,21.5,TRUE,Sad,TRUE,FALSE
3548,20,USA,YouTube Music,Premium,EDM,Olivia Rodrigo,20,1,14,40.2,FALSE,Party,FALSE,TRUE
3549,27,Brazil,Spotify,Family,Pop,Bad Bunny,152,47,10,30.4,TRUE,Sad,FALSE,FALSE
3550,40,Canada,Spotify,Free,R&B,Taylor Swift,52,16,5,18.2,TRUE,Workout,TRUE,FALSE
3551,25,Nigeria,Apple Music,Free,Lo-fi,Bad Bunny,272,69,12,31.3,FALSE,Chill,TRUE,FALSE
3552,31,Brazil,Spotify,Free,Jazz,Billie Eilish,140,38,11,35.2,TRUE,Workout,FALSE,FALSE
3553,32,UK,Apple Music,Family,Rock,Taylor Swift,70,19,12,34.4,FALSE,Sleep,FALSE,TRUE
3554,32,Brazil,Amazon Music,Free,Jazz,Travis Scott,152,39,12,25.3,TRUE,Happy,FALSE,FALSE
3555,29,Germany,Apple Music,Premium,EDM,Kendrick Lamar,71,13,8,17.4,TRUE,Chill,TRUE,TRUE
3556,18,Canada,YouTube Music,Premium,EDM,Billie Eilish,118,39,7,32.3,FALSE,Sad,FALSE,FALSE
3557,53,USA,Spotify,Free,Pop,Taylor Swift,104,36,6,36,TRUE,Workout,FALSE,FALSE
3558,26,Brazil,Spotify,Free,Pop,Taylor Swift,224,63,11,29.5,FALSE,Sleep,TRUE,FALSE
3559,31,Japan,YouTube Music,Premium,Rock,Bad Bunny,247,74,10,38.4,TRUE,Workout,TRUE,TRUE
3560,27,Japan,Spotify,Family,Afrobeats,Taylor Swift,158,52,16,17.6,TRUE,Workout,FALSE,FALSE
3561,40,Nigeria,YouTube Music,Premium,R&B,Kendrick Lamar,95,26,9,15.1,TRUE,Party,TRUE,FALSE
3562,22,France,SoundCloud,Premium,Rock,Taylor Swift,193,49,7,26.7,FALSE,Energetic,TRUE,TRUE
3563,25,USA,Spotify,Free,Indie,Kendrick Lamar,21,13,11,15.3,TRUE,Sad,FALSE,TRUE
3564,33,Brazil,YouTube Music,Free,K-Pop,Tyler the Creator,294,89,11,38.9,FALSE,Workout,FALSE,TRUE
3565,29,Canada,Apple Music,Premium,EDM,Drake,162,58,8,25.4,FALSE,Energetic,FALSE,TRUE
3566,29,Canada,Spotify,Premium,R&B,Bad Bunny,222,55,8,42.1,FALSE,Sad,FALSE,FALSE
3567,29,Australia,Spotify,Family,Indie,The Weeknd,47,21,11,13.6,TRUE,Sleep,FALSE,TRUE
3568,37,USA,YouTube Music,Premium,EDM,Travis Scott,115,37,9,31.3,TRUE,Sad,FALSE,FALSE
3569,33,Australia,Spotify,Family,R&B,Taylor Swift,193,64,7,31.4,TRUE,Chill,FALSE,TRUE
3570,29,Australia,Amazon Music,Free,Country,The Weeknd,306,85,7,34,TRUE,Sleep,TRUE,TRUE
3571,25,India,Spotify,Free,EDM,Taylor Swift,150,43,8,25.8,TRUE,Chill,TRUE,FALSE
3572,42,India,Spotify,Free,Hip-Hop,Travis Scott,149,39,3,32.5,TRUE,Sad,FALSE,FALSE
3573,34,USA,YouTube Music,Premium,Indie,Dua Lipa,238,65,8,38.3,TRUE,Party,TRUE,FALSE
3574,25,USA,Amazon Music,Student,Indie,Olivia Rodrigo,89,21,6,16.4,FALSE,Focus,FALSE,TRUE
3575,40,Canada,Spotify,Free,Pop,SZA,347,95,10,34.6,FALSE,Energetic,TRUE,TRUE
3576,13,Australia,Apple Music,Free,Rock,Bad Bunny,114,31,6,11.9,TRUE,Party,TRUE,TRUE
3577,26,Japan,Amazon Music,Family,Indie,Dua Lipa,139,34,5,13.6,TRUE,Focus,FALSE,FALSE
3578,17,Nigeria,Spotify,Premium,Hip-Hop,Taylor Swift,101,32,4,22.4,FALSE,Workout,FALSE,TRUE
3579,13,USA,Spotify,Free,K-Pop,Taylor Swift,208,55,10,48.1,TRUE,Chill,TRUE,TRUE
3580,30,Nigeria,YouTube Music,Free,Rock,Bad Bunny,115,33,9,14.6,TRUE,Party,FALSE,FALSE
3581,51,Germany,Spotify,Student,K-Pop,Dua Lipa,193,54,7,16.4,FALSE,Energetic,FALSE,FALSE
3582,29,Canada,Spotify,Family,Pop,Bad Bunny,78,28,13,14.9,TRUE,Happy,FALSE,FALSE
3583,38,USA,Spotify,Free,Country,Bad Bunny,204,61,7,36.6,FALSE,Chill,FALSE,FALSE
3584,21,Australia,Spotify,Premium,Pop,The Weeknd,93,31,6,35.9,TRUE,Party,FALSE,FALSE
3585,18,Japan,Apple Music,Student,K-Pop,Olivia Rodrigo,186,46,6,44.7,TRUE,Workout,TRUE,TRUE
3586,36,Nigeria,Spotify,Free,Afrobeats,SZA,298,83,7,13.5,TRUE,Sad,TRUE,TRUE
3587,26,UK,SoundCloud,Premium,Pop,The Weeknd,131,36,11,23,TRUE,Happy,TRUE,TRUE
3588,25,Australia,Spotify,Family,K-Pop,Travis Scott,53,16,6,47,FALSE,Happy,TRUE,TRUE
3589,28,Brazil,Spotify,Family,Pop,SZA,73,17,13,16.7,FALSE,Focus,TRUE,TRUE
3590,26,Brazil,Spotify,Premium,Jazz,Bad Bunny,162,38,11,29.2,TRUE,Sad,FALSE,TRUE
3591,29,Brazil,Tidal,Premium,Hip-Hop,Travis Scott,99,28,9,21.6,TRUE,Sleep,TRUE,TRUE
3592,38,France,Apple Music,Student,Afrobeats,Burna Boy,142,35,3,31.1,TRUE,Energetic,FALSE,FALSE
3593,36,Germany,Tidal,Student,Pop,Tyler the Creator,228,63,11,26.4,TRUE,Chill,FALSE,TRUE
3594,35,Canada,Spotify,Free,Pop,Kendrick Lamar,145,40,7,46.2,FALSE,Focus,FALSE,TRUE
3595,28,UK,YouTube Music,Family,Pop,Travis Scott,247,63,10,40.6,TRUE,Party,FALSE,FALSE
3596,39,Australia,Apple Music,Free,Lo-fi,Drake,90,27,7,32.4,TRUE,Happy,TRUE,TRUE
3597,45,Germany,Tidal,Student,Pop,Drake,247,60,15,21.7,FALSE,Chill,TRUE,FALSE
3598,36,Nigeria,Spotify,Student,Afrobeats,Travis Scott,55,12,13,31.6,TRUE,Energetic,TRUE,TRUE
3599,42,Nigeria,YouTube Music,Free,Country,BTS,160,46,11,26.1,TRUE,Workout,TRUE,TRUE
3600,20,France,SoundCloud,Free,EDM,Taylor Swift,137,44,10,29.8,TRUE,Sleep,FALSE,TRUE
3601,36,Australia,Spotify,Premium,Hip-Hop,SZA,56,14,10,37.5,TRUE,Happy,FALSE,FALSE
3602,25,USA,Apple Music,Premium,K-Pop,Olivia Rodrigo,75,29,17,41.7,TRUE,Party,TRUE,FALSE
3603,13,USA,Apple Music,Premium,Indie,Dua Lipa,17,1,9,19.1,TRUE,Chill,FALSE,TRUE
3604,38,Australia,Spotify,Premium,R&B,Travis Scott,80,13,14,29.1,FALSE,Happy,TRUE,FALSE
3605,25,Australia,Spotify,Family,Rock,Kendrick Lamar,67,10,6,21.1,TRUE,Workout,FALSE,FALSE
3606,40,Germany,YouTube Music,Free,EDM,BTS,261,74,13,26.3,TRUE,Chill,FALSE,TRUE
3607,32,Brazil,Spotify,Family,Afrobeats,Olivia Rodrigo,269,74,10,32.4,TRUE,Chill,FALSE,TRUE
3608,35,Australia,Spotify,Premium,Rock,Drake,120,35,8,36.1,FALSE,Chill,FALSE,FALSE
3609,22,Japan,Amazon Music,Premium,EDM,Kendrick Lamar,110,32,7,22.5,TRUE,Sleep,FALSE,TRUE
3610,15,Australia,Spotify,Free,Afrobeats,The Weeknd,134,34,8,31.6,TRUE,Focus,TRUE,FALSE
3611,38,France,Amazon Music,Free,R&B,The Weeknd,110,30,5,27.8,TRUE,Chill,TRUE,TRUE
3612,28,Germany,YouTube Music,Student,Indie,The Weeknd,86,15,13,21.8,TRUE,Energetic,FALSE,TRUE
3613,31,France,Apple Music,Free,Indie,SZA,144,41,10,20.5,TRUE,Party,FALSE,FALSE
3614,34,Japan,YouTube Music,Free,Indie,Travis Scott,191,57,9,18.5,FALSE,Energetic,FALSE,TRUE
3615,24,India,YouTube Music,Free,EDM,Drake,178,54,7,15.8,TRUE,Sleep,FALSE,TRUE
3616,21,Nigeria,Spotify,Free,Hip-Hop,Travis Scott,203,60,15,17,TRUE,Party,TRUE,FALSE
3617,28,Germany,Apple Music,Free,K-Pop,Burna Boy,247,69,10,34.7,FALSE,Chill,FALSE,FALSE
3618,23,India,Spotify,Free,Rock,Bad Bunny,44,28,10,36,TRUE,Party,FALSE,FALSE
3619,14,India,Amazon Music,Premium,K-Pop,Kendrick Lamar,238,76,14,32.4,FALSE,Energetic,FALSE,FALSE
3620,16,France,Spotify,Student,EDM,Burna Boy,53,12,7,29,TRUE,Party,FALSE,FALSE
3621,22,Japan,Spotify,Premium,Pop,Olivia Rodrigo,54,13,11,27.3,TRUE,Happy,FALSE,TRUE
3622,39,Nigeria,Spotify,Free,Indie,Taylor Swift,356,102,15,40.1,FALSE,Workout,TRUE,FALSE
3623,18,Nigeria,Apple Music,Free,K-Pop,Tyler the Creator,195,59,5,27.6,FALSE,Focus,FALSE,TRUE
3624,44,Germany,Amazon Music,Premium,Country,SZA,133,36,9,20.2,TRUE,Chill,TRUE,FALSE
3625,18,Brazil,YouTube Music,Free,Pop,Tyler the Creator,231,65,4,35.6,TRUE,Workout,FALSE,FALSE
3626,24,Australia,Tidal,Premium,Country,SZA,186,50,7,35.3,TRUE,Energetic,TRUE,FALSE
3627,13,Nigeria,Spotify,Premium,K-Pop,Dua Lipa,171,52,13,18.9,TRUE,Sleep,TRUE,TRUE
3628,42,France,YouTube Music,Premium,R&B,Drake,130,34,12,34.9,TRUE,Sad,FALSE,FALSE
3629,13,USA,Spotify,Free,K-Pop,Taylor Swift,238,74,7,44,TRUE,Happy,FALSE,TRUE
3630,21,UK,Spotify,Free,Pop,SZA,77,17,10,29.4,TRUE,Focus,TRUE,FALSE
3631,21,Canada,Spotify,Student,Rock,Ariana Grande,79,22,15,34.9,FALSE,Happy,TRUE,FALSE
3632,34,Nigeria,Spotify,Family,K-Pop,Billie Eilish,83,28,13,24.8,TRUE,Happy,TRUE,TRUE
3633,30,UK,Apple Music,Premium,Pop,Billie Eilish,70,24,6,31.1,TRUE,Energetic,FALSE,TRUE
3634,37,UK,Spotify,Premium,R&B,Dua Lipa,44,13,9,45.8,TRUE,Chill,TRUE,FALSE
3635,34,Germany,YouTube Music,Student,Rock,Drake,85,24,7,30.3,TRUE,Chill,TRUE,FALSE
3636,39,Australia,Amazon Music,Free,Pop,Bad Bunny,165,52,6,26,FALSE,Chill,FALSE,FALSE
3637,20,UK,Apple Music,Family,Country,Taylor Swift,144,48,4,20.8,FALSE,Focus,FALSE,FALSE
3638,38,Japan,SoundCloud,Free,Hip-Hop,Ariana Grande,174,47,5,26.5,FALSE,Sad,TRUE,TRUE
3639,36,India,YouTube Music,Family,Pop,Tyler the Creator,158,48,7,23.9,FALSE,Happy,FALSE,FALSE
3640,22,Australia,Tidal,Premium,EDM,Kendrick Lamar,218,67,5,22.4,FALSE,Energetic,FALSE,FALSE
3641,20,Australia,Amazon Music,Free,Lo-fi,Olivia Rodrigo,262,69,9,42.2,TRUE,Chill,FALSE,TRUE
3642,26,Nigeria,Amazon Music,Premium,K-Pop,Bad Bunny,58,12,8,32.4,TRUE,Workout,TRUE,FALSE
3643,28,Canada,Amazon Music,Free,Pop,Billie Eilish,73,24,8,18.4,FALSE,Energetic,FALSE,FALSE
3644,24,Brazil,Tidal,Premium,Afrobeats,BTS,184,56,12,18.3,FALSE,Party,FALSE,FALSE
3645,13,Brazil,Spotify,Family,Pop,Travis Scott,91,30,10,36.5,FALSE,Energetic,TRUE,FALSE
3646,33,India,Amazon Music,Free,Pop,Travis Scott,269,81,11,39.8,TRUE,Sad,FALSE,FALSE
3647,26,Brazil,Tidal,Family,Hip-Hop,Taylor Swift,129,43,5,32,FALSE,Workout,TRUE,TRUE
3648,17,Germany,Spotify,Premium,R&B,SZA,91,31,7,43.6,TRUE,Chill,TRUE,FALSE
3649,13,Germany,YouTube Music,Family,Indie,Bad Bunny,12,1,6,21.5,TRUE,Sleep,TRUE,TRUE
3650,32,USA,Tidal,Premium,Rock,Bad Bunny,205,55,15,34.4,FALSE,Sad,TRUE,TRUE
3651,29,Germany,Spotify,Family,Country,Taylor Swift,81,16,5,35.9,FALSE,Focus,FALSE,TRUE
3652,17,Australia,Amazon Music,Family,Afrobeats,Tyler the Creator,113,35,11,45.5,FALSE,Energetic,FALSE,FALSE
3653,24,Canada,Spotify,Premium,EDM,Travis Scott,43,7,9,7.6,FALSE,Chill,TRUE,FALSE
3654,30,Canada,Spotify,Premium,Pop,SZA,103,28,8,33.6,TRUE,Focus,TRUE,FALSE
3655,26,Australia,Amazon Music,Free,Pop,Olivia Rodrigo,105,32,3,36.7,TRUE,Sad,TRUE,TRUE
3656,36,France,Amazon Music,Family,K-Pop,Tyler the Creator,88,19,5,23,FALSE,Focus,TRUE,FALSE
3657,22,Nigeria,Tidal,Family,Hip-Hop,The Weeknd,87,19,8,13,TRUE,Workout,FALSE,FALSE
3658,39,India,Apple Music,Free,Hip-Hop,Travis Scott,54,18,10,33.4,TRUE,Chill,TRUE,TRUE
3659,24,France,Spotify,Student,Pop,Kendrick Lamar,163,43,6,31.9,TRUE,Workout,FALSE,FALSE
3660,38,USA,YouTube Music,Family,Indie,SZA,278,82,7,18.7,FALSE,Sleep,FALSE,FALSE
3661,23,USA,Spotify,Free,Hip-Hop,Taylor Swift,107,21,11,30.3,FALSE,Party,TRUE,FALSE
3662,28,UK,Apple Music,Free,Afrobeats,Tyler the Creator,107,23,18,24.7,TRUE,Energetic,TRUE,FALSE
3663,19,Germany,SoundCloud,Free,R&B,SZA,86,21,10,9.2,FALSE,Chill,TRUE,TRUE
3664,46,Australia,Spotify,Free,Hip-Hop,Tyler the Creator,315,88,9,36,FALSE,Energetic,TRUE,FALSE
3665,27,UK,Amazon Music,Premium,Pop,Burna Boy,264,66,11,25.2,TRUE,Sleep,FALSE,TRUE
3666,19,Canada,Apple Music,Family,Hip-Hop,Tyler the Creator,122,39,9,39.6,FALSE,Party,FALSE,TRUE
3667,24,Nigeria,Apple Music,Free,Hip-Hop,SZA,46,2,11,23.5,TRUE,Party,FALSE,FALSE
3668,35,Germany,YouTube Music,Student,Indie,Dua Lipa,101,37,7,23.5,FALSE,Sleep,FALSE,FALSE
3669,18,UK,Amazon Music,Student,Lo-fi,Bad Bunny,121,30,8,43.2,FALSE,Sleep,TRUE,FALSE
3670,29,UK,Spotify,Family,Hip-Hop,Travis Scott,171,45,6,44.4,FALSE,Focus,FALSE,FALSE
3671,35,Nigeria,Spotify,Family,EDM,Ariana Grande,122,40,7,2.8,TRUE,Chill,FALSE,FALSE
3672,19,India,YouTube Music,Family,Indie,Travis Scott,252,79,15,31.1,TRUE,Sleep,FALSE,FALSE
3673,25,Germany,Spotify,Student,EDM,Ariana Grande,123,29,13,27.7,TRUE,Chill,FALSE,TRUE
3674,24,France,YouTube Music,Premium,Hip-Hop,SZA,113,29,5,33,FALSE,Party,FALSE,FALSE
3675,17,Germany,Spotify,Free,R&B,Drake,55,8,14,20.6,TRUE,Focus,TRUE,TRUE
3676,13,Australia,Amazon Music,Premium,Afrobeats,Bad Bunny,116,28,9,34.6,TRUE,Energetic,FALSE,TRUE
3677,38,Japan,Spotify,Free,EDM,Dua Lipa,124,31,8,0,FALSE,Focus,FALSE,TRUE
3678,34,India,YouTube Music,Premium,Hip-Hop,Burna Boy,42,5,7,50.7,FALSE,Party,FALSE,FALSE
3679,39,Canada,Apple Music,Free,Hip-Hop,Travis Scott,131,40,4,27.7,FALSE,Party,TRUE,TRUE
3680,25,Germany,YouTube Music,Student,Pop,SZA,281,88,11,33.4,FALSE,Focus,FALSE,FALSE
3681,31,Germany,Apple Music,Family,Pop,BTS,118,34,12,15.9,FALSE,Focus,FALSE,FALSE
3682,30,UK,Spotify,Premium,Rock,The Weeknd,82,25,7,22.5,TRUE,Energetic,TRUE,TRUE
3683,29,Germany,SoundCloud,Free,Afrobeats,Drake,186,49,15,1.1,TRUE,Party,TRUE,FALSE
3684,13,Australia,Tidal,Student,Rock,Ariana Grande,125,38,7,21.6,FALSE,Chill,FALSE,TRUE
3685,29,USA,Spotify,Free,Classical,SZA,177,54,11,33.8,FALSE,Happy,FALSE,FALSE
3686,26,Brazil,Spotify,Free,Rock,Drake,82,24,15,38.8,FALSE,Chill,FALSE,FALSE
3687,15,Nigeria,Spotify,Premium,Afrobeats,Kendrick Lamar,172,42,11,25.2,TRUE,Sleep,TRUE,FALSE
3688,13,Japan,YouTube Music,Free,Hip-Hop,SZA,48,11,13,32.6,TRUE,Energetic,TRUE,FALSE
3689,30,UK,Spotify,Family,EDM,Travis Scott,174,41,15,32.1,TRUE,Sleep,FALSE,TRUE
3690,28,India,Apple Music,Free,Indie,Kendrick Lamar,308,90,14,31.5,FALSE,Focus,TRUE,TRUE
3691,30,Germany,Spotify,Free,K-Pop,Ariana Grande,136,43,9,21.6,TRUE,Chill,FALSE,TRUE
3692,38,Australia,YouTube Music,Free,Indie,Drake,253,76,8,33.2,TRUE,Chill,FALSE,FALSE
3693,40,Nigeria,Spotify,Premium,Rock,Tyler the Creator,256,85,8,33.2,FALSE,Happy,TRUE,FALSE
3694,20,India,YouTube Music,Free,K-Pop,Kendrick Lamar,303,86,4,25.4,FALSE,Sad,FALSE,TRUE
3695,25,Brazil,Spotify,Premium,Hip-Hop,Travis Scott,174,50,6,24.1,TRUE,Energetic,FALSE,FALSE
3696,34,Australia,SoundCloud,Free,Indie,Travis Scott,128,35,12,27.8,FALSE,Happy,FALSE,TRUE
3697,43,India,Spotify,Free,Pop,The Weeknd,122,31,11,33.6,FALSE,Sad,FALSE,FALSE
3698,39,Nigeria,Amazon Music,Free,Rock,Taylor Swift,170,45,5,41,TRUE,Focus,FALSE,TRUE
3699,25,Japan,Spotify,Free,Pop,Bad Bunny,120,35,6,31,TRUE,Workout,TRUE,TRUE
3700,27,France,Amazon Music,Free,Hip-Hop,Travis Scott,235,76,8,11,FALSE,Sleep,TRUE,TRUE
3701,34,UK,Spotify,Family,Rock,Burna Boy,69,21,10,37,FALSE,Party,FALSE,TRUE
3702,21,Australia,Spotify,Student,Jazz,Taylor Swift,66,21,10,24.2,TRUE,Party,FALSE,FALSE
3703,41,Japan,Apple Music,Family,R&B,BTS,142,33,13,29,FALSE,Sleep,TRUE,FALSE
3704,35,India,Spotify,Family,Hip-Hop,Burna Boy,137,44,11,12.5,FALSE,Sad,FALSE,FALSE
3705,22,Canada,Spotify,Premium,Rock,Kendrick Lamar,80,25,5,32,TRUE,Party,FALSE,FALSE
3706,32,India,Tidal,Family,Rock,Kendrick Lamar,186,45,11,48.4,TRUE,Happy,TRUE,FALSE
3707,40,Japan,Apple Music,Student,Rock,Taylor Swift,25,4,10,46.2,TRUE,Happy,TRUE,TRUE
3708,34,Australia,SoundCloud,Free,Classical,Ariana Grande,252,72,6,38.7,TRUE,Party,TRUE,FALSE
3709,27,USA,Apple Music,Free,Pop,Taylor Swift,250,76,4,0.2,FALSE,Chill,FALSE,FALSE
3710,23,Germany,Spotify,Free,Rock,Kendrick Lamar,233,62,8,33.4,FALSE,Workout,FALSE,TRUE
3711,20,France,YouTube Music,Free,K-Pop,Tyler the Creator,305,92,5,20,TRUE,Chill,FALSE,FALSE
3712,40,Canada,Spotify,Free,Lo-fi,The Weeknd,147,34,8,26.8,FALSE,Chill,TRUE,TRUE
3713,13,India,Amazon Music,Free,Pop,SZA,59,18,6,29.7,FALSE,Energetic,TRUE,TRUE
3714,13,Brazil,SoundCloud,Family,Rock,Travis Scott,225,57,6,25.8,TRUE,Sleep,FALSE,TRUE
3715,38,UK,Tidal,Free,Indie,Ariana Grande,81,32,8,31.8,FALSE,Sad,TRUE,TRUE
3716,22,Germany,Apple Music,Premium,Jazz,SZA,185,49,6,41.7,FALSE,Focus,TRUE,TRUE
3717,14,UK,Amazon Music,Free,Afrobeats,Kendrick Lamar,163,45,7,44.3,TRUE,Workout,TRUE,TRUE
3718,32,France,Spotify,Premium,Pop,SZA,106,25,11,27.4,FALSE,Workout,TRUE,TRUE
3719,29,Brazil,Apple Music,Premium,Pop,Burna Boy,135,32,14,19.9,FALSE,Happy,TRUE,FALSE
3720,24,Japan,YouTube Music,Premium,R&B,SZA,142,46,8,26.9,FALSE,Workout,FALSE,FALSE
3721,22,Canada,SoundCloud,Free,Indie,Olivia Rodrigo,88,24,10,30.4,TRUE,Focus,FALSE,FALSE
3722,30,Japan,Tidal,Student,Hip-Hop,SZA,106,29,5,20,FALSE,Happy,FALSE,FALSE
3723,40,USA,Apple Music,Premium,Indie,Travis Scott,64,19,6,33.7,FALSE,Workout,FALSE,FALSE
3724,25,Germany,YouTube Music,Free,Hip-Hop,Bad Bunny,481,141,3,30.3,TRUE,Focus,FALSE,FALSE
3725,21,Japan,YouTube Music,Student,Pop,Drake,30,12,9,38.4,TRUE,Party,TRUE,TRUE
3726,37,Japan,Spotify,Free,EDM,Bad Bunny,90,26,17,39.7,TRUE,Workout,FALSE,TRUE
3727,13,Australia,Spotify,Premium,Rock,Billie Eilish,135,34,6,43.2,FALSE,Focus,TRUE,TRUE
3728,28,Canada,Spotify,Student,Rock,Ariana Grande,86,24,7,38.3,TRUE,Energetic,TRUE,TRUE
3729,28,USA,Spotify,Premium,Hip-Hop,The Weeknd,21,8,9,33.1,FALSE,Sleep,FALSE,FALSE
3730,40,Nigeria,Apple Music,Free,R&B,Olivia Rodrigo,35,5,11,45.7,TRUE,Happy,TRUE,FALSE
3731,43,Germany,Spotify,Premium,Country,SZA,70,12,14,27.7,FALSE,Sad,FALSE,FALSE
3732,33,Brazil,YouTube Music,Premium,Hip-Hop,Dua Lipa,33,12,6,47.4,FALSE,Focus,TRUE,TRUE
3733,43,India,Spotify,Free,Classical,Drake,102,32,6,35.4,TRUE,Sad,FALSE,FALSE
3734,42,Canada,SoundCloud,Free,Pop,The Weeknd,406,115,11,36.3,TRUE,Happy,FALSE,TRUE
3735,24,France,Spotify,Free,Pop,Billie Eilish,160,52,12,30.5,TRUE,Sad,FALSE,FALSE
3736,28,Brazil,Spotify,Free,Pop,Drake,79,22,11,33.6,TRUE,Happy,TRUE,TRUE
3737,17,Japan,Apple Music,Family,Pop,Travis Scott,151,41,12,30.6,TRUE,Sleep,FALSE,TRUE
3738,17,UK,Amazon Music,Free,Rock,Olivia Rodrigo,32,15,9,27.7,TRUE,Sleep,FALSE,TRUE
3739,23,Brazil,YouTube Music,Free,Hip-Hop,Bad Bunny,59,18,10,17.3,TRUE,Workout,TRUE,TRUE
3740,30,Australia,Amazon Music,Free,Hip-Hop,Billie Eilish,256,77,6,38.3,TRUE,Sad,FALSE,FALSE
3741,30,Canada,Apple Music,Premium,Hip-Hop,Tyler the Creator,72,22,17,26.2,FALSE,Workout,FALSE,FALSE
3742,19,UK,Spotify,Free,Rock,SZA,94,18,10,12.7,TRUE,Sad,FALSE,FALSE
3743,24,Germany,YouTube Music,Family,R&B,Olivia Rodrigo,577,171,7,17.3,TRUE,Sleep,TRUE,FALSE
3744,29,Canada,Apple Music,Free,R&B,Taylor Swift,24,3,11,26.2,FALSE,Focus,FALSE,TRUE
3745,24,UK,Amazon Music,Free,Rock,Burna Boy,156,49,9,43.1,FALSE,Sleep,TRUE,TRUE
3746,24,Nigeria,YouTube Music,Family,R&B,Ariana Grande,227,57,13,25.3,FALSE,Chill,TRUE,FALSE
3747,33,Australia,Spotify,Free,K-Pop,Olivia Rodrigo,70,21,9,23.9,TRUE,Sad,FALSE,FALSE
3748,23,Canada,SoundCloud,Family,Indie,Dua Lipa,436,121,10,21.8,TRUE,Chill,FALSE,FALSE
3749,22,France,Amazon Music,Family,Pop,Dua Lipa,132,42,5,53.7,TRUE,Party,FALSE,TRUE
3750,31,Nigeria,Spotify,Free,Hip-Hop,Dua Lipa,76,19,7,27.6,TRUE,Workout,FALSE,FALSE
3751,30,Australia,Spotify,Family,Pop,Burna Boy,121,36,8,7.8,TRUE,Focus,FALSE,TRUE
3752,30,Japan,Spotify,Free,R&B,Dua Lipa,137,39,13,47.2,TRUE,Happy,TRUE,FALSE
3753,38,USA,SoundCloud,Free,R&B,Kendrick Lamar,51,10,4,40.4,TRUE,Happy,TRUE,TRUE
3754,13,France,SoundCloud,Family,Afrobeats,Billie Eilish,430,125,6,27.6,TRUE,Chill,FALSE,FALSE
3755,43,USA,Amazon Music,Premium,Indie,Travis Scott,82,24,11,22.3,TRUE,Happy,FALSE,TRUE
3756,37,Japan,Apple Music,Premium,Classical,Taylor Swift,167,56,7,39.7,TRUE,Energetic,TRUE,FALSE
3757,25,Germany,Apple Music,Premium,K-Pop,Billie Eilish,295,85,8,17.4,FALSE,Sad,TRUE,TRUE
3758,25,USA,Spotify,Family,Hip-Hop,Bad Bunny,50,9,15,30.8,FALSE,Sad,FALSE,TRUE
3759,15,Japan,Tidal,Free,Country,The Weeknd,153,50,6,11.8,TRUE,Sad,TRUE,FALSE
3760,25,Canada,Apple Music,Premium,EDM,Tyler the Creator,106,32,8,45,FALSE,Happy,FALSE,TRUE
3761,31,Japan,YouTube Music,Free,Rock,Tyler the Creator,245,65,10,18.5,FALSE,Sleep,TRUE,FALSE
3762,29,Brazil,Spotify,Free,Indie,The Weeknd,77,16,12,27.5,TRUE,Party,FALSE,FALSE
3763,35,Australia,Spotify,Student,EDM,Burna Boy,103,26,14,31.2,TRUE,Workout,TRUE,TRUE
3764,18,France,SoundCloud,Free,Hip-Hop,Tyler the Creator,178,57,9,32.5,FALSE,Party,FALSE,FALSE
3765,22,Canada,YouTube Music,Student,Rock,Bad Bunny,304,83,9,50,FALSE,Sleep,FALSE,TRUE
3766,29,Nigeria,Spotify,Premium,Pop,Olivia Rodrigo,193,45,5,36.4,TRUE,Sleep,FALSE,TRUE
3767,47,Brazil,SoundCloud,Free,Rock,Bad Bunny,130,36,6,10.8,TRUE,Sad,FALSE,TRUE
3768,32,USA,YouTube Music,Student,Pop,Tyler the Creator,50,13,10,15.6,TRUE,Focus,FALSE,TRUE
3769,24,Australia,Spotify,Free,Indie,BTS,68,16,13,22.9,FALSE,Party,FALSE,TRUE
3770,36,Brazil,Amazon Music,Family,K-Pop,Travis Scott,58,19,9,13.2,FALSE,Energetic,FALSE,TRUE
3771,35,France,Spotify,Family,Pop,Olivia Rodrigo,181,47,6,33.2,TRUE,Party,FALSE,FALSE
3772,35,UK,Apple Music,Free,R&B,The Weeknd,144,41,6,44.9,FALSE,Workout,TRUE,FALSE
3773,23,USA,Spotify,Student,R&B,Taylor Swift,94,24,7,56.3,FALSE,Happy,FALSE,FALSE
3774,32,UK,Spotify,Free,Pop,SZA,17,1,6,47.3,TRUE,Chill,FALSE,TRUE
3775,27,India,Tidal,Student,Indie,Dua Lipa,190,56,9,43.2,TRUE,Workout,TRUE,TRUE
3776,34,Germany,Apple Music,Free,Pop,BTS,21,5,9,23.2,FALSE,Party,FALSE,FALSE
3777,29,Japan,YouTube Music,Free,Pop,Kendrick Lamar,93,22,11,51.4,TRUE,Focus,TRUE,FALSE
3778,42,USA,YouTube Music,Premium,Pop,Kendrick Lamar,95,22,7,34.9,TRUE,Sad,TRUE,FALSE
3779,18,Australia,Spotify,Free,K-Pop,BTS,99,29,14,30.5,TRUE,Energetic,TRUE,FALSE
3780,24,Australia,YouTube Music,Free,Classical,Ariana Grande,204,55,10,19,FALSE,Sleep,TRUE,FALSE
3781,21,Japan,Spotify,Premium,K-Pop,Burna Boy,60,16,8,44,TRUE,Focus,TRUE,TRUE
3782,24,USA,Spotify,Free,R&B,Billie Eilish,273,76,11,48.1,FALSE,Chill,FALSE,FALSE
3783,38,Japan,YouTube Music,Free,R&B,BTS,260,67,8,42.6,TRUE,Happy,FALSE,FALSE
3784,18,Australia,Spotify,Free,R&B,Taylor Swift,192,60,13,9.8,TRUE,Sad,TRUE,FALSE
3785,32,Australia,Apple Music,Family,EDM,Kendrick Lamar,111,20,8,14.6,TRUE,Party,TRUE,TRUE
3786,28,Nigeria,Apple Music,Premium,R&B,Bad Bunny,150,32,12,10.7,TRUE,Sad,FALSE,TRUE
3787,13,Australia,Spotify,Free,Pop,Kendrick Lamar,237,72,7,29,FALSE,Sad,FALSE,TRUE
3788,25,Japan,Spotify,Free,R&B,Bad Bunny,265,69,6,34.1,TRUE,Sad,FALSE,FALSE
3789,18,Germany,Spotify,Student,R&B,Travis Scott,51,13,6,38.4,TRUE,Energetic,FALSE,TRUE
3790,13,India,Tidal,Free,Pop,BTS,62,22,11,32.1,FALSE,Happy,TRUE,TRUE
3791,31,UK,YouTube Music,Free,EDM,Burna Boy,129,43,7,24.2,FALSE,Party,FALSE,FALSE
3792,31,Germany,YouTube Music,Free,Rock,Billie Eilish,42,10,7,23.1,TRUE,Chill,FALSE,FALSE
3793,41,Nigeria,Apple Music,Student,R&B,Burna Boy,46,9,8,27.3,TRUE,Focus,FALSE,FALSE
3794,21,India,Spotify,Premium,Lo-fi,Kendrick Lamar,49,2,7,16.1,FALSE,Chill,TRUE,TRUE
3795,19,India,Tidal,Premium,Indie,Ariana Grande,48,1,10,29.8,TRUE,Party,FALSE,TRUE
3796,32,USA,Spotify,Family,Pop,Taylor Swift,152,46,8,29,FALSE,Chill,TRUE,TRUE
3797,29,USA,Spotify,Family,Hip-Hop,Ariana Grande,237,72,8,30.1,TRUE,Party,TRUE,FALSE
3798,32,Canada,Spotify,Free,Hip-Hop,The Weeknd,150,39,8,35.2,FALSE,Happy,TRUE,TRUE
3799,24,Canada,Spotify,Free,Rock,Olivia Rodrigo,173,44,6,30.5,FALSE,Party,TRUE,TRUE
3800,22,Australia,SoundCloud,Free,Classical,Billie Eilish,152,46,11,38.5,FALSE,Chill,FALSE,TRUE
3801,21,UK,YouTube Music,Premium,R&B,Bad Bunny,85,27,8,16.3,FALSE,Party,TRUE,FALSE
3802,29,UK,Apple Music,Free,R&B,Kendrick Lamar,158,48,6,30.2,FALSE,Sleep,TRUE,FALSE
3803,35,India,Apple Music,Free,Lo-fi,Kendrick Lamar,176,50,6,33.7,FALSE,Sad,TRUE,TRUE
3804,28,Brazil,Spotify,Family,Indie,The Weeknd,314,88,10,49.6,FALSE,Energetic,FALSE,FALSE
3805,30,UK,Spotify,Family,Lo-fi,Dua Lipa,86,30,4,41.1,FALSE,Party,FALSE,TRUE
3806,14,Japan,Apple Music,Family,R&B,Burna Boy,26,1,5,0,TRUE,Happy,FALSE,FALSE
3807,27,Japan,Spotify,Free,Hip-Hop,Ariana Grande,31,9,7,28.8,FALSE,Chill,TRUE,TRUE
3808,25,Nigeria,Apple Music,Free,R&B,Travis Scott,87,29,7,40.7,TRUE,Chill,TRUE,FALSE
3809,22,Nigeria,SoundCloud,Free,Classical,Bad Bunny,154,46,7,22.1,TRUE,Workout,FALSE,TRUE
3810,34,Brazil,YouTube Music,Family,Rock,Olivia Rodrigo,57,19,9,0.8,FALSE,Workout,FALSE,FALSE
3811,35,Japan,Apple Music,Free,Pop,BTS,204,58,13,21.4,TRUE,Focus,TRUE,TRUE
3812,29,Nigeria,Spotify,Free,Indie,The Weeknd,237,70,7,15,FALSE,Party,FALSE,FALSE
3813,39,France,Apple Music,Free,EDM,Bad Bunny,82,29,7,30.6,FALSE,Sleep,TRUE,FALSE
3814,34,Germany,Tidal,Premium,Rock,Bad Bunny,55,17,12,40.6,FALSE,Happy,TRUE,TRUE
3815,26,Australia,Apple Music,Premium,EDM,Tyler the Creator,70,21,13,19.5,TRUE,Sleep,FALSE,TRUE
3816,29,Japan,Spotify,Free,R&B,Taylor Swift,86,22,4,23.7,TRUE,Energetic,TRUE,TRUE
3817,13,UK,YouTube Music,Free,R&B,Taylor Swift,68,20,8,7.1,TRUE,Chill,FALSE,FALSE
3818,32,Canada,Apple Music,Premium,Hip-Hop,The Weeknd,110,32,7,36.9,TRUE,Sleep,TRUE,FALSE
3819,34,Japan,Spotify,Free,Pop,Bad Bunny,200,57,11,22.2,FALSE,Workout,TRUE,FALSE
3820,38,Brazil,Amazon Music,Free,Indie,Olivia Rodrigo,158,40,8,22.8,FALSE,Happy,FALSE,FALSE
3821,24,USA,YouTube Music,Premium,EDM,Taylor Swift,448,130,12,49,TRUE,Energetic,TRUE,FALSE
3822,31,France,Amazon Music,Premium,Pop,Travis Scott,243,68,16,43.3,FALSE,Workout,FALSE,FALSE
3823,30,Brazil,Spotify,Free,Afrobeats,Kendrick Lamar,159,56,10,14,TRUE,Workout,FALSE,FALSE
3824,20,Germany,Spotify,Free,Rock,Taylor Swift,123,32,9,21.6,TRUE,Chill,FALSE,FALSE
3825,30,Brazil,Amazon Music,Free,Pop,Bad Bunny,70,12,11,32.7,TRUE,Chill,TRUE,TRUE
3826,25,USA,Spotify,Premium,Rock,Olivia Rodrigo,56,15,10,28.9,TRUE,Energetic,FALSE,TRUE
3827,43,Australia,Spotify,Premium,EDM,Travis Scott,342,94,7,0,TRUE,Happy,FALSE,FALSE
3828,30,USA,Apple Music,Family,Classical,The Weeknd,284,80,5,18.6,FALSE,Sleep,FALSE,FALSE
3829,41,France,YouTube Music,Free,R&B,SZA,45,15,10,25.3,TRUE,Party,FALSE,TRUE
3830,23,Nigeria,Amazon Music,Family,Afrobeats,Dua Lipa,42,8,15,34.3,FALSE,Workout,TRUE,FALSE
3831,21,Australia,Spotify,Free,Afrobeats,Olivia Rodrigo,243,69,12,13.1,FALSE,Happy,FALSE,FALSE
3832,39,France,Spotify,Premium,Hip-Hop,Burna Boy,313,90,13,33.1,TRUE,Chill,FALSE,TRUE
3833,37,UK,Apple Music,Premium,Classical,Ariana Grande,79,15,7,50,TRUE,Sad,TRUE,TRUE
3834,28,Canada,Apple Music,Free,Afrobeats,Drake,287,85,7,39,TRUE,Energetic,FALSE,TRUE
3835,31,Australia,Apple Music,Free,Rock,Drake,62,12,10,0,TRUE,Energetic,TRUE,TRUE
3836,35,Brazil,Apple Music,Family,Indie,Kendrick Lamar,252,80,9,26.6,FALSE,Chill,FALSE,FALSE
3837,36,France,Apple Music,Family,Pop,Travis Scott,308,75,15,47.2,TRUE,Sleep,TRUE,TRUE
3838,36,Brazil,Spotify,Premium,R&B,The Weeknd,94,28,14,42.6,FALSE,Party,FALSE,FALSE
3839,18,Germany,Apple Music,Premium,Afrobeats,Olivia Rodrigo,121,41,11,35.6,TRUE,Party,TRUE,TRUE
3840,28,France,Spotify,Free,R&B,Bad Bunny,95,25,9,25.3,FALSE,Workout,FALSE,FALSE
3841,26,France,YouTube Music,Free,R&B,BTS,90,24,8,31,TRUE,Sleep,FALSE,FALSE
3842,22,UK,Apple Music,Premium,Country,Taylor Swift,354,107,11,35.8,FALSE,Energetic,FALSE,FALSE
3843,46,USA,Spotify,Student,Indie,Taylor Swift,79,25,8,26.5,TRUE,Sleep,FALSE,FALSE
3844,22,UK,Apple Music,Free,Afrobeats,Bad Bunny,123,40,7,33.3,FALSE,Sleep,TRUE,TRUE
3845,43,Australia,Spotify,Family,Lo-fi,Burna Boy,101,30,6,9.7,FALSE,Sad,FALSE,FALSE
3846,36,Japan,Spotify,Family,Afrobeats,The Weeknd,81,21,8,24.2,FALSE,Focus,FALSE,TRUE
3847,36,USA,Spotify,Family,Lo-fi,The Weeknd,122,36,7,18.1,TRUE,Chill,FALSE,TRUE
3848,21,Australia,SoundCloud,Student,Pop,Billie Eilish,105,26,9,27.9,FALSE,Sleep,TRUE,TRUE
3849,26,Australia,SoundCloud,Premium,Afrobeats,Bad Bunny,65,20,7,25.5,FALSE,Party,TRUE,FALSE
3850,33,UK,Spotify,Premium,Hip-Hop,Travis Scott,231,69,10,24.5,TRUE,Energetic,FALSE,TRUE
3851,28,France,Apple Music,Free,Pop,Bad Bunny,32,3,11,38.6,TRUE,Party,TRUE,TRUE
3852,23,France,Spotify,Free,Lo-fi,The Weeknd,56,22,15,12.1,FALSE,Sad,FALSE,FALSE
3853,24,Germany,Apple Music,Student,Rock,Drake,377,97,10,33.1,TRUE,Workout,FALSE,TRUE
3854,31,Japan,Spotify,Free,Rock,Bad Bunny,212,57,3,39.7,TRUE,Happy,FALSE,FALSE
3855,13,Germany,Tidal,Premium,K-Pop,Tyler the Creator,244,75,6,34.9,TRUE,Sad,TRUE,FALSE
3856,29,Germany,YouTube Music,Premium,Pop,Drake,156,43,8,34.4,FALSE,Sad,FALSE,FALSE
3857,28,Brazil,Spotify,Family,Rock,Drake,234,64,11,45,TRUE,Workout,FALSE,TRUE
3858,30,Japan,Apple Music,Family,EDM,Olivia Rodrigo,141,34,16,53.9,TRUE,Sad,FALSE,FALSE
3859,15,France,Spotify,Premium,Lo-fi,Kendrick Lamar,234,66,3,19.1,TRUE,Sad,TRUE,FALSE
3860,34,Nigeria,Spotify,Premium,Country,Ariana Grande,310,77,9,41.3,TRUE,Sad,TRUE,TRUE
3861,20,Brazil,Apple Music,Premium,Pop,BTS,50,10,9,26.1,TRUE,Workout,TRUE,FALSE
3862,24,France,YouTube Music,Free,Hip-Hop,Burna Boy,196,53,8,33.8,FALSE,Energetic,TRUE,FALSE
3863,37,USA,YouTube Music,Family,Hip-Hop,Dua Lipa,16,8,11,34.8,TRUE,Focus,FALSE,FALSE
3864,17,Japan,YouTube Music,Free,Country,SZA,73,24,9,29.3,TRUE,Energetic,FALSE,FALSE
3865,29,Nigeria,Apple Music,Student,Afrobeats,Kendrick Lamar,152,41,7,18.8,FALSE,Party,FALSE,FALSE
3866,24,USA,Spotify,Free,Rock,Kendrick Lamar,76,27,10,28.2,FALSE,Energetic,TRUE,FALSE
3867,37,Nigeria,Spotify,Premium,Hip-Hop,Dua Lipa,171,53,13,34.4,TRUE,Happy,FALSE,FALSE
3868,35,Nigeria,Spotify,Premium,Pop,Taylor Swift,98,29,12,30.9,TRUE,Focus,FALSE,TRUE
3869,38,Nigeria,YouTube Music,Free,Indie,Taylor Swift,21,11,11,34.1,FALSE,Chill,FALSE,FALSE
3870,27,UK,Apple Music,Free,Indie,Billie Eilish,166,39,10,44,FALSE,Chill,TRUE,TRUE
3871,26,Germany,Spotify,Family,Country,Kendrick Lamar,90,25,7,33.3,FALSE,Focus,TRUE,TRUE
3872,27,USA,Tidal,Free,Hip-Hop,SZA,133,46,3,26.8,TRUE,Sad,FALSE,TRUE
3873,29,Nigeria,Amazon Music,Premium,K-Pop,SZA,56,13,6,29.3,TRUE,Chill,FALSE,TRUE
3874,16,Australia,Spotify,Premium,Hip-Hop,Taylor Swift,160,46,8,15.7,TRUE,Focus,TRUE,FALSE
3875,40,Australia,Spotify,Premium,Afrobeats,Tyler the Creator,96,23,8,11.4,FALSE,Focus,FALSE,TRUE
3876,18,Brazil,Spotify,Student,Rock,Olivia Rodrigo,196,55,7,36.5,TRUE,Sleep,FALSE,TRUE
3877,34,Japan,Spotify,Student,Hip-Hop,Billie Eilish,146,39,14,22.5,FALSE,Energetic,TRUE,TRUE
3878,25,USA,Spotify,Family,Rock,Travis Scott,45,14,11,52.4,FALSE,Sleep,FALSE,TRUE
3879,32,Japan,Amazon Music,Free,Rock,Ariana Grande,55,19,8,22.1,FALSE,Sleep,FALSE,FALSE
3880,30,India,Apple Music,Premium,Indie,Burna Boy,311,97,7,27.8,FALSE,Chill,FALSE,TRUE
3881,33,Australia,Spotify,Free,Indie,SZA,96,26,12,39.4,TRUE,Chill,TRUE,FALSE
3882,31,UK,Spotify,Premium,Country,Burna Boy,40,11,10,24.9,TRUE,Focus,FALSE,FALSE
3883,33,Germany,YouTube Music,Free,Pop,BTS,396,115,6,18.9,FALSE,Sad,FALSE,FALSE
3884,42,Germany,YouTube Music,Free,K-Pop,Travis Scott,112,25,13,25.6,TRUE,Sleep,TRUE,FALSE
3885,26,Brazil,Spotify,Family,Rock,Ariana Grande,174,54,13,42.3,TRUE,Focus,FALSE,FALSE
3886,46,Nigeria,Apple Music,Premium,K-Pop,Kendrick Lamar,173,52,9,33.8,TRUE,Workout,TRUE,FALSE
3887,31,UK,Spotify,Premium,Rock,Olivia Rodrigo,154,41,7,14.9,TRUE,Focus,FALSE,FALSE
3888,31,India,Apple Music,Family,Pop,Bad Bunny,138,42,9,11.1,TRUE,Happy,FALSE,TRUE
3889,30,Brazil,YouTube Music,Family,Hip-Hop,Olivia Rodrigo,132,32,8,47.8,FALSE,Happy,TRUE,TRUE
3890,26,India,Apple Music,Free,Classical,Kendrick Lamar,70,20,9,42.8,FALSE,Sad,FALSE,FALSE
3891,13,India,Spotify,Free,Pop,The Weeknd,165,42,7,22.6,TRUE,Focus,FALSE,TRUE
3892,43,Canada,Spotify,Family,EDM,Drake,240,64,6,9.8,FALSE,Focus,TRUE,TRUE
3893,29,France,Spotify,Free,Jazz,Tyler the Creator,317,89,8,16.2,FALSE,Chill,FALSE,TRUE
3894,13,UK,Spotify,Free,Indie,Ariana Grande,66,18,9,46.5,TRUE,Happy,TRUE,FALSE
3895,15,Nigeria,Apple Music,Free,Pop,Burna Boy,180,50,11,29.5,TRUE,Sad,TRUE,TRUE
3896,39,Canada,Spotify,Premium,Indie,Bad Bunny,141,32,4,24.5,TRUE,Sleep,FALSE,TRUE
3897,34,India,Apple Music,Premium,Lo-fi,Burna Boy,96,22,4,25.9,TRUE,Happy,TRUE,TRUE
3898,27,India,Spotify,Student,Indie,Bad Bunny,72,20,9,40,FALSE,Workout,TRUE,TRUE
3899,34,Canada,Apple Music,Premium,Hip-Hop,Bad Bunny,155,48,12,28.5,TRUE,Chill,FALSE,FALSE
3900,27,Australia,YouTube Music,Free,Hip-Hop,The Weeknd,37,12,9,0,FALSE,Focus,TRUE,FALSE
3901,31,USA,YouTube Music,Free,Pop,Drake,97,28,6,26.5,FALSE,Chill,FALSE,FALSE
3902,26,Japan,Spotify,Student,Lo-fi,BTS,82,18,10,35.5,FALSE,Sleep,FALSE,FALSE
3903,23,USA,Apple Music,Student,Classical,Billie Eilish,97,27,9,32.1,FALSE,Sleep,TRUE,FALSE
3904,39,Nigeria,SoundCloud,Premium,EDM,Kendrick Lamar,153,35,10,28.7,FALSE,Sad,TRUE,TRUE
3905,27,UK,Spotify,Premium,Rock,The Weeknd,140,45,8,21.1,FALSE,Chill,FALSE,FALSE
3906,13,Japan,Spotify,Premium,Indie,Dua Lipa,141,43,9,41.6,TRUE,Chill,TRUE,FALSE
3907,30,UK,Spotify,Premium,Hip-Hop,Kendrick Lamar,104,33,11,35.7,TRUE,Chill,FALSE,TRUE
3908,29,Nigeria,Amazon Music,Free,Hip-Hop,Burna Boy,62,21,11,24.7,TRUE,Focus,TRUE,FALSE
3909,32,Canada,SoundCloud,Free,Hip-Hop,Kendrick Lamar,75,24,7,24.7,TRUE,Focus,FALSE,FALSE
3910,17,France,YouTube Music,Premium,Pop,Olivia Rodrigo,75,16,7,14.4,TRUE,Sleep,TRUE,FALSE
3911,36,Brazil,Apple Music,Family,Pop,Tyler the Creator,282,71,10,17.8,TRUE,Party,TRUE,TRUE
3912,33,UK,SoundCloud,Premium,Country,Drake,107,27,9,41.2,FALSE,Energetic,FALSE,FALSE
3913,43,India,YouTube Music,Premium,Hip-Hop,Ariana Grande,151,46,10,25.5,TRUE,Workout,TRUE,FALSE
3914,24,Germany,YouTube Music,Free,Pop,SZA,73,26,8,55,FALSE,Sad,TRUE,TRUE
3915,27,India,Apple Music,Free,Lo-fi,BTS,80,27,12,32.6,TRUE,Sad,TRUE,TRUE
3916,21,Japan,Apple Music,Student,Lo-fi,Taylor Swift,15,1,9,24.2,FALSE,Sleep,FALSE,TRUE
3917,33,UK,Spotify,Premium,Hip-Hop,Taylor Swift,186,57,14,18.3,FALSE,Party,TRUE,FALSE
3918,28,Brazil,Apple Music,Free,Rock,Taylor Swift,66,20,7,39.6,TRUE,Focus,TRUE,FALSE
3919,30,Australia,Spotify,Family,Classical,Tyler the Creator,94,32,8,42.6,FALSE,Energetic,TRUE,TRUE
3920,29,Japan,Tidal,Family,Pop,Billie Eilish,136,50,11,15.8,FALSE,Focus,TRUE,TRUE
3921,15,Nigeria,Apple Music,Free,Rock,BTS,98,26,13,41.3,FALSE,Party,TRUE,FALSE
3922,30,Brazil,Spotify,Premium,EDM,BTS,165,46,10,27.3,TRUE,Workout,TRUE,TRUE
3923,15,UK,YouTube Music,Free,Indie,Bad Bunny,348,96,9,21.7,FALSE,Chill,FALSE,FALSE
3924,29,USA,Apple Music,Premium,R&B,Burna Boy,81,31,13,33.9,FALSE,Energetic,TRUE,FALSE
3925,30,Germany,Apple Music,Premium,Afrobeats,Drake,102,28,11,35,TRUE,Sleep,FALSE,FALSE
3926,32,UK,Apple Music,Free,Pop,Kendrick Lamar,180,47,12,30.9,FALSE,Happy,FALSE,FALSE
3927,37,Japan,Apple Music,Premium,Hip-Hop,Travis Scott,120,47,5,11.2,TRUE,Workout,TRUE,TRUE
3928,24,India,Apple Music,Premium,EDM,Bad Bunny,114,33,7,42.9,TRUE,Happy,FALSE,TRUE
3929,28,Canada,YouTube Music,Free,Country,Tyler the Creator,69,22,4,24.3,FALSE,Workout,TRUE,TRUE
3930,48,Nigeria,Spotify,Family,Hip-Hop,Travis Scott,116,29,7,31.1,TRUE,Party,FALSE,TRUE
3931,28,France,Apple Music,Free,Jazz,Kendrick Lamar,67,24,4,32.4,FALSE,Chill,TRUE,FALSE
3932,30,Australia,Apple Music,Family,Hip-Hop,Ariana Grande,136,38,4,32.9,TRUE,Happy,FALSE,FALSE
3933,15,UK,Apple Music,Free,Pop,Taylor Swift,347,94,7,16.6,TRUE,Happy,TRUE,FALSE
3934,19,UK,Spotify,Premium,Jazz,Burna Boy,119,41,6,26.7,FALSE,Energetic,FALSE,TRUE
3935,30,Nigeria,YouTube Music,Family,R&B,Taylor Swift,44,17,11,18.1,TRUE,Focus,TRUE,FALSE
3936,13,India,Spotify,Free,Jazz,Bad Bunny,226,61,8,33.5,TRUE,Energetic,TRUE,TRUE
3937,25,France,YouTube Music,Premium,Classical,The Weeknd,100,18,16,27,TRUE,Energetic,TRUE,FALSE
3938,44,Australia,Apple Music,Family,Pop,Kendrick Lamar,44,19,7,5.7,TRUE,Focus,TRUE,TRUE
3939,25,Australia,Spotify,Free,Rock,Ariana Grande,300,81,11,27.4,TRUE,Sleep,FALSE,TRUE
3940,25,Japan,Spotify,Premium,Rock,Taylor Swift,108,28,9,42.9,TRUE,Chill,FALSE,FALSE
3941,35,UK,Spotify,Free,Rock,Bad Bunny,111,39,10,26.9,TRUE,Sleep,FALSE,TRUE
3942,23,Canada,Amazon Music,Free,Indie,Taylor Swift,161,42,12,17.9,FALSE,Sad,TRUE,TRUE
3943,36,Canada,Apple Music,Free,Lo-fi,Kendrick Lamar,174,56,15,47.6,TRUE,Focus,TRUE,FALSE
3944,57,India,YouTube Music,Premium,Pop,Taylor Swift,84,24,4,30.3,TRUE,Happy,TRUE,FALSE
3945,21,USA,YouTube Music,Family,Rock,BTS,88,22,7,22.5,TRUE,Chill,TRUE,TRUE
3946,23,Nigeria,Spotify,Free,Indie,Tyler the Creator,44,7,6,22.8,FALSE,Sad,FALSE,FALSE
3947,30,India,YouTube Music,Free,R&B,SZA,198,61,7,14.9,FALSE,Chill,FALSE,FALSE
3948,31,Canada,Spotify,Free,Country,SZA,140,44,13,43.4,TRUE,Focus,TRUE,TRUE
3949,18,Japan,SoundCloud,Family,Pop,Billie Eilish,234,55,8,24.5,TRUE,Chill,FALSE,TRUE
3950,31,Australia,Apple Music,Family,R&B,Taylor Swift,185,68,14,32.6,TRUE,Focus,FALSE,TRUE
3951,39,Brazil,Spotify,Free,Afrobeats,Billie Eilish,244,75,10,42.5,FALSE,Chill,FALSE,FALSE
3952,25,UK,Spotify,Student,Pop,Olivia Rodrigo,52,21,9,55.7,FALSE,Sad,TRUE,TRUE
3953,44,Japan,YouTube Music,Free,Afrobeats,Travis Scott,353,101,10,54.4,FALSE,Sleep,FALSE,FALSE
3954,44,Japan,Spotify,Student,Afrobeats,Tyler the Creator,98,21,7,34.9,FALSE,Sad,FALSE,FALSE
3955,25,Nigeria,Spotify,Family,Rock,Ariana Grande,249,70,13,12.5,TRUE,Sad,TRUE,TRUE
3956,21,Japan,Spotify,Free,EDM,Burna Boy,50,19,4,15.6,FALSE,Sleep,FALSE,TRUE
3957,33,Australia,Spotify,Student,Jazz,Bad Bunny,126,32,14,6.7,TRUE,Focus,FALSE,FALSE
3958,26,Japan,SoundCloud,Free,Rock,BTS,124,33,9,26,FALSE,Energetic,TRUE,FALSE
3959,38,France,Apple Music,Premium,EDM,BTS,73,17,6,18.4,TRUE,Party,FALSE,TRUE
3960,28,Brazil,Spotify,Student,Pop,BTS,158,46,11,24.2,FALSE,Happy,TRUE,TRUE
3961,28,Australia,Apple Music,Premium,Country,Billie Eilish,230,68,1,23.4,FALSE,Sleep,TRUE,FALSE
3962,35,Japan,Spotify,Premium,Jazz,Burna Boy,116,37,7,34.8,TRUE,Happy,TRUE,FALSE
3963,23,USA,YouTube Music,Premium,R&B,The Weeknd,142,38,9,32.6,FALSE,Focus,TRUE,FALSE
3964,25,Canada,Amazon Music,Free,Pop,Burna Boy,160,40,11,17.5,FALSE,Sad,FALSE,FALSE
3965,26,UK,Apple Music,Premium,Hip-Hop,The Weeknd,146,36,8,36,FALSE,Happy,FALSE,TRUE
3966,23,Australia,Spotify,Free,Indie,Kendrick Lamar,84,28,6,49,TRUE,Happy,FALSE,TRUE
3967,24,UK,Spotify,Premium,EDM,SZA,137,39,10,16.4,FALSE,Sad,FALSE,FALSE
3968,37,France,Apple Music,Premium,Pop,Tyler the Creator,40,17,10,21.8,TRUE,Happy,TRUE,FALSE
3969,29,UK,Spotify,Free,Country,Drake,209,62,9,34.3,FALSE,Workout,FALSE,TRUE
3970,41,UK,Spotify,Free,Pop,Travis Scott,99,32,3,16.5,TRUE,Happy,FALSE,FALSE
3971,19,France,YouTube Music,Free,R&B,Travis Scott,92,24,6,30,TRUE,Sleep,TRUE,TRUE
3972,13,Brazil,YouTube Music,Premium,Pop,Bad Bunny,200,60,8,49.5,FALSE,Energetic,TRUE,FALSE
3973,21,India,Apple Music,Free,Hip-Hop,Billie Eilish,110,33,8,25.3,FALSE,Workout,FALSE,TRUE
3974,25,India,Apple Music,Free,Hip-Hop,Bad Bunny,112,34,10,21.4,TRUE,Party,TRUE,TRUE
3975,28,Nigeria,Spotify,Free,R&B,BTS,42,3,11,37,TRUE,Energetic,TRUE,TRUE
3976,20,USA,Amazon Music,Free,Afrobeats,Travis Scott,42,18,3,10.4,TRUE,Party,FALSE,TRUE
3977,26,Canada,Apple Music,Premium,EDM,Drake,235,62,10,32.9,TRUE,Party,FALSE,FALSE
3978,37,Nigeria,Apple Music,Premium,EDM,Bad Bunny,34,3,11,29.5,FALSE,Workout,TRUE,FALSE
3979,32,USA,Amazon Music,Premium,K-Pop,Bad Bunny,74,18,11,42.7,TRUE,Workout,FALSE,TRUE
3980,31,USA,Spotify,Free,Hip-Hop,Bad Bunny,66,19,5,0,FALSE,Energetic,FALSE,FALSE
3981,13,Canada,Apple Music,Family,Pop,Taylor Swift,27,12,7,34.5,TRUE,Energetic,TRUE,TRUE
3982,23,France,Apple Music,Free,Lo-fi,Ariana Grande,131,32,7,60.3,TRUE,Energetic,TRUE,TRUE
3983,44,Germany,Tidal,Premium,K-Pop,Tyler the Creator,106,36,8,33.1,FALSE,Chill,FALSE,FALSE
3984,31,India,Tidal,Free,EDM,Ariana Grande,28,8,9,39.6,TRUE,Party,TRUE,FALSE
3985,20,France,YouTube Music,Free,Hip-Hop,Bad Bunny,135,42,5,19.1,FALSE,Chill,FALSE,FALSE
3986,22,France,Spotify,Family,Lo-fi,Olivia Rodrigo,55,15,7,28.4,TRUE,Focus,FALSE,TRUE
3987,34,Nigeria,Spotify,Family,Pop,Burna Boy,114,30,12,14.9,FALSE,Chill,FALSE,TRUE
3988,22,Brazil,Spotify,Premium,Classical,The Weeknd,178,48,9,27.1,FALSE,Sad,FALSE,FALSE
3989,38,Canada,Spotify,Premium,EDM,SZA,121,26,8,25.3,TRUE,Focus,FALSE,TRUE
3990,21,India,Spotify,Free,Afrobeats,Dua Lipa,161,39,11,10.6,FALSE,Chill,TRUE,TRUE
3991,27,Canada,Spotify,Free,R&B,Travis Scott,165,53,9,24.7,TRUE,Happy,FALSE,FALSE
3992,40,Canada,Apple Music,Family,Pop,Olivia Rodrigo,76,18,7,41.6,FALSE,Focus,FALSE,FALSE
3993,35,USA,Spotify,Free,Hip-Hop,The Weeknd,55,19,13,57.3,FALSE,Chill,TRUE,TRUE
3994,37,USA,Spotify,Free,Hip-Hop,Travis Scott,57,20,3,31.9,TRUE,Energetic,TRUE,FALSE
3995,30,Nigeria,Apple Music,Family,Rock,Travis Scott,303,90,10,13.5,TRUE,Sad,TRUE,TRUE
3996,26,France,Spotify,Family,Pop,SZA,197,55,6,15.3,FALSE,Workout,TRUE,FALSE
3997,35,Germany,YouTube Music,Free,Rock,Ariana Grande,320,77,13,9.2,TRUE,Sad,FALSE,TRUE
3998,43,India,Apple Music,Free,Hip-Hop,Dua Lipa,99,38,5,14,FALSE,Happy,TRUE,TRUE
3999,26,India,Apple Music,Student,Indie,SZA,76,31,7,36.1,FALSE,Happy,FALSE,FALSE
4000,24,UK,Spotify,Premium,Hip-Hop,Dua Lipa,161,49,9,37.8,TRUE,Workout,FALSE,FALSE
